Symbol,Name,Sector,Industry,Unnamed: 4,Unnamed: 5,Unnamed: 6,Unnamed: 7,Unnamed: 8,Unnamed: 9,$,Delisted
AA,Alcoa Corporation ,Basic Industries,Metal Fabrications,,,,,,,,False
AAC,Ares Acquisition Corporation Class A Ordinary Shares,Finance,Business Services,,,,,,,,False
AACG,ATA Creativity Global American Depositary Shares,Miscellaneous,Service to the Health Industry,,,,,,,,False
AACI,Armada Acquisition Corp I, Acquisition, Acquisition,,,,,,,,False
AACIU,Armada Acquisition Corp I Unit, Acquisition, Acquisition,,,,,,,,False
AADI,Aadi Bioscience,Health Care,Biotechnology: Pharmaceutical Preparations,,,,,,,,False
AAIC,Arlington Asset Investment Corp Class A (new),Consumer Services,Real Estate Investment Trusts,,,,,,,,False
AAIN,Arlington Asset Investment Corp 6000% Senior Notes Due 2026, Acquisition, Acquisition,,,,,,,,False
AAL,American Airlines Group,Transportation,Air Freight/Delivery Services,,,,,,,,False
AAME,Atlantic American Corporation,Finance,Life Insurance,,,,,,,,False
AAN,Aarons Holdings Company ,Miscellaneous,Diversified Commercial Services,,,,,,,,False
AAOI,Applied Optoelectronics,Technology,Semiconductors,,,,,,,,False
AAON,AAON,Capital Goods,Industrial Machinery/Components,,,,,,,,False
AAP,Advance Auto Parts,Consumer Services,Other Specialty Stores,,,,,,,,False
AAPL,Apple,Technology,Computer Manufacturing,,,,,,,,False
AAQC,Accelerate Acquisition Corp Class A, Acquisition, Acquisition,,,,,,,,False
AAT,American Assets Trust,Consumer Services,Real Estate Investment Trusts,,,,,,,,False
AATC,Autoscope Technologies Corporation,Capital Goods,Industrial Machinery/Components,,,,,,,,False
AAU,Almaden Minerals Ltd Common Shares, Acquisition, Acquisition,,,,,,,,False
AAWW,Atlas Air Worldwide Holdings NEW,Transportation,Transportation Services,,,,,,,,False
AB,AllianceBernstein Holding LP  Units,Finance,Investment Managers,,,,,,,,False
ABB,ABB Ltd,Consumer Durables,Electrical Products,,,,,,,,False
ABBV,AbbVie,Health Care,Other Pharmaceuticals,,,,,,,,False
ABC,AmerisourceBergen Corporation,Health Care,Other Pharmaceuticals,,,,,,,,False
ABCB,Ameris Bancorp,Finance,Major Banks,,,,,,,,False
ABCL,AbCellera Biologics Common Shares, Acquisition, Acquisition,,,,,,,,False
ABCM,Abcam plc American Depositary Shares,Health Care,Biotechnology: Biological Products (No Diagnostic Substances),,,,,,,,False
ABEO,Abeona Therapeutics,Health Care,Biotechnology: Pharmaceutical Preparations,,,,,,,,False
ABEV,Ambev SA American Depositary Shares (Each representing 1 Common Share),Consumer Non-Durables,Beverages (Production/Distribution),,,,,,,,False
ABG,Asbury Automotive Group,Consumer Services,Other Specialty Stores,,,,,,,,False
ABGI,ABG Acquisition Corp I Class A Ordinary Shares,Finance,Business Services,,,,,,,,False
ABIO,ARCA biopharma,Health Care,Biotechnology: In Vitro & In Vivo Diagnostic Substances,,,,,,,,False
ABM,ABM Industriesorporated,Technology,Diversified Commercial Services,,,,,,,,False
ABMD,ABIOMED,Health Care,Medical/Dental Instruments,,,,,,,,False
ABNB,Airbnb Class A,Transportation,Other Consumer Services,,,,,,,,False
ABOS,Acumen Pharmaceuticals,Health Care,Biotechnology: Pharmaceutical Preparations,,,,,,,,False
ABR,Arbor Realty Trust,Consumer Services,Real Estate Investment Trusts,,,,,,,,False
ABSI,Absci Corporation,Health Care,Biotechnology: Pharmaceutical Preparations,,,,,,,,False
ABST,Absolute Software Corporation, Acquisition, Acquisition,,,,,,,,False
ABT,Abbott Laboratories,Health Care,Medical/Dental Instruments,,,,,,,,False
ABTX,Allegiance Bancshares,Finance,Major Banks,,,,,,,,False
ABUS,Arbutus Biopharma Corporation, Acquisition, Acquisition,,,,,,,,False
ABVC,ABVC BioPharma,Health Care,Biotechnology: Pharmaceutical Preparations,,,,,,,,False
AC,Associated Capital Group,Finance,Investment Bankers/Brokers/Service,,,,,,,,False
ACA,Arcosa ,Capital Goods,Engineering & Construction,,,,,,,,False
ACABU,Atlantic Coastal Acquisition Corp II Unit, Acquisition, Acquisition,,,,,,,,False
ACAD,ACADIA Pharmaceuticals,Health Care,Biotechnology: Pharmaceutical Preparations,,,,,,,,False
ACAH,Atlantic Coastal Acquisition Corp Class A, Acquisition, Acquisition,,,,,,,,False
ACAHU,Atlantic Coastal Acquisition Corp Unit, Acquisition, Acquisition,,,,,,,,False
ACAQ,Athena Consumer Acquisition Corp Class A, Acquisition, Acquisition,,,,,,,,False
ACB,Aurora Cannabis Common Shares, Acquisition, Acquisition,,,,,,,,False
ACBA,Ace Global Business Acquisition Limited Ordinary Shares,Finance,Business Services,,,,,,,,False
ACC,American Campus Communities,Consumer Services,Real Estate Investment Trusts,,,,,,,,False
ACCD,Accolade, Acquisition, Acquisition,,,,,,,,False
ACCO,Acco Brands Corporation,Consumer Services,Advertising,,,,,,,,False
ACDI,Ascendant Digital Acquisition Corp III Class A Ordinary Shares, Acquisition, Acquisition,,,,,,,,False
ACEL,Accel Entertainment ,Consumer Services,Recreational Products/Toys,,,,,,,,False
ACER,Acer Therapeutics (DE),Health Care,Biotechnology: Biological Products (No Diagnostic Substances),,,,,,,,False
ACET,Adicet Bio ,Health Care,Biotechnology: Pharmaceutical Preparations,,,,,,,,False
ACEV,ACE Convergence Acquisition Corp Class A Ordinary Shares,Technology,Semiconductors,,,,,,,,False
ACEVU,ACE Convergence Acquisition Corp Unit,Technology,Semiconductors,,,,,,,,False
ACGL,Arch Capital Group Ltd,Finance,Property-Casualty Insurers,,,,,,,,False
ACGLN,Arch Capital Group Ltd Depositary Shares each Representing a 1/1000th Interest in a 4550% Non-Cumulative Preferred Share Series G,Finance,Property-Casualty Insurers,,,,,,,,False
ACGLO,Arch Capital Group Ltd Depositary Shares Each Representing 1/1000th Interest in a Share of 545% Non-Cumulative Preferred Shares Series F,Finance,Property-Casualty Insurers,,,,,,,,False
ACH,Aluminum Corporation of China Limited American Depositary Shares,Basic Industries,Aluminum,,,,,,,,False
ACHC,Acadia Healthcare Company,Health Care,Hospital/Nursing Management,,,,,,,,False
ACHL,Achilles Therapeutics plc American Depositary Shares,Health Care,Biotechnology: Biological Products (No Diagnostic Substances),,,,,,,,False
ACHR,Archer Aviation Class A,Capital Goods,Aerospace,,,,,,,,False
ACHV,Achieve Life Sciences Common Shares,Health Care,Biotechnology: In Vitro & In Vivo Diagnostic Substances,,,,,,,,False
ACI,Albertsons Companies Class A,Consumer Services,Food Chains,,,,,,,,False
ACII,Atlas Crest Investment Corp II Class A, Acquisition, Acquisition,,,,,,,,False
ACIU,AC Immune SA,Health Care,Biotechnology: Pharmaceutical Preparations,,,,,,,,False
ACIW,ACI Worldwide,Technology,EDP Services,,,,,,,,False
ACKIT,Ackrell SPAC Partners I Co Subunits, Acquisition, Acquisition,,,,,,,,False
ACKIU,Ackrell SPAC Partners I Co Units, Acquisition, Acquisition,,,,,,,,False
ACLS,Axcelis Technologies,Technology,Industrial Machinery/Components,,,,,,,,False
ACM,AECOM,Consumer Services,Military/Government/Technical,,,,,,,,False
ACMR,ACM Research Class A,Technology,Industrial Machinery/Components,,,,,,,,False
ACN,Accenture plc Class A Ordinary Shares (Ireland),Miscellaneous,Business Services,,,,,,,,False
ACNB,ACNB Corporation,Finance,Major Banks,,,,,,,,False
ACOR,Acorda Therapeutics,Health Care,Biotechnology: Biological Products (No Diagnostic Substances),,,,,,,,False
ACP,Aberdeenome Credit Strategies Fund Common Shares,Finance,Investment Managers,,,,,,,,False
ACQR,Independence Holdings Corp Class A Ordinary Share,Finance,Business Services,,,,,,,,False
ACQRU,Independence Holdings Corp Units,Finance,Business Services,,,,,,,,False
ACR,ACRES Commercial Realty Corp,Consumer Services,Real Estate Investment Trusts,,,,,,,,False
ACRE,Ares Commercial Real Estate Corporation,Consumer Services,Real Estate Investment Trusts,,,,,,,,False
ACRO,Acropolis Infrastructure Acquisition Corp Class A, Acquisition, Acquisition,,,,,,,,False
ACRS,Aclaris Therapeutics,Health Care,Biotechnology: Pharmaceutical Preparations,,,,,,,,False
ACRX,AcelRx Pharmaceuticals,Consumer Durables,Specialty Chemicals,,,,,,,,False
ACST,Acasti Pharma Class A, Acquisition, Acquisition,,,,,,,,False
ACT,Enact Holdings,Finance,Specialty Insurers,,,,,,,,False
ACTD,ArcLight Clean Transition Corp II Class A Ordinary Share, Acquisition, Acquisition,,,,,,,,False
ACTDU,ArcLight Clean Transition Corp II Unit, Acquisition, Acquisition,,,,,,,,False
ACTG,Acacia Research Corporation (Acacia Tech),Miscellaneous,Multi-Sector Companies,,,,,,,,False
ACU,Acme United Corporation,Consumer Durables,Home Furnishings,,,,,,,,False
ACV,Virtus AllianzGI Diversifiedome & Convertible Fund Common Shares of Beneficial Interest,Finance,Finance/Investors Services,,,,,,,,False
ACVA,ACV Auctions Class A,Technology,EDP Services,,,,,,,,False
ACXP,Acurx Pharmaceuticals,Health Care,Biotechnology: Pharmaceutical Preparations,,,,,,,,False
ACY,AeroCentury Corp,Technology,Diversified Commercial Services,,,,,,,,False
ADAG,Adagene American Depositary Shares,Health Care,Biotechnology: Pharmaceutical Preparations,,,,,,,,False
ADAL,Anthemis Digital Acquisitions I Corp Class A Ordinary Shares, Acquisition, Acquisition,,,,,,,,False
ADALU,Anthemis Digital Acquisitions I Corp Unit, Acquisition, Acquisition,,,,,,,,False
ADALW,Anthemis Digital Acquisitions I Corp Warrant, Acquisition, Acquisition,,,,,,,,False
ADAP,Adaptimmune Therapeutics plc American Depositary Shares,Health Care,Biotechnology: Biological Products (No Diagnostic Substances),,,,,,,,False
ADBE,Adobe,Technology,Computer Software: Prepackaged Software,,,,,,,,False
ADC,Agree Realty Corporation,Consumer Services,Real Estate Investment Trusts,,,,,,,,False
ADCT,ADC Therapeutics SA Common Shares,Health Care,Biotechnology: Pharmaceutical Preparations,,,,,,,,False
ADER,26 Capital Acquisition Corp Class A, Acquisition, Acquisition,,,,,,,,False
ADERU,26 Capital Acquisition Corp Unit, Acquisition, Acquisition,,,,,,,,False
ADES,Advanced Emissions Solutions,Basic Industries,Industrial Specialties,,,,,,,,False
ADEX,Adit EdTech Acquisition Corp, Acquisition, Acquisition,,,,,,,,False
ADGI,Adagio Therapeutics,Health Care,Biotechnology: Pharmaceutical Preparations,,,,,,,,False
ADI,Analog Devices,Technology,Semiconductors,,,,,,,,False
ADIL,Adial Pharmaceuticals,Health Care,Biotechnology: Pharmaceutical Preparations,,,,,,,,False
ADM,Archer-Daniels-Midland Company, Acquisition, Acquisition,,,,,,,,False
ADMA,ADMA Biologics,Health Care,Biotechnology: Pharmaceutical Preparations,,,,,,,,False
ADMP,Adamis Pharmaceuticals Corporation,Health Care,Biotechnology: Pharmaceutical Preparations,,,,,,,,False
ADN,Advent Technologies Holdings Class A, Acquisition, Acquisition,,,,,,,,False
ADNT,Adient plc Ordinary Shares ,Capital Goods,Auto Parts:OEM,,,,,,,,False
ADOC,Edoc Acquisition Corp Class A Ordinary Share,Finance,Business Services,,,,,,,,False
ADP,Automatic Data Processing,Miscellaneous,Business Services,,,,,,,,False
ADPT,Adaptive Biotechnologies Corporation,Health Care,Biotechnology: Biological Products (No Diagnostic Substances),,,,,,,,False
ADRA,Adara Acquisition Corp Class A, Acquisition, Acquisition,,,,,,,,False
ADS,Alliance Data Systems Corporation,Finance,Diversified Financial Services,,,,,,,,False
ADSE,ADS-TEC ENERGY PLC Ordinary Shares, Acquisition, Acquisition,,,,,,,,False
ADSK,Autodesk,Technology,Computer Software: Prepackaged Software,,,,,,,,False
ADT,ADT,Consumer Services,Diversified Commercial Services,,,,,,,,False
ADTH,AdTheorent Holding Company,Technology,Advertising,,,,,,,,False
ADTN,ADTRAN,Capital Goods,Telecommunications Equipment,,,,,,,,False
ADTX,Aditxt,Consumer Durables,Specialty Chemicals,,,,,,,,False
ADUS,Addus HomeCare Corporation,Health Care,Medical/Nursing Services,,,,,,,,False
ADV,Advantage Solutions Class A,Technology,Advertising,,,,,,,,False
ADVM,Adverum Biotechnologies,Health Care,Biotechnology: Pharmaceutical Preparations,,,,,,,,False
ADX,Adams Diversified Equity Fund,Finance,Investment Managers,,,,,,,,False
ADXN,Addex Therapeutics Ltd American Depositary Shares,Health Care,Biotechnology: Pharmaceutical Preparations,,,,,,,,False
AE,Adams Resources & Energy,Energy,Oilfield Services/Equipment,,,,,,,,False
AEAC,Authentic Equity Acquisition Corp Class A ordinary share,Finance,Business Services,,,,,,,,False
AEACU,Authentic Equity Acquisition Corp Unit,Finance,Business Services,,,,,,,,False
AEAE,AltEnergy Acquisition Corp Class A, Acquisition, Acquisition,,,,,,,,True
AEAEU,AltEnergy Acquisition Corp Unit, Acquisition, Acquisition,,,,,,,,True
AEE,Ameren Corporation,Public Utilities,Power Generation,,,,,,,,False
AEF,Aberdeen Emerging Markets Equityome Fund,Finance,Finance/Investors Services,,,,,,,,False
AEFC,Aegon Funding Company LLC 510% Subordinated Notes due 2049, Acquisition, Acquisition,,,,,,,,False
AEG,AEGON NV,Finance,Life Insurance,,,,,,,,False
AEHA,Aesther Healthcare Acquisition Corp Class A, Acquisition, Acquisition,,,,,,,,False
AEHL,Antelope Enterprise Holdings Limited (0024 par),Capital Goods,Building Products,,,,,,,,False
AEHR,Aehr Test Systems,Capital Goods,Electrical Products,,,,,,,,False
AEI,Alset EHome International,Consumer Services,Building operators,,,,,,,,False
AEIS,Advanced Energy Industries,Consumer Durables,Electrical Products,,,,,,,,False
AEL,American Equity Investment Life Holding Company,Finance,Life Insurance,,,,,,,,False
AEM,Agnico Eagle Mines Limited, Acquisition, Acquisition,,,,,,,,False
AEMD,Aethlon Medical,Miscellaneous,Diversified Commercial Services,,,,,,,,False
AENZ,Aenza SAA American Depositary Shares,Basic Industries,Military/Government/Technical,,,,,,,,False
AEO,American Eagle Outfitters,Consumer Services,Clothing/Shoe/Accessory Stores,,,,,,,,False
AEP,American Electric Power Company,Public Utilities,Electric Utilities: Central,,,,,,,,False
AEPPZ,American Electric Power Company Corporate Units,Public Utilities,Electric Utilities: Central,,,,,,,,False
AER,AerCap Holdings NV Ordinary Shares,Technology,Diversified Commercial Services,,,,,,,,False
AERC,AeroClean Technologies,Public Utilities,Environmental Services,,,,,,,,False
AERI,Aerie Pharmaceuticals,Health Care,Biotechnology: Biological Products (No Diagnostic Substances),,,,,,,,False
AES,The AES Corporation,Public Utilities,Electric Utilities: Central,,,,,,,,False
AESC,The AES Corporation Corporate Units,Public Utilities,Electric Utilities: Central,,,,,,,,False
AESE,Allied Esports Entertainment,Consumer Services,Television Services,,,,,,,,False
AEVA,Aeva Technologies,Capital Goods,Auto Parts:OEM,,,,,,,,False
AEY,ADDvantage Technologies Group,Capital Goods,Recreational Products/Toys,,,,,,,,False
AEYE,AudioEye,Technology,EDP Services,,,,,,,,False
AEZS,Aeterna Zentaris, Acquisition, Acquisition,,,,,,,,False
AFAC,Arena Fortify Acquisition Corp Class A,Consumer Services,Other Pharmaceuticals,,,,,,,,False
AFACU,Arena Fortify Acquisition Corp Unit,Consumer Services,Other Pharmaceuticals,,,,,,,,False
AFAQ,AF Acquisition Corp Class A, Acquisition, Acquisition,,,,,,,,False
AFAQU,AF Acquisition Corp Units, Acquisition, Acquisition,,,,,,,,False
AFB,AllianceBernstein National Municipalome Fund,Finance,Trusts Except Educational Religious and Charitable,,,,,,,,False
AFBI,Affinity Bancshares (MD),Finance,Major Banks,,,,,,,,False
AFCG,AFC Gamma,Consumer Services,Real Estate Investment Trusts,,,,,,,,False
AFG,American Financial Group,Finance,Property-Casualty Insurers,,,,,,,,False
AFGB,American Financial Group 5875% Subordinated Debentures due 2059,Finance,Property-Casualty Insurers,,,,,,,,False
AFGC,American Financial Group 5125% Subordinated Debentures due 2059,Finance,Real Estate,,,,,,,,False
AFGD,American Financial Group 5625% Subordinated Debentures due 2060, Acquisition, Acquisition,,,,,,,,False
AFGE,American Financial Group 4500% Subordinated Debentures due 2060, Acquisition, Acquisition,,,,,,,,False
AFI,Armstrong Flooring,Capital Goods,Building Products,,,,,,,,False
AFIB,Acutus Medical,Health Care,Biotechnology: Electromedical & Electrotherapeutic Apparatus,,,,,,,,False
AFL,AFLACorporated,Finance,Accident &Health Insurance,,,,,,,,False
AFMD,Affimed NV,Health Care,Biotechnology: Pharmaceutical Preparations,,,,,,,,False
AFRM,Affirm Holdings Class A,Technology,EDP Services,,,,,,,,False
AFT,Apollo Senior Floating Rate Fund,Finance,Investment Managers,,,,,,,,False
AFTR,AfterNext HealthTech Acquisition Corp Class A Ordinary Shares, Acquisition, Acquisition,,,,,,,,False
AFYA,Afya Limited Class A Common Shares,Consumer Services,Other Consumer Services,,,,,,,,False
AG,First Majestic Silver Corp Ordinary Shares (Canada), Acquisition, Acquisition,,,,,,,,False
AGAC,African Gold Acquisition Corporation Class A Ordinary Shares,Finance,Business Services,,,,,,,,False
AGBA,AGBA Acquisition Limited Ordinary Share,Finance,Business Services,,,,,,,,False
AGCB,Altimeter Growth Corp 2 Class A Ordinary Shares,Finance,Business Services,,,,,,,,False
AGCO,AGCO Corporation,Capital Goods,Industrial Machinery/Components,,,,,,,,False
AGD,Aberdeen Global Dynamic Dividend Fund,Finance,Trusts Except Educational Religious and Charitable,,,,,,,,False
AGE,AgeX Therapeutics,Health Care,Biotechnology: Pharmaceutical Preparations,,,,,,,,False
AGEN,Agenus,Health Care,Biotechnology: Biological Products (No Diagnostic Substances),,,,,,,,False
AGFS,AgroFresh Solutions, Acquisition, Acquisition,,,,,,,,False
AGFY,Agrify Corporation,Consumer Services,Military/Government/Technical,,,,,,,,False
AGGR,Agile Growth Corp Class A Ordinary Share,Finance,Business Services,,,,,,,,False
AGI,Alamos Gold Class A Common Shares, Acquisition, Acquisition,,,,,,,,False
AGIL,AgileThought Class A,Technology,EDP Services,,,,,,,,False
AGIO,Agios Pharmaceuticals,Health Care,Biotechnology: Pharmaceutical Preparations,,,,,,,,False
AGL,agilon health,Health Care,Managed Health Care,,,,,,,,False
AGLE,Aeglea BioTherapeutics,Health Care,Biotechnology: Pharmaceutical Preparations,,,,,,,,False
AGM,Federal Agricultural Mortgage Corporation,Finance,Finance Companies,,,,,,,,False
AGMH,AGM Group Holdings Class A Ordinary Shares,Technology,EDP Services,,,,,,,,False
AGNC,AGNC Investment Corp,Consumer Services,Real Estate Investment Trusts,,,,,,,,False
AGNCM,AGNC Investment Corp Depositary Shares rep 6875% Series D Fixed-to-Floating Cumulative Redeemable Preferred Stock,Consumer Services,Real Estate Investment Trusts,,,,,,,,False
AGNCN,AGNC Investment Corp Depositary Shares Each Representing a 1/1000th Interest in a Share of 700% Series C Fixed-To-Floating Rate Cumulative Redeemable Preferred Stock,Consumer Services,Real Estate Investment Trusts,,,,,,,,False
AGNCO,AGNC Investment Corp Depositary Shares each representing a 1/1000th interest in a share of 650% Series E Fixed-to-Floating Cumulative Redeemable Preferred Stock,Consumer Services,Real Estate Investment Trusts,,,,,,,,False
AGNCP,AGNC Investment Corp Depositary Shares Each Representing a 1/1000th Interest in a Share of 6125% Series F Fixed-to-Floating Rate Cumulative Redeemable Preferred Stock,Consumer Services,Real Estate Investment Trusts,,,,,,,,False
AGO,Assured Guaranty Ltd,Finance,Property-Casualty Insurers,,,,,,,,False
AGR,Avangrid,Public Utilities,Electric Utilities: Central,,,,,,,,False
AGRI,AgriFORCE  Growing Systems Ltd Common Shares, Acquisition, Acquisition,,,,,,,,False
AGRO,Adecoagro SA Common Shares,Farming/Seeds/Milling,Farming/Seeds/Milling,,,,,,,,False
AGRX,Agile Therapeutics,Health Care,Biotechnology: Pharmaceutical Preparations,,,,,,,,False
AGS,PlayAGS,Consumer Services,Recreational Products/Toys,,,,,,,,False
AGTC,Applied Genetic Technologies Corporation,Health Care,Biotechnology: Biological Products (No Diagnostic Substances),,,,,,,,False
AGTI,Agiliti,Health Care,Managed Health Care,,,,,,,,False
AGX,Argan,Capital Goods,Oilfield Services/Equipment,,,,,,,,False
AGYS,Agilysys,Technology,Computer Software: Prepackaged Software,,,,,,,,False
AHCO,AdaptHealth Corp,Health Care,Biotechnology: Electromedical & Electrotherapeutic Apparatus,,,,,,,,False
AHG,Akso Health Group ADS,Finance,Finance: Consumer Services,,,,,,,,False
AHH,Armada Hoffler Properties,Consumer Services,Real Estate Investment Trusts,,,,,,,,False
AHI,Advanced Human Imaging Limited American Depositary Shares, Acquisition, Acquisition,,,,,,,,False
AHPAU,Avista Public Acquisition Corp II Unit, Acquisition, Acquisition,,,,,,,,False
AHPI,Allied Healthcare Products,Health Care,Industrial Specialties,,,,,,,,False
AHRNU,Ahren Acquisition Corp Unit, Acquisition, Acquisition,,,,,,,,False
AHT,Ashford Hospitality Trust,Consumer Services,Real Estate Investment Trusts,,,,,,,,False
AI,C3ai Class A,Technology,Computer Software: Prepackaged Software,,,,,,,,False
AIC,Arlington Asset Investment Corp 6750% Notes due 2025,Consumer Services,Real Estate Investment Trusts,,,,,,,,False
AIF,Apollo Tacticalome Fund,Finance,Finance Companies,,,,,,,,False
AIG,American International Group New,Finance,Life Insurance,,,,,,,,False
AIH,Aesthetic Medical International Holdings Group Ltd American Depositary Shares,Health Care,Medical Specialities,,,,,,,,False
AIHS,Senmiao Technology Limited,Finance,Finance: Consumer Services,,,,,,,,False
AIKI,AIkido Pharma,Consumer Durables,Specialty Chemicals,,,,,,,,False
AIM,AIM ImmunoTech,Health Care,Biotechnology: Biological Products (No Diagnostic Substances),,,,,,,,False
AIMC,Altra Industrial Motion Corp,Capital Goods,Industrial Machinery/Components,,,,,,,,False
AIN,Albany International Corporation,Basic Industries,Textiles,,,,,,,,False
AINC,Ashford (Holding Company),Finance,Investment Managers,,,,,,,,False
AINV,Apollo Investment Corporation,Finance,Finance/Investors Services,,,,,,,,False
AIO,Virtus AllianzGI Artificial Intelligence & Technology Opportunities Fund Common Shares,Finance,Finance/Investors Services,,,,,,,,False
AIP,Arteris,Technology,Semiconductors,,,,,,,,False
AIR,AAR Corp,Capital Goods,Aerospace,,,,,,,,False
AIRC,Apartmentome REIT Corp,Consumer Services,Real Estate Investment Trusts,,,,,,,,False
AIRG,Airgain,Technology,Radio And Television Broadcasting And Communications Equipment,,,,,,,,False
AIRI,Air Industries Group,Capital Goods,Military/Government/Technical,,,,,,,,False
AIRS,AirSculpt Technologies,Health Care,Hospital/Nursing Management,,,,,,,,False
AIRT,Air T,Transportation,Air Freight/Delivery Services,,,,,,,,False
AIRTP,Air T Air T Funding Alphaome Trust Preferred Securities,Transportation,Air Freight/Delivery Services,,,,,,,,False
AIT,Applied Industrial Technologies,Capital Goods,Industrial Machinery/Components,,,,,,,,False
AIV,Apartment Investment and Management Company,Consumer Services,Real Estate Investment Trusts,,,,,,,,False
AIZ,Assurant,Finance,Specialty Insurers,,,,,,,,False
AIZN,Assurant 525% Subordinated Notes due 2061,Finance,Accident &Health Insurance,,,,,,,,False
AJG,Arthur J Gallagher & Co,Finance,Specialty Insurers,,,,,,,,False
AJRD,Aerojet Rocketdyne Holdings,Capital Goods,Military/Government/Technical,,,,,,,,False
AJX,Great Ajax Corp,Consumer Services,Real Estate Investment Trusts,,,,,,,,False
AJXA,Great Ajax Corp 725% Convertible Senior Notes due 2024,Consumer Services,Real Estate Investment Trusts,,,,,,,,False
AKA,aka Brands Holding Corp,Consumer Non-Durables,Department/Specialty Retail Stores,,,,,,,,False
AKAM,Akamai Technologies,Miscellaneous,Business Services,,,,,,,,False
AKBA,Akebia Therapeutics,Health Care,Biotechnology: Pharmaceutical Preparations,,,,,,,,False
AKIC,Sports Ventures Acquisition Corp Class A Ordinary Shares,Finance,Business Services,,,,,,,,False
AKICU,Sports Ventures Acquisition Corp Unit,Finance,Business Services,,,,,,,,False
AKR,Acadia Realty Trust,Consumer Services,Real Estate Investment Trusts,,,,,,,,False
AKRO,Akero Therapeutics,Health Care,Biotechnology: Pharmaceutical Preparations,,,,,,,,False
AKTS,Akoustis Technologies,Public Utilities,Telecommunications Equipment,,,,,,,,False
AKTX,Akari Therapeutics plc ADS,Health Care,Biotechnology: Pharmaceutical Preparations,,,,,,,,False
AKU,Akumin Common Shares, Acquisition, Acquisition,,,,,,,,False
AKUS,Akouos,Consumer Durables,Specialty Chemicals,,,,,,,,False
AKYA,Akoya BioSciences,Capital Goods,Medical Specialities,,,,,,,,False
AL,Air Lease Corporation Class A,Technology,Diversified Commercial Services,,,,,,,,False
ALAC,Alberton Acquisition Corporation Ordinary Shares,Basic Industries,Engineering & Construction,,,,,,,,False
ALB,Albemarle Corporation,Basic Industries,Industrial Specialties,,,,,,,,False
ALBO,Albireo Pharma,Health Care,Biotechnology: Pharmaceutical Preparations,,,,,,,,False
ALC,Alcon,Health Care,Ophthalmic Goods,,,,,,,,False
ALCC,AltC Acquisition Corp Class A, Acquisition, Acquisition,,,,,,,,False
ALCO,Alico, Acquisition, Acquisition,,,,,,,,False
ALDX,Aldeyra Therapeutics,Health Care,Biotechnology: Pharmaceutical Preparations,,,,,,,,False
ALE,Allete,Public Utilities,Power Generation,,,,,,,,False
ALEC,Alector,Health Care,Biotechnology: Pharmaceutical Preparations,,,,,,,,False
ALEX,Alexander & Baldwin REIT Holding Company,Consumer Services,Real Estate Investment Trusts,,,,,,,,False
ALF,ALFI,Technology,EDP Services,,,,,,,,False
ALG,Alamo Group,Capital Goods,Industrial Machinery/Components,,,,,,,,False
ALGM,Allegro MicroSystems,Technology,Semiconductors,,,,,,,,False
ALGN,Align Technology,Health Care,Industrial Specialties,,,,,,,,False
ALGS,Aligos Therapeutics,Health Care,Biotechnology: Pharmaceutical Preparations,,,,,,,,False
ALGT,Allegiant Travel Company,Transportation,Air Freight/Delivery Services,,,,,,,,False
ALHC,Alignment Healthcare,Health Care,Medical Specialities,,,,,,,,False
ALIM,Alimera Sciences,Health Care,Biotechnology: Pharmaceutical Preparations,,,,,,,,False
ALIT,Alight Class A,Technology,EDP Services,,,,,,,,False
ALJJ,ALJ Regional Holdings,Miscellaneous,Business Services,,,,,,,,False
ALK,Alaska Air Group,Transportation,Air Freight/Delivery Services,,,,,,,,False
ALKS,Alkermes plc Ordinary Shares,Health Care,Biotechnology: Pharmaceutical Preparations,,,,,,,,False
ALKT,Alkami Technology,Technology,EDP Services,,,,,,,,False
ALL,Allstate Corporation (The),Finance,Property-Casualty Insurers,,,,,,,,False
ALLE,Allegion plc Ordinary Shares,Consumer Services,Diversified Commercial Services,,,,,,,,False
ALLK,Allakos,Health Care,Biotechnology: Pharmaceutical Preparations,,,,,,,,False
ALLO,Allogene Therapeutics,Health Care,Biotechnology: Biological Products (No Diagnostic Substances),,,,,,,,False
ALLR,Allarity Therapeutics,Health Care,Biotechnology: Pharmaceutical Preparations,,,,,,,,False
ALLT,Allot Ltd Ordinary Shares,Public Utilities,Telecommunications Equipment,,,,,,,,False
ALLY,Ally Financial,Finance,Diversified Financial Services,,,,,,,,False
ALNA,Allena Pharmaceuticals,Health Care,Biotechnology: Pharmaceutical Preparations,,,,,,,,False
ALNY,Alnylam Pharmaceuticals,Health Care,Biotechnology: Pharmaceutical Preparations,,,,,,,,False
ALOR,ALSP Orchid Acquisition Corporation I Class A Ordinary Share, Acquisition, Acquisition,,,,,,,,False
ALORU,ALSP Orchid Acquisition Corporation I Unit, Acquisition, Acquisition,,,,,,,,False
ALOT,AstroNova,Technology,Computer peripheral equipment,,,,,,,,False
ALPA,Alpha Healthcare Acquisition Corp III Class A, Acquisition, Acquisition,,,,,,,,False
ALPN,Alpine Immune Sciences,Health Care,Biotechnology: Pharmaceutical Preparations,,,,,,,,False
ALPP,Alpine 4 Holdings Class A,Capital Goods,Metal Fabrications,,,,,,,,False
ALRM,Alarmcom Holdings,Technology,Computer Software: Prepackaged Software,,,,,,,,False
ALRN,Aileron Therapeutics,Health Care,Biotechnology: Pharmaceutical Preparations,,,,,,,,False
ALRS,Alerus Financial Corporation,Finance,Commercial Banks,,,,,,,,False
ALSAU,Alpha Star Acquisition Corporation Units, Acquisition, Acquisition,,,,,,,,False
ALSN,Allison Transmission Holdings,Capital Goods,Auto Parts:OEM,,,,,,,,False
ALT,Altimmune,Health Care,Biotechnology: Pharmaceutical Preparations,,,,,,,,False
ALTG,Alta Equipment Group Class A,Technology,Engineering & Construction,,,,,,,,False
ALTO,Alto Ingredients,Basic Industries,Industrial Specialties,,,,,,,,False
ALTR,Altair Engineering Class A,Technology,Computer Software: Prepackaged Software,,,,,,,,False
ALTU,Altitude Acquisition Corp Class A, Acquisition, Acquisition,,,,,,,,False
ALTUU,Altitude Acquisition Corp Unit, Acquisition, Acquisition,,,,,,,,False
ALTUW,Altitude Acquisition Corp Warrant, Acquisition, Acquisition,,,,,,,,False
ALV,Autoliv,Capital Goods,Auto Parts:OEM,,,,,,,,False
ALVR,AlloVir,Health Care,Biotechnology: Pharmaceutical Preparations,,,,,,,,False
ALX,Alexander's,Consumer Services,Real Estate Investment Trusts,,,,,,,,False
ALXO,ALX Oncology Holdings,Health Care,Biotechnology: Pharmaceutical Preparations,,,,,,,,False
ALYA,Alithya Group Class A Subordinate Voting Shares, Acquisition, Acquisition,,,,,,,,False
ALZN,Alzamend Neuro,Consumer Durables,Specialty Chemicals,,,,,,,,False
AM,Antero Midstream Corporation,Public Utilities,Natural Gas Distribution,,,,,,,,False
AMAL,Amalgamated Financial Corp (DE),Finance,Commercial Banks,,,,,,,,False
AMAM,Ambrx Biopharma American Depositary Shares (each representing seven Ordinary Shares), Acquisition, Acquisition,,,,,,,,False
AMAT,Applied Materials,Capital Goods,Industrial Machinery/Components,,,,,,,,False
AMBA,Ambarella,Technology,Semiconductors,,,,,,,,False
AMBC,Ambac Financial Group,Finance,Property-Casualty Insurers,,,,,,,,False
AMBO,Ambow Education Holding Ltd American Depository Shares each representing two Class A ordinary shares,Miscellaneous,Service to the Health Industry,,,,,,,,False
AMBP,Ardagh Metal Packaging SA Ordinary Shares, Acquisition, Acquisition,,,,,,,,False
AMC,AMC Entertainment Holdings Class A,Consumer Services,Movies/Entertainment,,,,,,,,False
AMCI,AMCI Acquisition Corp II Class A, Acquisition, Acquisition,,,,,,,,False
AMCR,Amcor plc Ordinary Shares,Consumer Durables,Miscellaneous manufacturing industries,,,,,,,,False
AMCX,AMC Networks Class A,Consumer Services,Broadcasting,,,,,,,,False
AMD,Advanced Micro Devices,Technology,Semiconductors,,,,,,,,False
AME,AMETEK,Consumer Durables,Metal Fabrications,,,,,,,,False
AMED,Amedisys,Health Care,Medical/Nursing Services,,,,,,,,False
AMEH,Apollo Medical Holdings,Health Care,Managed Health Care,,,,,,,,False
AMG,Affiliated Managers Group,Finance,Investment Managers,,,,,,,,False
AMGN,Amgen,Health Care,Biotechnology: Pharmaceutical Preparations,,,,,,,,False
AMH,American Homes 4 Rent Common Shares of Beneficial Interest,Consumer Services,Real Estate Investment Trusts,,,,,,,,False
AMK,AssetMark Financial Holdings,Finance,Finance/Investors Services,,,,,,,,False
AMKR,Amkor Technology,Technology,Semiconductors,,,,,,,,False
AMLX,Amylyx Pharmaceuticals,Health Care,Biotechnology: Pharmaceutical Preparations,,,,,,,,False
AMN,AMN Healthcare Services AMN Healthcare Services,Health Care,Assisted Living Services,,,,,,,,False
AMNB,American National Bankshares,Finance,Major Banks,,,,,,,,False
AMOT,Allied Motion Technologies,Capital Goods,Electrical Products,,,,,,,,False
AMOV,America Movil SAB de CV Class A American Depositary Shares,Public Utilities,Telecommunications Equipment,,,,,,,,False
AMP,Ameriprise Financial,Finance,Investment Managers,,,,,,,,False
AMPE,Ampio Pharmaceuticals,Health Care,Biotechnology: Pharmaceutical Preparations,,,,,,,,False
AMPG,Amplitech Group,Capital Goods,Industrial Machinery/Components,,,,,,,,False
AMPH,Amphastar Pharmaceuticals,Health Care,Biotechnology: Pharmaceutical Preparations,,,,,,,,False
AMPI,Advanced Merger Partners Class A, Acquisition, Acquisition,,,,,,,,False
AMPL,Amplitude Class A,Technology,EDP Services,,,,,,,,False
AMPS,Altus Power Class A, Acquisition, Acquisition,,,,,,,,False
AMPY,Amplify Energy Corp,Energy,Oil & Gas Production,,,,,,,,False
AMR,Alpha Metallurgical Resources,Energy,Coal Mining,,,,,,,,False
AMRC,Ameresco Class A,Basic Industries,Water Sewer Pipeline Comm & Power Line Construction,,,,,,,,False
AMRK,A-Mark Precious Metals,Finance,Investment Bankers/Brokers/Service,,,,,,,,False
AMRN,Amarin Corporation plc,Health Care,Biotechnology: Pharmaceutical Preparations,,,,,,,,False
AMRS,Amyris,Basic Industries,Industrial Specialties,,,,,,,,False
AMRX,Amneal Pharmaceuticals Class A,Health Care,Biotechnology: Pharmaceutical Preparations,,,,,,,,False
AMS,American Shared Hospital Services,Health Care,Medical Specialities,,,,,,,,False
AMSC,American Superconductor Corporation,Capital Goods,Office Equipment/Supplies/Services,,,,,,,,False
AMSF,AMERISAFE,Finance,Accident &Health Insurance,,,,,,,,False
AMST,Amesite,Technology,Computer Software: Prepackaged Software,,,,,,,,False
AMSWA,American Software Class A,Technology,Computer Software: Prepackaged Software,,,,,,,,False
AMT,American Tower Corporation (REIT),Finance,Trusts Except Educational Religious and Charitable,,,,,,,,False
AMTB,Amerant Bancorp Class A,Finance,Major Banks,,,,,,,,False
AMTI,Applied Molecular Transport,Consumer Durables,Specialty Chemicals,,,,,,,,False
AMTX,Aemetis (DE),Energy,Oilfield Services/Equipment,,,,,,,,False
AMWD,American Woodmark Corporation,Consumer Durables,Building Products,,,,,,,,False
AMWL,American Well Corporation Class A,Technology,Retail: Computer Software & Peripheral Equipment,,,,,,,,False
AMX,America Movil SAB de CV American Depository Receipt Series L,Public Utilities,Telecommunications Equipment,,,,,,,,False
AMYT,Amryt Pharma plc American Depositary Shares,Health Care,Biotechnology: Pharmaceutical Preparations,,,,,,,,False
AMZN,Amazon,Consumer Services,Catalog/Specialty Distribution,,,,,,,,False
AN,AutoNation,Consumer Services,Other Specialty Stores,,,,,,,,False
ANAB,AnaptysBio,Health Care,Biotechnology: Pharmaceutical Preparations,,,,,,,,False
ANAC,Arctos NorthStar Acquisition Corp Class A Ordinary Shares,Health Care,Biotechnology: Pharmaceutical Preparations,,,,,,,,False
ANAT,American National Group,Finance,Life Insurance,,,,,,,,False
ANDE,Andersons (The),Consumer Non-Durables,Tobacco,,,,,,,,False
ANEB,Anebulo Pharmaceuticals,Health Care,Biotechnology: Pharmaceutical Preparations,,,,,,,,False
ANET,Arista Networks,Technology,Computer peripheral equipment,,,,,,,,False
ANF,Abercrombie & Fitch Company,Consumer Services,Clothing/Shoe/Accessory Stores,,,,,,,,False
ANGI,Angi Class A,Technology,EDP Services,,,,,,,,False
ANGN,Angion Biomedica Corp,Health Care,Biotechnology: Pharmaceutical Preparations,,,,,,,,False
ANGO,AngioDynamics,Health Care,Medical/Dental Instruments,,,,,,,,False
ANIK,Anika Therapeutics,Health Care,Biotechnology: Electromedical & Electrotherapeutic Apparatus,,,,,,,,False
ANIP,ANI Pharmaceuticals,Health Care,Biotechnology: Biological Products (No Diagnostic Substances),,,,,,,,False
ANIX,Anixa Biosciences,Health Care,Medical Specialities,,,,,,,,False
ANNX,Annexon,Health Care,Biotechnology: Pharmaceutical Preparations,,,,,,,,False
ANPC,AnPac Bio-Medical Science Co Ltd American Depositary Shares,Health Care,Medical Specialities,,,,,,,,False
ANSS,ANSYS,Technology,Computer Software: Prepackaged Software,,,,,,,,False
ANTE,AirNet Technology American Depositary Shares,Technology,Advertising,,,,,,,,False
ANTM,Anthem,Health Care,Medical Specialities,,,,,,,,False
ANVS,Annovis Bio,Consumer Durables,Specialty Chemicals,,,,,,,,False
ANY,Sphere 3D Corp Common Shares, Acquisition, Acquisition,,,,,,,,False
ANZU,Anzu Special Acquisition Corp I Class A, Acquisition, Acquisition,,,,,,,,False
ANZUU,Anzu Special Acquisition Corp I Units, Acquisition, Acquisition,,,,,,,,False
AOD,Aberdeen Total Dynamic Dividend Fund,Finance,Investment Managers,,,,,,,,False
AOGOU,Arogo Capital Acquisition Corp Unit, Acquisition, Acquisition,,,,,,,,True
AOMR,Angel Oak Mortgage,Consumer Services,Real Estate Investment Trusts,,,,,,,,False
AON,Aon plc Class A Ordinary Shares (Ireland),Finance,Specialty Insurers,,,,,,,,False
AOS,AO Smith Corporation,Capital Goods,Industrial Machinery/Components,,,,,,,,False
AOSL,Alpha and Omega Semiconductor Limited Common Shares,Technology,Semiconductors,,,,,,,,False
AOUT,American Outdoor Brands , Acquisition, Acquisition,,,,,,,,False
AP,Ampco-Pittsburgh Corporation,Capital Goods,Metal Fabrications,,,,,,,,False
APA,APA Corporation,Energy,Oil & Gas Production,,,,,,,,False
APAC,StoneBridge Acquisition Corporation Class A Ordinary Shares, Acquisition, Acquisition,,,,,,,,False
APAM,Artisan Partners Asset Management Class A,Finance,Investment Managers,,,,,,,,False
APCX,AppTech Payments Corp,Technology,EDP Services,,,,,,,,False
APD,Air Products and Chemicals,Basic Industries,Specialty Chemicals,,,,,,,,False
APDN,Applied DNA Sciences,Health Care,Biotechnology: In Vitro & In Vivo Diagnostic Substances,,,,,,,,False
APEI,American Public Education,Miscellaneous,Other Consumer Services,,,,,,,,False
APEN,Apollo Endosurgery,Health Care,Industrial Specialties,,,,,,,,False
APG,APi Group Corporation,Consumer Services,Military/Government/Technical,,,,,,,,False
APGB,Apollo Strategic Growth Capital II Class A Ordinary Shares,Finance,Business Services,,,,,,,,False
APH,Amphenol Corporation,Capital Goods,Electrical Products,,,,,,,,False
API,Agora American Depositary Shares,Technology,Computer Software: Prepackaged Software,,,,,,,,False
APLE,Apple Hospitality REIT Common Shares,Consumer Services,Real Estate Investment Trusts,,,,,,,,False
APLS,Apellis Pharmaceuticals,Health Care,Biotechnology: Pharmaceutical Preparations,,,,,,,,False
APLT,Applied Therapeutics,Health Care,Biotechnology: Pharmaceutical Preparations,,,,,,,,False
APM,Aptorum Group Limited Class A Ordinary Shares,Health Care,Biotechnology: Pharmaceutical Preparations,,,,,,,,False
APMI,AxonPrime Infrastructure Acquisition Corporation Class A, Acquisition, Acquisition,,,,,,,,False
APMIU,AxonPrime Infrastructure Acquisition Corporation Unit, Acquisition, Acquisition,,,,,,,,False
APN,Apeiron Capital Investment Corp Class A, Acquisition, Acquisition,,,,,,,,False
APO,Apollo Global Management (New),Finance,Investment Managers,,,,,,,,False
APOG,Apogee Enterprises, Acquisition, Acquisition,,,,,,,,False
APP,Applovin Corporation Class A,Technology,EDP Services,,,,,,,,False
APPF,AppFolio Class A,Technology,EDP Services,,,,,,,,False
APPH,AppHarvest,Farming/Seeds/Milling,Farming/Seeds/Milling,,,,,,,,False
APPN,Appian Corporation Class A,Technology,EDP Services,,,,,,,,False
APPS,Digital Turbine,Technology,Computer Software: Prepackaged Software,,,,,,,,False
APRE,Aprea Therapeutics,Health Care,Biotechnology: Biological Products (No Diagnostic Substances),,,,,,,,False
APRN,Blue Apron Holdings Class A,Consumer Services,Catalog/Specialty Distribution,,,,,,,,False
APSG,Apollo Strategic Growth Capital Class A Ordinary Shares,Finance,Business Services,,,,,,,,False
APT,Alpha Pro Tech Ltd, Acquisition, Acquisition,,,,,,,,False
APTM,Alpha Partners Technology Merger Corp Class A Ordinary Shares, Acquisition, Acquisition,,,,,,,,False
APTMU,Alpha Partners Technology Merger Corp Unit, Acquisition, Acquisition,,,,,,,,False
APTO,Aptose Biosciences Common Shares, Acquisition, Acquisition,,,,,,,,False
APTS,Preferred Apartment Communities,Consumer Services,Real Estate Investment Trusts,,,,,,,,False
APTV,Aptiv PLC Ordinary Shares,Capital Goods,Auto Parts:OEM,,,,,,,,False
APTX,Aptinyx,Health Care,Biotechnology: Pharmaceutical Preparations,,,,,,,,False
APVO,Aptevo Therapeutics,Health Care,Biotechnology: Pharmaceutical Preparations,,,,,,,,False
APWC,Asia Pacific Wire & Cable Corporation Ltd Ordinary Shares (Bermuda),Basic Industries,Telecommunications Equipment,,,,,,,,False
APXIU,APx Acquisition Corp I Unit, Acquisition, Acquisition,,,,,,,,True
APYX,Apyx Medical Corporation,Health Care,Medical/Dental Instruments,,,,,,,,False
AQB,AquaBounty Technologies, Acquisition, Acquisition,,,,,,,,False
AQMS,Aqua Metals,Public Utilities,Environmental Services,,,,,,,,False
AQN,Algonquin Power & Utilities Corp Common Shares,Public Utilities,Electric Utilities: Central,,,,,,,,False
AQNA,Algonquin Power & Utilities Corp 6875% Fixed-to-Floating Rate Subordinated Notes Series 2018-A due October 17 2078,Public Utilities,Electric Utilities: Central,,,,,,,,False
AQNB,Algonquin Power & Utilities Corp 620% Fixed-to-Floating Subordinated Notes Series 2019-A due July 1 2079,Public Utilities,Electric Utilities: Central,,,,,,,,False
AQNU,Algonquin Power & Utilities Corp Corporate Units,Public Utilities,Electric Utilities: Central,,,,,,,,False
AQST,Aquestive Therapeutics,Health Care,Biotechnology: Pharmaceutical Preparations,,,,,,,,False
AQUA,Evoqua Water Technologies Corp,Capital Goods,Office Equipment/Supplies/Services,,,,,,,,False
AR,Antero Resources Corporation,Energy,Oil & Gas Production,,,,,,,,False
ARAV,Aravive,Health Care,Biotechnology: Pharmaceutical Preparations,,,,,,,,False
ARAY,Accurayorporated,Health Care,Medical/Dental Instruments,,,,,,,,False
ARBE,Arbe Robotics Ltd Ordinary Shares, Acquisition, Acquisition,,,,,,,,False
ARBG,Aequi Acquisition Corp Class A, Acquisition, Acquisition,,,,,,,,False
ARBGU,Aequi Acquisition Corp Unit, Acquisition, Acquisition,,,,,,,,False
ARBK,Argo Blockchain plc American Depositary Shares, Acquisition, Acquisition,,,,,,,,False
ARBKL,Argo Blockchain plc 875% Senior Notes due 2026, Acquisition, Acquisition,,,,,,,,False
ARC,ARC Document Solutions,Miscellaneous,Business Services,,,,,,,,False
ARCB,ArcBest Corporation,Transportation,Trucking Freight/Courier Services,,,,,,,,False
ARCC,Ares Capital Corporation,Finance,Finance/Investors Services,,,,,,,,False
ARCE,Arco Platform Limited Class A Common Shares,Miscellaneous,Service to the Health Industry,,,,,,,,False
ARCH,Arch Resources Class A,Energy,Coal Mining,,,,,,,,False
ARCK,Arbor Rapha Capital Bioholdings Corp I Class A, Acquisition, Acquisition,,,,,,,,False
ARCKU,Arbor Rapha Capital Bioholdings Corp I Units, Acquisition, Acquisition,,,,,,,,False
ARCO,Arcos Dorados Holdings Class A Shares,Consumer Services,Restaurants,,,,,,,,False
ARCT,Arcturus Therapeutics Holdings,Health Care,Biotechnology: Pharmaceutical Preparations,,,,,,,,False
ARDC,Ares Dynamic Credit Allocation Fund Common Shares,Finance,Investment Managers,,,,,,,,False
ARDS,Aridis Pharmaceuticals,Health Care,Biotechnology: Pharmaceutical Preparations,,,,,,,,False
ARDX,Ardelyx,Health Care,Biotechnology: Pharmaceutical Preparations,,,,,,,,False
ARE,Alexandria Real Estate Equities,Consumer Services,Real Estate Investment Trusts,,,,,,,,False
AREC,American Resources Corporation Class A, Acquisition, Acquisition,,,,,,,,False
ARES,Ares Management Corporation Class A,Finance,Investment Managers,,,,,,,,False
ARGD,Argo Group International Holdings Ltd 65% Senior Notes Due 2042,Finance,Specialty Insurers,,,,,,,,False
ARGO,Argo Group International Holdings Ltd,Finance,Specialty Insurers,,,,,,,,False
ARGU,Argus Capital Corp Class A, Acquisition, Acquisition,,,,,,,,False
ARGUU,Argus Capital Corp Unit, Acquisition, Acquisition,,,,,,,,False
ARGX,argenx SE American Depositary Shares,Health Care,Biotechnology: Biological Products (No Diagnostic Substances),,,,,,,,False
ARHS,Arhaus Class A,Consumer Durables,Wholesale Distributors,,,,,,,,False
ARI,Apollo Commercial Real Estate Finance,Consumer Services,Real Estate Investment Trusts,,,,,,,,False
ARIS,Aris Water Solutions Class A,Public Utilities,Water Supply,,,,,,,,False
ARIZ,Arisz Acquisition Corp, Acquisition, Acquisition,,,,,,,,False
ARIZU,Arisz Acquisition Corp Unit, Acquisition, Acquisition,,,,,,,,False
ARKO,ARKO Corp,Consumer Services,Food Chains,,,,,,,,False
ARKR,Ark Restaurants Corp,Consumer Services,Restaurants,,,,,,,,False
ARL,American Realty Investors,Consumer Services,Building operators,,,,,,,,False
ARLO,Arlo Technologies,Miscellaneous,Diversified Manufacture,,,,,,,,False
ARLP,Alliance Resource Partners LP Common Units representing Limited Partners Interests,Energy,Coal Mining,,,,,,,,False
ARMK,Aramark,Consumer Services,Restaurants,,,,,,,,False
ARMP,Armata Pharmaceuticals,Health Care,Biotechnology: Biological Products (No Diagnostic Substances),,,,,,,,False
ARNC,Arconic Corporation ,Technology,Industrial Machinery/Components,,,,,,,,False
AROC,Archrock,Energy,Oil & Gas Production,,,,,,,,False
AROW,Arrow Financial Corporation,Finance,Major Banks,,,,,,,,False
ARQQ,Arqit Quantum, Acquisition, Acquisition,,,,,,,,False
ARQT,Arcutis Biotherapeutics,Health Care,Biotechnology: Pharmaceutical Preparations,,,,,,,,False
ARR,ARMOUR Residential REIT,Consumer Services,Real Estate Investment Trusts,,,,,,,,False
ARRW,Arrowroot Acquisition Corp Class A, Acquisition, Acquisition,,,,,,,,False
ARRWU,Arrowroot Acquisition Corp Unit, Acquisition, Acquisition,,,,,,,,False
ARRY,Array Technologies,Technology,Semiconductors,,,,,,,,False
ARTA,Artisan Acquisition Corp Class A Ordinary Shares ,Finance,Business Services,,,,,,,,False
ARTAU,Artisan Acquisition Corp Units, Acquisition, Acquisition,,,,,,,,False
ARTE,Artemis Strategic Investment Corporation Class A, Acquisition, Acquisition,,,,,,,,False
ARTEU,Artemis Strategic Investment Corporation Unit, Acquisition, Acquisition,,,,,,,,False
ARTL,Artelo Biosciences,Health Care,Biotechnology: Pharmaceutical Preparations,,,,,,,,False
ARTNA,Artesian Resources Corporation Class A,Public Utilities,Water Supply,,,,,,,,False
ARTW,Art's-Way Manufacturing Co,Capital Goods,Industrial Machinery/Components,,,,,,,,False
ARVL,Arrival Ordinary Shares,Capital Goods,Auto Manufacturing,,,,,,,,False
ARVN,Arvinas,Health Care,Biotechnology: Pharmaceutical Preparations,,,,,,,,False
ARW,Arrow Electronics,Technology,Electronic Components,,,,,,,,False
ARWR,Arrowhead Pharmaceuticals,Health Care,Biotechnology: Pharmaceutical Preparations,,,,,,,,False
ARYD,ARYA Sciences Acquisition Corp IV Class A Odinary Shares,Finance,Business Services,,,,,,,,False
ARYE,ARYA Sciences Acquisition Corp V Class A Ordinary Shares, Acquisition, Acquisition,,,,,,,,False
ASA,ASA  Gold and Precious Metals Limited,Basic Industries,Precious Metals,,,,,,,,False
ASAI,Sendas Distribuidora S A ADS,Consumer Services,Food Chains,,,,,,,,False
ASAN,Asana Class A,Technology,Retail: Computer Software & Peripheral Equipment,,,,,,,,False
ASAQ,Atlantic Street Acquisition Corp Class A, Acquisition, Acquisition,,,,,,,,False
ASAX,Astrea Acquisition Corp Class A, Acquisition, Acquisition,,,,,,,,False
ASB,Associated Banc-Corp,Finance,Major Banks,,,,,,,,False
ASC,Ardmore Shipping Corporation,Transportation,Marine Transportation,,,,,,,,False
ASG,Liberty All-Star Growth Fund,Finance,Investment Managers,,,,,,,,False
ASGI,Aberdeen Standard Global Infrastructureome Fund Common Shares of Beneficial Interest,Finance,Investment Managers,,,,,,,,False
ASGN,ASGNorporated,Technology,EDP Services,,,,,,,,False
ASH,Ashland Global Holdings,Basic Industries,Specialty Chemicals,,,,,,,,False
ASIX,AdvanSix ,Basic Industries,Major Chemicals,,,,,,,,False
ASLE,AerSale Corporation,Transportation,Aerospace,,,,,,,,False
ASLN,ASLAN Pharmaceuticals Limited American Depositary Shares,Health Care,Biotechnology: Pharmaceutical Preparations,,,,,,,,False
ASM,Avino Silver & Gold Mines Ltd Common Shares (Canada), Acquisition, Acquisition,,,,,,,,False
ASMB,Assembly Biosciences,Health Care,Biotechnology: Pharmaceutical Preparations,,,,,,,,False
ASML,ASML Holding NV New York Registry Shares,Technology,Industrial Machinery/Components,,,,,,,,False
ASND,Ascendis Pharma A/S American Depositary Shares,Health Care,Biotechnology: Pharmaceutical Preparations,,,,,,,,False
ASO,Academy Sports and Outdoors,Consumer Non-Durables,Recreational Products/Toys,,,,,,,,False
ASPA,ABRI SPAC I, Acquisition, Acquisition,,,,,,,,False
ASPC,Alpha Capital Acquisition Company One Class A Ordinary Share,Finance,Business Services,,,,,,,,False
ASPCU,Alpha Capital Acquisition Company Unit,Finance,Business Services,,,,,,,,False
ASPN,Aspen Aerogels,Capital Goods,Wholesale Distributors,,,,,,,,False
ASPS,Altisource Portfolio Solutions SA,Finance,Finance: Consumer Services,,,,,,,,False
ASPU,Aspen Group,Miscellaneous,Other Consumer Services,,,,,,,,False
ASR,Grupo Aeroportuario del Sureste SA de CV,Transportation,Aerospace,,,,,,,,False
ASRT,Assertio Holdings,Health Care,Biotechnology: Pharmaceutical Preparations,,,,,,,,False
ASRV,AmeriServ Financial,Finance,Major Banks,,,,,,,,False
ASTC,Astrotech Corporation (DE),Capital Goods,Aerospace,,,,,,,,False
ASTE,Astec Industries,Capital Goods,Construction/Ag Equipment/Trucks,,,,,,,,False
ASTL,Algoma Steel Group Common Shares, Acquisition, Acquisition,,,,,,,,False
ASTR,Astra Space Class A , Acquisition, Acquisition,,,,,,,,False
ASTS,AST SpaceMobile Class A,Consumer Services,Telecommunications Equipment,,,,,,,,False
ASUR,Asure Software,Technology,EDP Services,,,,,,,,False
ASX,ASE Technology Holding Co Ltd American Depositary Shares (each representing Two Common Shares) ,Technology,Semiconductors,,,,,,,,False
ASXC,Asensus Surgical,Health Care,Medical/Dental Instruments,,,,,,,,False
ASYS,Amtech Systems,Technology,Semiconductors,,,,,,,,False
ASZ,Austerlitz Acquisition Corporation II Class A Ordinary Shares, Acquisition, Acquisition,,,,,,,,False
ATA,Americas Technology Acquisition Corp Ordinary Shares,Finance,Business Services,,,,,,,,False
ATAI,ATAI Life Sciences NV Common Shares, Acquisition, Acquisition,,,,,,,,False
ATAQ,Altimar Acquisition Corp III Class A Ordinary Shares, Acquisition, Acquisition,,,,,,,,False
ATAX,America First Multifamily Investors LP Beneficial Unit Certificates (BUCs) representing Limited Partnership Interests,Finance,Finance: Consumer Services,,,,,,,,False
ATC,Atotech Limited Common Shares,Basic Industries,Major Chemicals,,,,,,,,False
ATCO,Atlas Corp Common Shares,Transportation,Marine Transportation,,,,,,,,False
ATCOL,Atlas Corp 7125% Notes due 2027, Acquisition, Acquisition,,,,,,,,False
ATCX,Atlas Technical Consultants Class A,Consumer Services,Military/Government/Technical,,,,,,,,False
ATEC,Alphatec Holdings,Health Care,Medical/Dental Instruments,,,,,,,,False
ATEN,A10 Networks,Technology,EDP Services,,,,,,,,False
ATER,Aterian, Acquisition, Acquisition,,,,,,,,False
ATEX,Anterix,Consumer Services,Telecommunications Equipment,,,,,,,,False
ATGE,Adtalem Global Education,Miscellaneous,Other Consumer Services,,,,,,,,False
ATHA,Athira Pharma,Consumer Durables,Specialty Chemicals,,,,,,,,False
ATHE,Alterity Therapeutics Limited American Depositary Shares,Health Care,Biotechnology: Pharmaceutical Preparations,,,,,,,,False
ATHM,Autohome American Depositary Shares each representing four class A ordinary shares, Acquisition, Acquisition,,,,,,,,False
ATHX,Athersys,Health Care,Biotechnology: Pharmaceutical Preparations,,,,,,,,False
ATI,Allegheny Technologiesorporated,Basic Industries,Steel/Iron Ore,,,,,,,,False
ATIF,ATIF Holdings Limited Ordinary Shares,Consumer Services,Professional Services,,,,,,,,False
ATIP,ATI Physical Therapy Class A,Health Care,Managed Health Care,,,,,,,,False
ATKR,Atkore,Technology,Electrical Products,,,,,,,,False
ATLC,Atlanticus Holdings Corporation,Finance,Finance: Consumer Services,,,,,,,,False
ATLCL,Atlanticus Holdings Corporation 6125% Senior Notes due 2026, Acquisition, Acquisition,,,,,,,,False
ATLCP,Atlanticus Holdings Corporation 7625% Series B Cumulative Perpetual Preferred Stock no par value per share,Finance,Finance: Consumer Services,,,,,,,,False
ATLO,Ames National Corporation,Finance,Major Banks,,,,,,,,False
ATNF,180 Life Sciences Corp,Health Care,Biotechnology: Pharmaceutical Preparations,,,,,,,,False
ATNI,ATN International,Public Utilities,Telecommunications Equipment,,,,,,,,False
ATNM,Actinium Pharmaceuticals (Delaware),Health Care,Biotechnology: Pharmaceutical Preparations,,,,,,,,False
ATNX,Athenex,Health Care,Biotechnology: Pharmaceutical Preparations,,,,,,,,False
ATO,Atmos Energy Corporation,Public Utilities,Oil/Gas Transmission,,,,,,,,False
ATOM,Atomeraorporated,Technology,Semiconductors,,,,,,,,False
ATOS,Atossa Therapeutics,Health Care,Biotechnology: In Vitro & In Vivo Diagnostic Substances,,,,,,,,False
ATR,AptarGroup,Capital Goods,Office Equipment/Supplies/Services,,,,,,,,False
ATRA,Atara Biotherapeutics,Health Care,Biotechnology: Biological Products (No Diagnostic Substances),,,,,,,,False
ATRC,AtriCure,Health Care,Medical/Dental Instruments,,,,,,,,False
ATRI,Atrion Corporation,Health Care,Medical/Dental Instruments,,,,,,,,False
ATRO,Astronics Corporation,Capital Goods,Military/Government/Technical,,,,,,,,False
ATRS,Antares Pharma,Health Care,Medical/Dental Instruments,,,,,,,,False
ATSG,Air Transport Services Group, Acquisition, Acquisition,,,,,,,,False
ATTO,Atento SA Ordinary Shares,Public Utilities,Telecommunications Equipment,,,,,,,,False
ATUS,Altice USA Class A,Public Utilities,Telecommunications Equipment,,,,,,,,False
ATVC,Tribe Capital Growth Corp I Class A, Acquisition, Acquisition,,,,,,,,False
ATVCU,Tribe Capital Growth Corp I Units, Acquisition, Acquisition,,,,,,,,False
ATVI,Activision Blizzard,Technology,Computer Software: Prepackaged Software,,,,,,,,False
ATXI,Avenue Therapeutics,Consumer Durables,Specialty Chemicals,,,,,,,,False
ATXS,Astria Therapeutics,Health Care,Biotechnology: Pharmaceutical Preparations,,,,,,,,False
ATY,AcuityAds Holdings Common Shares, Acquisition, Acquisition,,,,,,,,False
AU,AngloGold Ashanti Limited,Basic Industries,Precious Metals,,,,,,,,False
AUB,Atlantic Union Bankshares Corporation,Finance,Major Banks,,,,,,,,False
AUBAP,Atlantic Union Bankshares Corporation Depositary Shares each representing a 1/400th ownership interest in a share of 6875% Perpetual Non-Cumulative Preferred Stock Series A,Finance,Major Banks,,,,,,,,False
AUBN,Auburn National Bancorporation,Finance,Major Banks,,,,,,,,False
AUD,Audacy,Consumer Services,Broadcasting,,,,,,,,False
AUDC,AudioCodes Ltd,Public Utilities,Telecommunications Equipment,,,,,,,,False
AUGX,Augmedix,Technology,Computer Software: Prepackaged Software,,,,,,,,False
AUID,Ipsidy,Technology,Computer Software: Prepackaged Software,,,,,,,,False
AUMN,Golden Minerals Company,Basic Industries,Metal Mining,,,,,,,,False
AUPH,Aurinia Pharmaceuticals, Acquisition, Acquisition,,,,,,,,False
AUR,Aurora Innovation Class A,Technology,EDP Services,,,,,,,,False
AURA,Aura Biosciences,Health Care,Biotechnology: Pharmaceutical Preparations,,,,,,,,False
AURC,Aurora Acquisition Corp Class A Ordinary Shares,Finance,Finance: Consumer Services,,,,,,,,False
AUS,Austerlitz Acquisition Corporation I Class A Ordinary Shares, Acquisition, Acquisition,,,,,,,,False
AUTL,Autolus Therapeutics plc American Depositary Share,Health Care,Biotechnology: Biological Products (No Diagnostic Substances),,,,,,,,False
AUTO,AutoWeb,Miscellaneous,Business Services,,,,,,,,False
AUUD,Auddia,Technology,Computer Software: Prepackaged Software,,,,,,,,False
AUVI,Applied UV, Acquisition, Acquisition,,,,,,,,False
AUVIP,Applied UV 105% Series A Cumulative Perpetual Preferred Stock $00001 par value per share, Acquisition, Acquisition,,,,,,,,False
AUY,Yamana Gold (Canada), Acquisition, Acquisition,,,,,,,,False
AVA,Avista Corporation,Public Utilities,Power Generation,,,,,,,,False
AVAC,Avalon Acquisition Class A, Acquisition, Acquisition,,,,,,,,False
AVACU,Avalon Acquisition Units, Acquisition, Acquisition,,,,,,,,False
AVAH,Aveanna Healthcare Holdings,Health Care,Hospital/Nursing Management,,,,,,,,False
AVAL,Grupo Aval Acciones y Valores SA ADR (Each representing 20 preferred shares),Finance,Commercial Banks,,,,,,,,False
AVAN,Avanti Acquisition Corp Class A Ordinary Shares,Finance,Business Services,,,,,,,,False
AVAV,AeroVironment,Capital Goods,Aerospace,,,,,,,,False
AVB,AvalonBay Communities,Consumer Services,Real Estate Investment Trusts,,,,,,,,False
AVCO,Avalon GloboCare Corp,Health Care,Hospital/Nursing Management,,,,,,,,False
AVCT,American Virtual Cloud Technologies ,Technology,EDP Services,,,,,,,,False
AVD,American Vanguard Corporation ($010 Par Value),Basic Industries,Agricultural Chemicals,,,,,,,,False
AVDL,Avadel Pharmaceuticals plc American Depositary Shares,Health Care,Biotechnology: Pharmaceutical Preparations,,,,,,,,False
AVDX,AvidXchange Holdings,Technology,EDP Services,,,,,,,,False
AVEO,AVEO Pharmaceuticals,Health Care,Biotechnology: Pharmaceutical Preparations,,,,,,,,False
AVGO,Broadcom,Technology,Semiconductors,,,,,,,,False
AVGOP,Broadcom 800% Mandatory Convertible Preferred Stock Series A,Technology,Semiconductors,,,,,,,,False
AVGR,Avinger,Health Care,Medical/Dental Instruments,,,,,,,,False
AVHI,Achari Ventures Holdings Corp I, Acquisition, Acquisition,,,,,,,,False
AVID,Avid Technology,Technology,Computer Software: Prepackaged Software,,,,,,,,False
AVIR,Atea Pharmaceuticals,Consumer Durables,Specialty Chemicals,,,,,,,,False
AVK,Advent Convertible andome Fund,Finance,Trusts Except Educational Religious and Charitable,,,,,,,,False
AVLR,Avalara,Technology,EDP Services,,,,,,,,False
AVNS,Avanos Medical,Health Care,Industrial Specialties,,,,,,,,False
AVNT,Avient Corporation,Basic Industries,Major Chemicals,,,,,,,,False
AVNW,Aviat Networks,Capital Goods,Telecommunications Equipment,,,,,,,,False
AVO,Mission Produce, Acquisition, Acquisition,,,,,,,,False
AVPT,AvePoint Class A,Technology,EDP Services,,,,,,,,False
AVRO,AVROBIO,Health Care,Biotechnology: Biological Products (No Diagnostic Substances),,,,,,,,False
AVT,Avnet,Technology,Electronic Components,,,,,,,,False
AVTE,Aerovate Therapeutics,Health Care,Biotechnology: Pharmaceutical Preparations,,,,,,,,False
AVTR,Avantor,Basic Industries,Industrial Specialties,,,,,,,,False
AVTX,Avalo Therapeutics,Health Care,Biotechnology: Pharmaceutical Preparations,,,,,,,,False
AVXL,Anavex Life Sciences Corp,Health Care,Biotechnology: Commercial Physical & Biological Resarch,,,,,,,,False
AVY,Avery Dennison Corporation,Miscellaneous,Office Equipment/Supplies/Services,,,,,,,,False
AVYA,Avaya Holdings Corp,Technology,Retail: Computer Software & Peripheral Equipment,,,,,,,,False
AWF,Alliancebernstein Global Highome Fund,Finance,Trusts Except Educational Religious and Charitable,,,,,,,,False
AWH,Aspira Women's Health,Health Care,Medical/Dental Instruments,,,,,,,,False
AWI,Armstrong World Industries, Acquisition, Acquisition,,,,,,,,False
AWK,American Water Works Company,Public Utilities,Water Supply,,,,,,,,False
AWP,Aberdeen Global Premier Properties Fund Common Shares of Beneficial Interest,Finance,Trusts Except Educational Religious and Charitable,,,,,,,,False
AWR,American States Water Company,Public Utilities,Water Supply,,,,,,,,False
AWRE,Aware,Technology,EDP Services,,,,,,,,False
AWX,Avalon Holdings Corporation,Public Utilities,Environmental Services,,,,,,,,False
AX,Axos Financial,Finance,Savings Institutions,,,,,,,,False
AXDX,Accelerate Diagnostics,Capital Goods,Biotechnology: Laboratory Analytical Instruments,,,,,,,,False
AXGN,Axogen,Health Care,Biotechnology: Electromedical & Electrotherapeutic Apparatus,,,,,,,,False
AXH,Industrial Human Capital, Acquisition, Acquisition,,,,,,,,False
AXL,American Axle & Manufacturing Holdings,Capital Goods,Auto Parts:OEM,,,,,,,,False
AXLA,Axcella Health,Health Care,Biotechnology: Pharmaceutical Preparations,,,,,,,,False
AXNX,Axonics,Health Care,Medical/Dental Instruments,,,,,,,,False
AXON,Axon Enterprise,Consumer Non-Durables,Military/Government/Technical,,,,,,,,False
AXP,American Express Company,Finance,Finance: Consumer Services,,,,,,,,False
AXR,AMREP Corporation,Consumer Services,Homebuilding,,,,,,,,False
AXS,Axis Capital Holdings Limited,Finance,Property-Casualty Insurers,,,,,,,,False
AXSM,Axsome Therapeutics,Health Care,Biotechnology: Pharmaceutical Preparations,,,,,,,,False
AXTA,Axalta Coating Systems Ltd Common Shares,Basic Industries,Paints/Coatings,,,,,,,,False
AXTI,AXT,Technology,Semiconductors,,,,,,,,False
AXU,Alexco Resource Corp Common Shares (Canada), Acquisition, Acquisition,,,,,,,,False
AY,Atlantica Sustainable Infrastructure plc Ordinary Shares,Public Utilities,Electric Utilities: Central,,,,,,,,False
AYI,Acuity Brands ,Consumer Durables,Building Products,,,,,,,,False
AYLA,Ayala Pharmaceuticals,Consumer Durables,Specialty Chemicals,,,,,,,,False
AYRO,AYRO, Acquisition, Acquisition,,,,,,,,False
AYTU,Aytu BioPharma ,Health Care,Biotechnology: Pharmaceutical Preparations,,,,,,,,False
AYX,Alteryx Class A,Technology,Computer Software: Prepackaged Software,,,,,,,,False
AZ,A2Z Smart Technologies Corp Common Shares, Acquisition, Acquisition,,,,,,,,False
AZEK,The AZEK Company Class A, Acquisition, Acquisition,,,,,,,,False
AZN,AstraZeneca PLC American Depositary Shares,Health Care,Biotechnology: Pharmaceutical Preparations,,,,,,,,False
AZO,AutoZone, Acquisition, Acquisition,,,,,,,,False
AZPN,Aspen Technology,Technology,EDP Services,,,,,,,,True
AZRE,Azure Power Global Limited Equity Shares,Public Utilities,Electric Utilities: Central,,,,,,,,False
AZTA,Azenta,Health Care,Medical/Dental Instruments,,,,,,,,False
AZUL,Azul SA American Depositary Shares (each representing three preferred shares),Transportation,Air Freight/Delivery Services,,,,,,,,False
AZYO,Aziyo Biologics Class A,Health Care,Medical Specialities,,,,,,,,False
AZZ,AZZ,Capital Goods,Industrial Machinery/Components,,,,,,,,False
B,Barnes Group,Capital Goods,Office Equipment/Supplies/Services,,,,,,,,False
BA,Boeing Company (The),Capital Goods,Aerospace,,,,,,,,False
BABA,Alibaba Group Holding Limited American Depositary Shares each representing eight Ordinary share,Consumer Services,Catalog/Specialty Distribution,,,,,,,,False
BAC,Bank of America Corporation,Finance,Major Banks,,,,,,,,False
BACA,Berenson Acquisition Corp I Class A, Acquisition, Acquisition,,,,,,,,False
BAFN,BayFirst Financial Corp,Finance,Savings Institutions,,,,,,,,False
BAH,Booz Allen Hamilton Holding Corporation,Consumer Services,Professional Services,,,,,,,,False
BAK,Braskem SA ADR,Basic Industries,Major Chemicals,,,,,,,,False
BALY,Bally's Corporation,Consumer Services,Recreational Products/Toys,,,,,,,,False
BAM,Brookfield Asset Management,Miscellaneous,Other Consumer Services,,,,,,,,False
BAMH,Brookfield Finance 4625% Subordinated Notes due October 16 2080,Consumer Services,Building operators,,,,,,,,False
BAMI,Brookfield Finance 450% Perpetual Subordinated Notes,Consumer Services,Building operators,,,,,,,,False
BAMR,Brookfield Asset Management Reinsurance Partners Ltd Class A Exchangeable Limited Voting Shares, Acquisition, Acquisition,,,,,,,,False
BANC,Banc of California,Finance,Major Banks,,,,,,,,False
BAND,Bandwidth Class A,Technology,Computer Software: Prepackaged Software,,,,,,,,False
BANF,BancFirst Corporation,Finance,Major Banks,,,,,,,,False
BANFP,BancFirst Corporation - BFC Capital Trust II Cumulative Trust Preferred Securities,Finance,Major Banks,,,,,,,,False
BANR,Banner Corporation,Finance,Major Banks,,,,,,,,False
BANX,StoneCastle Financial Corp,Finance,Trusts Except Educational Religious and Charitable,,,,,,,,False
BAOS,Baosheng Media Group Holdings Limited Ordinary shares,Miscellaneous,Business Services,,,,,,,,False
BAP,Credicorp Ltd,Finance,Commercial Banks,,,,,,,,False
BARK,BARK Class A,Consumer Services,Department/Specialty Retail Stores,,,,,,,,False
BASE,Couchbase,Technology,EDP Services,,,,,,,,False
BATL,Battalion Oil Corporation,Energy,Oil & Gas Production,,,,,,,,False
BATRA,Liberty Media Corporation Series A Liberty Braves,Consumer Services,Movies/Entertainment,,,,,,,,False
BATRK,Liberty Media Corporation Series C Liberty Braves,Consumer Services,Movies/Entertainment,,,,,,,,False
BAX,Baxter International,Health Care,Medical/Dental Instruments,,,,,,,,False
BB,BlackBerry Limited, Acquisition, Acquisition,,,,,,,,False
BBAI,BigBearai,Technology,EDP Services,,,,,,,,False
BBAR,Banco BBVA Argentina SA ADS,Finance,Commercial Banks,,,,,,,,False
BBBY,Bed Bath & Beyond,Consumer Services,Other Specialty Stores,,,,,,,,False
BBCP,Concrete Pumping Holdings,Consumer Services,Military/Government/Technical,,,,,,,,False
BBD,Banco Bradesco Sa American Depositary Shares,Finance,Commercial Banks,,,,,,,,False
BBDC,Barings BDC,Finance,Investment Managers,,,,,,,,False
BBDO,Banco Bradesco Sa American Depositary Shares (each representing one Common Share),Finance,Commercial Banks,,,,,,,,False
BBGI,Beasley Broadcast Group Class A,Consumer Services,Broadcasting,,,,,,,,False
BBI,Brickell Biotech,Health Care,Biotechnology: Biological Products (No Diagnostic Substances),,,,,,,,False
BBIG,Vinco Ventures,Consumer Non-Durables,Recreational Products/Toys,,,,,,,,False
BBIO,BridgeBio Pharma,Health Care,Biotechnology: Pharmaceutical Preparations,,,,,,,,False
BBLG,Bone Biologics Corp,Health Care,Industrial Specialties,,,,,,,,False
BBLGW,Bone Biologics Corp Warrants,Health Care,Industrial Specialties,,,,,,,,False
BBLN,Babylon Holdings Limited Class A Ordinary Shares, Acquisition, Acquisition,,,,,,,,False
BBN,BlackRock Taxable Municipal Bond Trust Common Shares of Beneficial Interest,Finance,Finance Companies,,,,,,,,False
BBQ,BBQ Holdings,Consumer Services,Restaurants,,,,,,,,False
BBSI,Barrett Business Services,Technology,Professional Services,,,,,,,,False
BBU,Brookfield Business Partners LP Limited Partnership Units ,Capital Goods,Building Products,,,,,,,,False
BBVA,Banco Bilbao Vizcaya Argentaria SA,Finance,Commercial Banks,,,,,,,,False
BBW,Build-A-Bear Workshop,Consumer Services,Recreational Products/Toys,,,,,,,,False
BBWI,Bath & Body Works,Miscellaneous,Diversified Commercial Services,,,,,,,,False
BBY,Best Buy Co,Consumer Services,Consumer Electronics/Video Chains,,,,,,,,False
BC,Brunswick Corporation,Consumer Non-Durables,Recreational Products/Toys,,,,,,,,False
BCAB,BioAtla,Consumer Durables,Specialty Chemicals,,,,,,,,False
BCAC,Brookline Capital Acquisition Corp, Acquisition, Acquisition,,,,,,,,False
BCACU,Brookline Capital Acquisition Corp Units, Acquisition, Acquisition,,,,,,,,False
BCACW,Brookline Capital Acquisition Corp Warrant, Acquisition, Acquisition,,,,,,,,False
BCAT,BlackRock Capital Allocation Trust Common Shares of Beneficial Interest,Finance,Finance/Investors Services,,,,,,,,False
BCBP,BCB Bancorp (NJ),Finance,Savings Institutions,,,,,,,,False
BCC,Boise Cascade LLC, Acquisition, Acquisition,,,,,,,,False
BCDA,BioCardia,Health Care,Biotechnology: Pharmaceutical Preparations,,,,,,,,False
BCE,BCE, Acquisition, Acquisition,,,,,,,,False
BCEL,Atreca Class A,Health Care,Biotechnology: Pharmaceutical Preparations,,,,,,,,False
BCH,Banco De Chile Banco De Chile ADS,Finance,Commercial Banks,,,,,,,,False
BCLI,Brainstorm Cell Therapeutics,Health Care,Biotechnology: Biological Products (No Diagnostic Substances),,,,,,,,False
BCML,BayCom Corp,Finance,Major Banks,,,,,,,,False
BCO,Brinks Company (The),Miscellaneous,Diversified Manufacture,,,,,,,,False
BCOR,Blucora,Finance,Investment Managers,,,,,,,,False
BCOV,Brightcove,Technology,EDP Services,,,,,,,,False
BCOW,1895 Bancorp of Wisconsin (MD),Finance,Finance: Consumer Services,,,,,,,,False
BCPC,Balchem Corporation,Basic Industries,Industrial Specialties,,,,,,,,False
BCRX,BioCryst Pharmaceuticals,Health Care,Biotechnology: Biological Products (No Diagnostic Substances),,,,,,,,False
BCS,Barclays PLC,Finance,Commercial Banks,,,,,,,,False
BCSA,Blockchain Coinvestors Acquisition Corp I Class A Ordinary Shares, Acquisition, Acquisition,,,,,,,,False
BCSAU,Blockchain Coinvestors Acquisition Corp I Unit, Acquisition, Acquisition,,,,,,,,False
BCSF,Bain Capital Specialty Finance,Finance,Finance/Investors Services,,,,,,,,False
BCTX,BriaCell Therapeutics Corp Common Shares, Acquisition, Acquisition,,,,,,,,False
BCV,Bancroft Fund Ltd,Finance,Finance/Investors Services,,,,,,,,False
BCX,BlackRock Resources Common Shares of Beneficial Interest,Finance,Finance/Investors Services,,,,,,,,False
BCYC,Bicycle Therapeutics plc American Depositary Shares,Health Care,Biotechnology: Pharmaceutical Preparations,,,,,,,,False
BDC,Belden,Capital Goods,Telecommunications Equipment,,,,,,,,False
BDJ,Blackrock Enhanced Equity Dividend Trust,Finance,Finance Companies,,,,,,,,False
BDL,Flanigan's Enterprises,Consumer Services,Restaurants,,,,,,,,False
BDN,Brandywine Realty Trust,Consumer Services,Real Estate Investment Trusts,,,,,,,,False
BDR,Blonder Tongue Laboratories,Technology,Radio And Television Broadcasting And Communications Equipment,,,,,,,,False
BDSX,Biodesix,Health Care,Precision Instruments,,,,,,,,False
BDTX,Black Diamond Therapeutics,Health Care,Biotechnology: Pharmaceutical Preparations,,,,,,,,False
BDX,Becton Dickinson and Company,Health Care,Medical/Dental Instruments,,,,,,,,False
BDXB,Becton Dickinson and Company Depositary Shares each Representing a 1/20th Interest in a Share of 600% Mandatory Convertible Preferred Stock Series B,Health Care,Medical/Dental Instruments,,,,,,,,False
BE,Bloom Energy Corporation Class A,Consumer Durables,Electrical Products,,,,,,,,False
BEAM,Beam Therapeutics,Consumer Durables,Specialty Chemicals,,,,,,,,False
BEAT,Heartbeam,Technology,Retail: Computer Software & Peripheral Equipment,,,,,,,,False
BECN,Beacon Roofing Supply,Capital Goods,Wholesale Distributors,,,,,,,,False
BEDU,Bright Scholar Education Holdings Limited American Depositary Shares each  representing one Class A Ordinary Share,Miscellaneous,Other Consumer Services,,,,,,,,False
BEEM,Beam Global,Technology,Semiconductors,,,,,,,,False
BEKE,KE Holdings American Depositary Shares (each representing three Class A Ordinary Shares),Finance,Real Estate,,,,,,,,False
BELFA,Bel Fuse Class A,Capital Goods,Electrical Products,,,,,,,,False
BELFB,Bel Fuse Class B,Capital Goods,Electrical Products,,,,,,,,False
BEN,Franklin Resources,Finance,Investment Managers,,,,,,,,False
BENE,Benessere Capital Acquisition Corp Class A, Acquisition, Acquisition,,,,,,,,False
BENER,Benessere Capital Acquisition Corp Right,Finance,Business Services,,,,,,,,False
BENEU,Benessere Capital Acquisition Corp Unit, Acquisition, Acquisition,,,,,,,,False
BENEW,Benessere Capital Acquisition Corp Warrant, Acquisition, Acquisition,,,,,,,,False
BEP,Brookfield Renewable Partners LP ,Public Utilities,Electric Utilities: Central,,,,,,,,False
BEPC,Brookfield Renewable Corporation Class A Subordinate Voting Shares , Acquisition, Acquisition,,,,,,,,False
BEPH,Brookfield BRP Holdings (Canada) 4625% Perpetual Subordinated Notes, Acquisition, Acquisition,,,,,,,,False
BEPI,Brookfield BRP Holdings (Canada) 4875% Perpetual Subordinated Notes, Acquisition, Acquisition,,,,,,,,False
BERY,Berry Global Group,Consumer Non-Durables,Plastic Products,,,,,,,,False
BEST,BEST American Depositary Shares each representing one Class A Ordinary Share, Acquisition, Acquisition,,,,,,,,False
BFAM,Bright Horizons Family Solutions,Miscellaneous,Other Consumer Services,,,,,,,,False
BFC,Bank First Corporation,Finance,Major Banks,,,,,,,,False
BFI,BurgerFi International ,Consumer Services,Restaurants,,,,,,,,False
BFIN,BankFinancial Corporation,Finance,Major Banks,,,,,,,,False
BFK,BlackRock Municipalome Trust,Finance,Finance Companies,,,,,,,,False
BFLY,Butterfly Network Class A,Health Care,Biotechnology: Electromedical & Electrotherapeutic Apparatus,,,,,,,,False
BFRI,Biofrontera,Health Care,Biotechnology: Pharmaceutical Preparations,,,,,,,,False
BFS,Saul Centers,Consumer Services,Real Estate Investment Trusts,,,,,,,,False
BFST,Business First Bancshares,Finance,Major Banks,,,,,,,,False
BFZ,BlackRock California Municipalome Trust,Finance,Finance Companies,,,,,,,,False
BG,Bunge Limited Bunge Limited,Basic Industries,Industrial Specialties,,,,,,,,False
BGB,Blackstone Strategic Credit Fund Common Shares,Finance,Trusts Except Educational Religious and Charitable,,,,,,,,False
BGCP,BGC Partners Class A,Finance,Investment Bankers/Brokers/Service,,,,,,,,False
BGFV,Big 5 Sporting Goods Corporation,Consumer Services,Other Specialty Stores,,,,,,,,False
BGH,Barings Global Short Duration High Yield Fund Common Shares of Beneficial Interests,Finance,Investment Managers,,,,,,,,False
BGI,Birks Group, Acquisition, Acquisition,,,,,,,,False
BGNE,BeiGene Ltd American Depositary Shares,Health Care,Biotechnology: Pharmaceutical Preparations,,,,,,,,False
BGR,BlackRock Energy and Resources Trust,Finance,Trusts Except Educational Religious and Charitable,,,,,,,,False
BGRY,Berkshire Grey Class A,Capital Goods,Office Equipment/Supplies/Services,,,,,,,,False
BGRYW,Berkshire Grey Warrant,Capital Goods,Office Equipment/Supplies/Services,,,,,,,,False
BGS,B&G Foods B&G Foods,Consumer Non-Durables,Packaged Foods,,,,,,,,False
BGSF,BGSF,Technology,Diversified Commercial Services,,,,,,,,False
BGSX,Build Acquisition Corp Class A, Acquisition, Acquisition,,,,,,,,False
BGT,BlackRock Floating Rateome Trust,Finance,Trusts Except Educational Religious and Charitable,,,,,,,,False
BGX,Blackstone Long Short Creditome Fund Common Shares,Finance,Trusts Except Educational Religious and Charitable,,,,,,,,False
BGY,Blackrock Enhanced International Dividend Trust,Finance,Trusts Except Educational Religious and Charitable,,,,,,,,False
BH,Biglari Holdings Class B,Consumer Services,Restaurants,,,,,,,,False
BHAC,Crixus BH3 Acquisition Company Class A, Acquisition, Acquisition,,,,,,,,False
BHACU,Crixus BH3 Acquisition Company Units, Acquisition, Acquisition,,,,,,,,False
BHAT,Blue Hat Interactive Entertainment Technology Ordinary Shares,Consumer Non-Durables,Recreational Products/Toys,,,,,,,,False
BHB,Bar Harbor Bankshares,Finance,Major Banks,,,,,,,,False
BHC,Bausch Health Companies, Acquisition, Acquisition,,,,,,,,False
BHE,Benchmark Electronics,Technology,Electrical Products,,,,,,,,False
BHF,Brighthouse Financial,Finance,Life Insurance,,,,,,,,False
BHFAL,Brighthouse Financial 625% Junior Subordinated Debentures due 2058,Finance,Life Insurance,,,,,,,,False
BHFAM,Brighthouse Financial Depositary shares each representing a 1/1000th Interest in a Share of 4625% Non-Cumulative Preferred Stock Series D,Finance,Life Insurance,,,,,,,,False
BHFAN,Brighthouse Financial Depositary shares each representing a 1/1000th interest in a share of 5375% Non-Cumulative Preferred Stock Series C,Finance,Life Insurance,,,,,,,,False
BHFAO,Brighthouse Financial Depositary Shares 675% Non-Cumulative Preferred Stock Series B,Finance,Life Insurance,,,,,,,,False
BHFAP,Brighthouse Financial Depositary Shares 66% Non-Cumulative Preferred Stock Series A,Finance,Life Insurance,,,,,,,,False
BHG,Bright Health Group,Health Care,Medical Specialities,,,,,,,,False
BHIL,Benson Hill,Farming/Seeds/Milling,Farming/Seeds/Milling,,,,,,,,False
BHK,Blackrock Core Bond Trust Blackrock Core Bond Trust,Finance,Finance Companies,,,,,,,,False
BHLB,Berkshire Hills Bancorp,Finance,Savings Institutions,,,,,,,,False
BHP,BHP Group Limited American Depositary Shares (Each representing two Ordinary Shares),Basic Industries,Precious Metals,,,,,,,,False
BHR,Braemar Hotels & Resorts,Consumer Services,Real Estate Investment Trusts,,,,,,,,False
BHSE,Bull Horn Holdings Corp Ordinary Shares,Finance,Business Services,,,,,,,,False
BHSEU,Bull Horn Holdings Corp Unit,Finance,Business Services,,,,,,,,False
BHV,BlackRock Virginia Municipal Bond Trust,Finance,Finance/Investors Services,,,,,,,,False
BHVN,Biohaven Pharmaceutical Holding Company Ltd Common Shares,Health Care,Biotechnology: Pharmaceutical Preparations,,,,,,,,False
BIDU,Baidu ADS,Technology,Computer Software: Programming Data Processing,,,,,,,,False
BIF,Boulder Growth &ome Fund,Finance,Investment Managers,,,,,,,,False
BIG,Big Lots,Consumer Services,Department/Specialty Retail Stores,,,,,,,,False
BIGC,BigCommerce Holdings Series 1,Technology,Computer Software: Prepackaged Software,,,,,,,,False
BIGZ,BlackRock Innovation and Growth Trust Common Shares of Beneficial Interest, Acquisition, Acquisition,,,,,,,,False
BIIB,Biogen,Health Care,Biotechnology: Pharmaceutical Preparations,,,,,,,,False
BILI,Bilibili American Depositary Shares,Technology,EDP Services,,,,,,,,False
BILL,Billcom Holdings,Technology,Computer Software: Prepackaged Software,,,,,,,,False
BIMI,BIMI International Medical,Health Care,Medical/Nursing Services,,,,,,,,False
BIO,Bio-Rad Laboratories Class A,Capital Goods,Biotechnology: Laboratory Analytical Instruments,,,,,,,,False
BIOC,Biocept,Health Care,Biotechnology: Commercial Physical & Biological Resarch,,,,,,,,False
BIOL,Biolase,Health Care,Medical/Dental Instruments,,,,,,,,False
BIOSU,BioPlus Acquisition Corp Unit, Acquisition, Acquisition,,,,,,,,False
BIOT,Biotech Acquisition Company Class A Ordinary Shares,Finance,Business Services,,,,,,,,False
BIOTU,Biotech Acquisition Company Unit,Finance,Business Services,,,,,,,,False
BIOX,Bioceres Crop Solutions Corp Ordinary Shares,Basic Industries,Agricultural Chemicals,,,,,,,,False
BIP,Brookfield Infrastructure Partners LP Limited Partnership Units,Public Utilities,Power Generation,,,,,,,,False
BIPC,Brookfield Infrastructure Partners LP Class A Subordinate Voting Shares , Acquisition, Acquisition,,,,,,,,False
BIPH,Brookfield Infrastructure Corporation 5000% Subordinated Notes due 2081,Health Care,Medical/Dental Instruments,,,,,,,,False
BIRD,Allbirds Class A,Consumer Non-Durables,Shoe Manufacturing,,,,,,,,False
BIT,BlackRock Multi-Sectorome Trust Common Shares of Beneficial Interest,Finance,Trusts Except Educational Religious and Charitable,,,,,,,,False
BITE,Bite Acquisition Corp, Acquisition, Acquisition,,,,,,,,False
BITF,Bitfarms Ltd, Acquisition, Acquisition,,,,,,,,False
BIVI,BioVie Class A,Health Care,Biotechnology: Pharmaceutical Preparations,,,,,,,,False
BJ,BJ's Wholesale Club Holdings,Consumer Services,Department/Specialty Retail Stores,,,,,,,,False
BJDX,Bluejay Diagnostics,Health Care,Medical Specialities,,,,,,,,False
BJRI,BJ's Restaurants,Consumer Services,Restaurants,,,,,,,,False
BK,The Bank of New York Mellon Corporation,Finance,Investment Managers,,,,,,,,False
BKCC,BlackRock Capital Investment Corporation,Finance,Investment Managers,,,,,,,,False
BKD,Brookdale Senior Living,Health Care,Hospital/Nursing Management,,,,,,,,False
BKE,Buckle (The),Consumer Services,Clothing/Shoe/Accessory Stores,,,,,,,,False
BKEP,Blueknight Energy Partners LP Common Units,Energy,Oil & Gas Production,,,,,,,,False
BKEPP,Blueknight Energy Partners LP Series A Preferred Units,Energy,Oil & Gas Production,,,,,,,,False
BKH,Black Hills Corporation,Public Utilities,Electric Utilities: Central,,,,,,,,False
BKI,Black Knight ,Technology,EDP Services,,,,,,,,False
BKKT,Bakkt Holdings Class A,Technology,Computer Software: Prepackaged Software,,,,,,,,False
BKN,BlackRock Investment Quality Municipal Trust (The),Finance,Trusts Except Educational Religious and Charitable,,,,,,,,False
BKNG,Booking Holdings,Transportation,Other Consumer Services,,,,,,,,False
BKR,Baker Hughes Company Class A,Energy,Oilfield Services/Equipment,,,,,,,,False
BKSC,Bank of South Carolina Corp,Finance,Major Banks,,,,,,,,False
BKSY,BlackSky Technology Class A,Capital Goods,Industrial Machinery/Components,,,,,,,,False
BKT,BlackRockome Trust (The),Finance,Trusts Except Educational Religious and Charitable,,,,,,,,False
BKTI,BK Technologies Corporation,Technology,Radio And Television Broadcasting And Communications Equipment,,,,,,,,False
BKU,BankUnited,Finance,Savings Institutions,,,,,,,,False
BKYI,BIO-key International,Miscellaneous,Diversified Manufacture,,,,,,,,False
BL,BlackLine,Technology,Computer Software: Prepackaged Software,,,,,,,,False
BLBD,Blue Bird Corporation,Capital Goods,Construction/Ag Equipment/Trucks,,,,,,,,False
BLBX,Blackboxstocks,Technology,EDP Services,,,,,,,,False
BLCM,Bellicum Pharmaceuticals,Health Care,Biotechnology: Pharmaceutical Preparations,,,,,,,,False
BLCT,BlueCity Holdings Limited American Depositary Shares,Technology,EDP Services,,,,,,,,False
BLD,TopBuild Corp,Capital Goods,Engineering & Construction,,,,,,,,False
BLDE,Blade Air Mobility Class A,Transportation,Aerospace,,,,,,,,False
BLDP,Ballard Power Systems Common Shares, Acquisition, Acquisition,,,,,,,,False
BLDR,Builders FirstSource,Consumer Services,RETAIL: Building Materials,,,,,,,,False
BLE,BlackRock Municipalome Trust II,Finance,Finance/Investors Services,,,,,,,,False
BLEU,bleuacacia ltd Class A Ordinary Shares, Acquisition, Acquisition,,,,,,,,False
BLEUU,bleuacacia ltd Unit, Acquisition, Acquisition,,,,,,,,False
BLFS,BioLife Solutions,Health Care,Medical/Dental Instruments,,,,,,,,False
BLFY,Blue Foundry Bancorp,Finance,Commercial Banks,,,,,,,,False
BLI,Berkeley Lights,Consumer Durables,Specialty Chemicals,,,,,,,,False
BLIN,Bridgeline Digital,Technology,EDP Services,,,,,,,,False
BLK,BlackRock,Finance,Investment Bankers/Brokers/Service,,,,,,,,False
BLKB,Blackbaud,Technology,Computer Software: Prepackaged Software,,,,,,,,False
BLL,Ball Corporation,Consumer Durables,Containers/Packaging,,,,,,,,False
BLMN,Bloomin' Brands,Consumer Services,Restaurants,,,,,,,,False
BLND,Blend Labs Class A,Technology,EDP Services,,,,,,,,False
BLNG,Belong Acquisition Corp Class A, Acquisition, Acquisition,,,,,,,,False
BLNK,Blink Charging Co,Capital Goods,Oilfield Services/Equipment,,,,,,,,False
BLPH,Bellerophon Therapeutics,Health Care,Biotechnology: Pharmaceutical Preparations,,,,,,,,False
BLRX,BioLineRx Ltd American Depositary Shares,Health Care,Biotechnology: Pharmaceutical Preparations,,,,,,,,False
BLSA,BCLS Acquisition Corp Class A Ordinary Shares,Finance,Business Services,,,,,,,,False
BLTS,Bright Lights Acquisition Corp Class A, Acquisition, Acquisition,,,,,,,,False
BLTSU,Bright Lights Acquisition Corp Unit, Acquisition, Acquisition,,,,,,,,False
BLU,BELLUS Health Common Shares, Acquisition, Acquisition,,,,,,,,False
BLUA,BlueRiver Acquisition Corp Class A Ordinary Shares,Finance,Business Services,,,,,,,,False
BLUE,bluebird bio,Health Care,Biotechnology: Biological Products (No Diagnostic Substances),,,,,,,,False
BLW,Blackrock Limited Durationome Trust,Finance,Trusts Except Educational Religious and Charitable,,,,,,,,False
BLX,Banco Latinoamericano de Comercio Exterior SA,Finance,Commercial Banks,,,,,,,,False
BLZE,Backblaze Class A,Technology,Computer Software: Prepackaged Software,,,,,,,,False
BMA,Banco Macro SA  ADR (representing Ten Class B Common Shares),Finance,Commercial Banks,,,,,,,,False
BMAC,Black Mountain Acquisition Corp Class A, Acquisition, Acquisition,,,,,,,,False
BMAQ,Blockchain Moon Acquisition Corp, Acquisition, Acquisition,,,,,,,,False
BMAQU,Blockchain Moon Acquisition Corp Units, Acquisition, Acquisition,,,,,,,,False
BMBL,Bumble Class A,Technology,Computer Software: Prepackaged Software,,,,,,,,False
BME,Blackrock Health Sciences Trust,Finance,Trusts Except Educational Religious and Charitable,,,,,,,,False
BMEA,Biomea Fusion,Health Care,Biotechnology: Pharmaceutical Preparations,,,,,,,,False
BMEZ,BlackRock Health Sciences Trust II Common Shares of Beneficial Interest,Finance,Finance/Investors Services,,,,,,,,False
BMI,Badger Meter,Capital Goods,Industrial Machinery/Components,,,,,,,,False
BMO,Bank Of Montreal, Acquisition, Acquisition,,,,,,,,False
BMRA,Biomerica,Health Care,Biotechnology: Electromedical & Electrotherapeutic Apparatus,,,,,,,,False
BMRC,Bank of Marin Bancorp,Finance,Major Banks,,,,,,,,False
BMRN,BioMarin Pharmaceutical,Health Care,Biotechnology: Pharmaceutical Preparations,,,,,,,,False
BMTX,BM Technologies,Technology,EDP Services,,,,,,,,False
BMY,Bristol-Myers Squibb Company,Health Care,Biotechnology: Pharmaceutical Preparations,,,,,,,,False
BNED,Barnes & Noble Education,Consumer Services,Other Specialty Stores,,,,,,,,False
BNFT,Benefitfocus,Technology,Computer Software: Prepackaged Software,,,,,,,,False
BNGO,Bionano Genomics,Capital Goods,Biotechnology: Laboratory Analytical Instruments,,,,,,,,False
BNIX,Bannix Acquisition Corp, Acquisition, Acquisition,,,,,,,,False
BNL,Broadstone Net Lease,Consumer Services,Real Estate Investment Trusts,,,,,,,,False
BNNR,Banner Acquisition Corp Class A, Acquisition, Acquisition,,,,,,,,False
BNOX,Bionomics Limited American Depository Shares,Health Care,Biotechnology: Biological Products (No Diagnostic Substances),,,,,,,,False
BNR,Burning Rock Biotech Limited American Depositary Shares,Health Care,Medical Specialities,,,,,,,,False
BNS,Bank Nova Scotia Halifax Pfd 3 Ordinary Shares, Acquisition, Acquisition,,,,,,,,False
BNSO,Bonso Electronics International,Capital Goods,Industrial Machinery/Components,,,,,,,,False
BNTC,Benitec Biopharma,Health Care,Biotechnology: Pharmaceutical Preparations,,,,,,,,False
BNTX,BioNTech SE American Depositary Share,Health Care,Biotechnology: Biological Products (No Diagnostic Substances),,,,,,,,False
BNY,BlackRock New York Municipalome Trust,Finance,Trusts Except Educational Religious and Charitable,,,,,,,,False
BOAC,Bluescape Opportunities Acquisition Corp Class A Ordinary Shares,Finance,Business Services,,,,,,,,False
BOAS,BOA Acquisition Corp Class A, Acquisition, Acquisition,,,,,,,,False
BOCNU,Blue Ocean Acquisition Corp Unit, Acquisition, Acquisition,,,,,,,,False
BODY,The Beachbody Company Class A,Capital Goods,Industrial Machinery/Components,,,,,,,,False
BOE,Blackrock Enhanced Global Dividend Trust Common Shares of Beneficial Interest,Finance,Trusts Except Educational Religious and Charitable,,,,,,,,False
BOH,Bank of Hawaii Corporation,Finance,Major Banks,,,,,,,,False
BOKF,BOK Financial Corporation,Finance,Major Banks,,,,,,,,False
BOLT,Bolt Biotherapeutics,Health Care,Biotechnology: Pharmaceutical Preparations,,,,,,,,False
BON,Bon Natural Life Limited Ordinary Shares,Consumer Services,Real Estate Investment Trusts,,,,,,,,False
BOOM,DMC Global, Acquisition, Acquisition,,,,,,,,False
BOOT,Boot Barn Holdings,Consumer Services,Clothing/Shoe/Accessory Stores,,,,,,,,False
BORR,Borr Drilling Limited Common Shares,Energy,Oil & Gas Production,,,,,,,,False
BOSC,BOS Better Online Solutions,Technology,Computer Communications Equipment,,,,,,,,False
BOTJ,Bank of the James Financial Group,Finance,Major Banks,,,,,,,,False
BOWL,Bowlero Corp Class A,Consumer Services,Movies/Entertainment,,,,,,,,False
BOX,Box Class A,Technology,Computer Software: Prepackaged Software,,,,,,,,False
BOXD,Boxed,Miscellaneous,Diversified Commercial Services,,,,,,,,False
BOXL,Boxlight Corporation Class A,Capital Goods,Telecommunications Equipment,,,,,,,,False
BP,BP plc,Energy,Integrated oil Companies,,,,,,,,False
BPACU,Bullpen Parlay Acquisition Company Unit, Acquisition, Acquisition,,,,,,,,False
BPMC,Blueprint Medicines Corporation,Health Care,Biotechnology: Pharmaceutical Preparations,,,,,,,,False
BPOP,Popular,Finance,Major Banks,,,,,,,,False
BPOPM,Popular Popular Capital Trust II - 6125% Cumulative Monthlyome Trust Preferred Securities,Finance,Major Banks,,,,,,,,False
BPRN,The Bank of Princeton,Finance,Major Banks,,,,,,,,False
BPT,BP Prudhoe Bay Royalty Trust,Energy,Integrated oil Companies,,,,,,,,False
BPTH,Bio-Path Holdings,Health Care,Biotechnology: Pharmaceutical Preparations,,,,,,,,False
BPTS,Biophytis SA American Depositary Share,Health Care,Biotechnology: Pharmaceutical Preparations,,,,,,,,False
BPYPM,Brookfield Property Partners LP 625% Class A Cumulative Redeemable Preferred Units Series 1, Acquisition, Acquisition,,,,,,,,False
BPYPN,Brookfield Property Partners LP 5750% Class A Cumulative Redeemable Perpetual Preferred Units Series 3,Finance,Finance/Investors Services,,,,,,,,False
BPYPO,Brookfield Property Partners LP 6375% Class A Cumulative Redeemable Perpetual Preferred Units Series 2,Finance,Real Estate,,,,,,,,False
BPYPP,Brookfield Property Partners LP 650% Class A Cumulative Redeemable Perpetual Preferred Units,Finance,Real Estate,,,,,,,,False
BQ,Boqii Holding Limited American Depositary Shares representing Class A Ordinary Shares,Consumer Services,Other Specialty Stores,,,,,,,,False
BR,Broadridge Financial Solutions,Miscellaneous,Business Services,,,,,,,,False
BRACU,Broad Capital Acquisition Corp Unit, Acquisition, Acquisition,,,,,,,,False
BRAG,Bragg Gaming Group Common Shares, Acquisition, Acquisition,,,,,,,,False
BRBR,BellRing Brands Class A,Consumer Non-Durables,Beverages (Production/Distribution),,,,,,,,False
BRBS,Blue Ridge Bankshares,Finance,Commercial Banks,,,,,,,,False
BRC,Brady Corporation,Miscellaneous,Diversified Manufacture,,,,,,,,False
BRCN,Burcon NutraScience Corp,Basic Industries,Precious Metals,,,,,,,,False
BRD,Beard Energy Transition Acquisition Corp, Acquisition, Acquisition,,,,,,,,False
BRDG,Bridge Investment Group Holdings Class A,Consumer Services,Real Estate Investment Trusts,,,,,,,,False
BRDS,Bird Global Class A,Technology,Diversified Commercial Services,,,,,,,,False
BREZ,Breeze Holdings Acquisition Corp, Acquisition, Acquisition,,,,,,,,False
BRFS,BRF SA,Consumer Non-Durables,Meat/Poultry/Fish,,,,,,,,False
BRG,Bluerock Residential Growth REIT Class A,Consumer Services,Real Estate Investment Trusts,,,,,,,,False
BRID,Bridgford Foods Corporation,Consumer Non-Durables,Specialty Foods,,,,,,,,False
BRIV,B Riley Principal 250 Merger Corp Class A, Acquisition, Acquisition,,,,,,,,False
BRKHU,BurTech Acquisition Corp Unit, Acquisition, Acquisition,,,,,,,,False
BRKL,Brookline Bancorp,Finance,Savings Institutions,,,,,,,,False
BRKR,Bruker Corporation,Capital Goods,Biotechnology: Laboratory Analytical Instruments,,,,,,,,False
BRLI,Brilliant Acquisition Corporation Ordinary Shares,Finance,Business Services,,,,,,,,False
BRLT,Brilliant Earth Group Class A,Consumer Non-Durables,Consumer Specialties,,,,,,,,False
BRMK,Broadmark Realty Capital,Consumer Services,Real Estate Investment Trusts,,,,,,,,False
BRN,Barnwell Industries,Energy,Oil & Gas Production,,,,,,,,False
BRO,Brown & Brown,Finance,Specialty Insurers,,,,,,,,False
BROG,Brooge Energy Limited Ordinary Shares,Energy,Integrated oil Companies,,,,,,,,False
BROS,Dutch Bros Class A,Consumer Services,Restaurants,,,,,,,,False
BRP,BRP Group (Insurance Company) Class A,Finance,Specialty Insurers,,,,,,,,False
BRPM,B Riley Principal 150 Merger Corp Class A, Acquisition, Acquisition,,,,,,,,False
BRPMU,B Riley Principal 150 Merger Corp Unit, Acquisition, Acquisition,,,,,,,,False
BRQS,Borqs Technologies,Technology,EDP Services,,,,,,,,False
BRSP,BrightSpire Capital Class A,Consumer Services,Real Estate Investment Trusts,,,,,,,,False
BRT,BRT Apartments Corp (MD),Consumer Services,Real Estate Investment Trusts,,,,,,,,False
BRTX,BioRestorative Therapies,Health Care,Managed Health Care,,,,,,,,False
BRW,Saba Capitalome & Opportunities Fund SBI,Finance,Trusts Except Educational Religious and Charitable,,,,,,,,False
BRX,Brixmor Property Group,Consumer Services,Real Estate Investment Trusts,,,,,,,,False
BRY,Berry Corporation (bry),Energy,Oil & Gas Production,,,,,,,,False
BRZE,Braze Class A,Technology,Computer Software: Prepackaged Software,,,,,,,,False
BSAC,Banco Santander - Chile ADS,Finance,Commercial Banks,,,,,,,,False
BSAQ,Black Spade Acquisition Co Class A Ordinary Shares, Acquisition, Acquisition,,,,,,,,False
BSBK,Bogota Financial Corp, Acquisition, Acquisition,,,,,,,,False
BSBR,Banco Santander Brasil SA American Depositary Shares each representing one unit,Finance,Commercial Banks,,,,,,,,False
BSET,Bassett Furniture Industriesorporated,Consumer Durables,Home Furnishings,,,,,,,,False
BSFC,Blue Star Foods Corp,Consumer Non-Durables,Farming/Seeds/Milling,,,,,,,,False
BSGA,Blue Safari Group Acquisition Corp Class A Ordinary Share, Acquisition, Acquisition,,,,,,,,False
BSGM,BioSig Technologies,Health Care,Biotechnology: Electromedical & Electrotherapeutic Apparatus,,,,,,,,False
BSIG,BrightSphere Investment Group,Finance,Finance/Investors Services,,,,,,,,False
BSKY,Big Sky Growth Partners Class A, Acquisition, Acquisition,,,,,,,,False
BSKYU,Big Sky Growth Partners Unit, Acquisition, Acquisition,,,,,,,,False
BSL,Blackstone Senior Floating Rate Term Fund Common Shares of Beneficial Interest,Finance,Trusts Except Educational Religious and Charitable,,,,,,,,False
BSM,Black Stone Minerals LP Common units representing limited partner interests,Energy,Oil & Gas Production,,,,,,,,False
BSMX,Banco Santander Mexico SA Institucion de Banca Multiple Grupo Financiero Santander Mexico,Finance,Commercial Banks,,,,,,,,False
BSQR,BSQUARE Corporation,Technology,Computer Software: Prepackaged Software,,,,,,,,False
BSRR,Sierra Bancorp,Finance,Major Banks,,,,,,,,False
BST,BlackRock Science and Technology Trust Common Shares of Beneficial Interest,Finance,Finance Companies,,,,,,,,False
BSTZ,BlackRock Science and Technology Trust II Common Shares of Beneficial Interest,Finance,Trusts Except Educational Religious and Charitable,,,,,,,,False
BSVN,Bank7 Corp,Finance,Major Banks,,,,,,,,False
BSX,Boston Scientific Corporation,Health Care,Medical/Dental Instruments,,,,,,,,False
BSY,Bentley Systemsorporated Class B,Technology,Retail: Computer Software & Peripheral Equipment,,,,,,,,False
BTA,BlackRock Long-Term Municipal Advantage Trust BlackRock Long-Term Municipal Advantage Trust Common Shares of Beneficial Interest,Finance,Trusts Except Educational Religious and Charitable,,,,,,,,False
BTAI,BioXcel Therapeutics,Health Care,Biotechnology: Pharmaceutical Preparations,,,,,,,,False
BTB,Bit Brother Limited Ordinary Shares, Acquisition, Acquisition,,,,,,,,False
BTBD,BT Brands,Consumer Services,Restaurants,,,,,,,,False
BTBT,Bit Digital,Finance,Finance: Consumer Services,,,,,,,,False
BTCM,BIT Mining Limited ADS,Technology,EDP Services,,,,,,,,False
BTCS,BTCS,Finance,Investment Managers,,,,,,,,False
BTCY,Biotricity,Health Care,Medical/Dental Instruments,,,,,,,,False
BTG,B2Gold Corp Common shares (Canada), Acquisition, Acquisition,,,,,,,,False
BTI,British American Tobacco  Industries plc ADR,Consumer Non-Durables,Farming/Seeds/Milling,,,,,,,,False
BTN,Ballantyne Strong,Miscellaneous,Industrial Machinery/Components,,,,,,,,False
BTO,John Hancock Financial Opportunities Fund,Finance,Investment Managers,,,,,,,,False
BTRS,BTRS Holdings Class 1,Technology,EDP Services,,,,,,,,False
BTT,BlackRock Municipal 2030 Target Term Trust,Finance,Investment Managers,,,,,,,,False
BTTR,Better Choice Company,Consumer Non-Durables,Food Distributors,,,,,,,,False
BTTX,Better Therapeutics,Health Care,Biotechnology: Pharmaceutical Preparations,,,,,,,,False
BTU,Peabody Energy Corporation ,Energy,Coal Mining,,,,,,,,False
BTWN,Bridgetown Holdings Limited Class A Ordinary Shares,Finance,Business Services,,,,,,,,False
BTWNU,Bridgetown Holdings Limited Units,Finance,Business Services,,,,,,,,False
BTWNW,Bridgetown Holdings Limited Warrants,Finance,Business Services,,,,,,,,False
BTX,Brooklyn ImmunoTherapeutics,Health Care,Biotechnology: Pharmaceutical Preparations,,,,,,,,False
BTZ,BlackRock Credit Allocationome Trust,Finance,Finance Companies,,,,,,,,False
BUD,Anheuser-Busch Inbev SA Sponsored ADR (Belgium),Consumer Non-Durables,Beverages (Production/Distribution),,,,,,,,False
BUI,BlackRock Utility Infrastructure & Power Opportunities Trust,Finance,Trusts Except Educational Religious and Charitable,,,,,,,,False
BUR,Burford Capital Limited Ordinary Shares,Consumer Non-Durables,Farming/Seeds/Milling,,,,,,,,False
BURL,Burlington Stores,Consumer Non-Durables,Apparel,,,,,,,,False
BUSE,First Busey Corporation Class A,Finance,Major Banks,,,,,,,,False
BV,BrightView Holdings,Miscellaneous,Business Services,,,,,,,,False
BVH,Bluegreen Vacations Holding Corporation Class A,Consumer Services,Hotels/Resorts,,,,,,,,False
BVN,Buenaventura Mining Company,Basic Industries,Precious Metals,,,,,,,,False
BVS,Bioventus Class A,Health Care,Biotechnology: Electromedical & Electrotherapeutic Apparatus,,,,,,,,False
BVXV,BiondVax Pharmaceuticals Ltd American Depositary Shares,Health Care,Biotechnology: Biological Products (No Diagnostic Substances),,,,,,,,False
BW,Babcock & Wilcox Enterprises,Technology,Industrial Machinery/Components,,,,,,,,False
BWA,BorgWarner,Capital Goods,Auto Parts:OEM,,,,,,,,False
BWAC,Better World Acquisition Corp, Acquisition, Acquisition,,,,,,,,False
BWACU,Better World Acquisition Corp Unit, Acquisition, Acquisition,,,,,,,,False
BWAY,BrainsWay Ltd American Depositary Shares,Health Care,Medical/Dental Instruments,,,,,,,,False
BWB,Bridgewater Bancshares,Finance,Major Banks,,,,,,,,False
BWBBP,Bridgewater Bancshares Depositary Shares Each Representing a 1/100th Interest in a Share of 5875% Non-Cumulative Perpetual Preferred Stock Series A,Finance,Major Banks,,,,,,,,False
BWC,Blue Whale Acquisition Corp I Class A Ordinary Shares, Acquisition, Acquisition,,,,,,,,False
BWCAU,Blue Whale Acquisition Corp I Unit, Acquisition, Acquisition,,,,,,,,False
BWEN,Broadwind,Capital Goods,Industrial Machinery/Components,,,,,,,,False
BWFG,Bankwell Financial Group,Finance,Major Banks,,,,,,,,False
BWG,BrandywineGLOBAL Globalome Opportunities Fund,Finance,Finance/Investors Services,,,,,,,,False
BWMN,Bowman Consulting Group Ltd,Consumer Services,Professional Services,,,,,,,,False
BWMX,Betterware de Mexico SAB de CV Ordinary Shares,Consumer Services,Catalog/Specialty Distribution,,,,,,,,False
BWNB,Babcock & Wilcox Enterprises 650% Senior Notes due 2026,Capital Goods,Building Products,,,,,,,,False
BWSN,Babcock & Wilcox Enterprises 8125% Senior Notes due 2026,Capital Goods,Building Products,,,,,,,,False
BWXT,BWX Technologies, Acquisition, Acquisition,,,,,,,,False
BX,Blackstone,Finance,Investment Managers,,,,,,,,False
BXC,Bluelinx Holdings,Capital Goods,Wholesale Distributors,,,,,,,,False
BXMT,Blackstone Mortgage Trust,Consumer Services,Real Estate Investment Trusts,,,,,,,,False
BXMX,Nuveen S&P 500 Buy-Writeome Fund Common Shares of Beneficial Interest,Finance,Investment Managers,,,,,,,,False
BXP,Boston Properties,Consumer Services,Real Estate Investment Trusts,,,,,,,,False
BXRX,Baudax Bio,Health Care,Biotechnology: Pharmaceutical Preparations,,,,,,,,False
BXSL,Blackstone Secured Lending Fund Common Shares of Beneficial Interest,Finance,Trusts Except Educational Religious and Charitable,,,,,,,,False
BY,Byline Bancorp,Finance,Major Banks,,,,,,,,False
BYD,Boyd Gaming Corporation,Consumer Services,Movies/Entertainment,,,,,,,,False
BYFC,Broadway Financial Corporation,Finance,Savings Institutions,,,,,,,,False
BYM,Blackrock Municipalome Quality Trust Common Shares of Beneficial Interest,Finance,Investment Managers,,,,,,,,False
BYND,Beyond Meat,Consumer Non-Durables,Specialty Foods,,,,,,,,False
BYRN,Byrna Technologies,Consumer Non-Durables,Military/Government/Technical,,,,,,,,False
BYSI,BeyondSpring,Health Care,Biotechnology: Pharmaceutical Preparations,,,,,,,,False
BYTS,BYTE Acquisition Corp Class A Ordinary Shares,Finance,Business Services,,,,,,,,False
BYTSU,BYTE Acquisition Corp Units,Finance,Business Services,,,,,,,,False
BZ,KANZHUN LIMITED American Depository Shares, Acquisition, Acquisition,,,,,,,,False
BZFD,BuzzFeed Class A,Consumer Services,Movies/Entertainment,,,,,,,,False
BZH,Beazer Homes USA,Capital Goods,Homebuilding,,,,,,,,False
BZUN,Baozun American Depositary Shares,Consumer Services,Catalog/Specialty Distribution,,,,,,,,False
C,Citigroup,Finance,Major Banks,,,,,,,,False
CAAP,Corporacion America Airports SA Common Shares,Transportation,Aerospace,,,,,,,,False
CAAS,China Automotive Systems,Capital Goods,Auto Parts:OEM,,,,,,,,False
CABA,Cabaletta Bio,Health Care,Biotechnology: Pharmaceutical Preparations,,,,,,,,False
CABO,Cable One,Consumer Services,Telecommunications Equipment,,,,,,,,False
CAC,Camden National Corporation,Finance,Major Banks,,,,,,,,False
CACC,Credit Acceptance Corporation,Finance,Finance: Consumer Services,,,,,,,,False
CACI,CACI International Class A,Technology,EDP Services,,,,,,,,False
CADE,Cadence Bank,Finance,Major Banks,,,,,,,,False
CADL,Candel Therapeutics,Health Care,Biotechnology: Pharmaceutical Preparations,,,,,,,,False
CAE,CAE, Acquisition, Acquisition,,,,,,,,False
CAF,Morgan Stanley China A Share Fund,Finance,Investment Managers,,,,,,,,False
CAG,ConAgra Brands,Consumer Non-Durables,Packaged Foods,,,,,,,,False
CAH,Cardinal Health,Health Care,Other Pharmaceuticals,,,,,,,,False
CAJ,Canon American Depositary Shares,Miscellaneous,Industrial Machinery/Components,,,,,,,,False
CAKE,Cheesecake Factoryorporated (The),Consumer Services,Restaurants,,,,,,,,False
CAL,Caleres,Consumer Non-Durables,Shoe Manufacturing,,,,,,,,False
CALA,Calithera Biosciences,Health Care,Biotechnology: Pharmaceutical Preparations,,,,,,,,False
CALB,California BanCorp,Finance,Major Banks,,,,,,,,False
CALM,Cal-Maine Foods,Farming/Seeds/Milling,Farming/Seeds/Milling,,,,,,,,False
CALT,Calliditas Therapeutics AB American Depositary Shares,Health Care,Biotechnology: Pharmaceutical Preparations,,,,,,,,False
CALX,Calix,Technology,Computer Software: Prepackaged Software,,,,,,,,False
CAMP,CalAmp Corp,Consumer Services,Telecommunications Equipment,,,,,,,,False
CAMT,Camtek Ltd Ordinary Shares,Capital Goods,Electronic Components,,,,,,,,False
CAN,Canaan American Depositary Shares,Technology,Semiconductors,,,,,,,,False
CANF,Can-Fite Biopharma Ltd Sponsored ADR (Israel),Health Care,Biotechnology: Pharmaceutical Preparations,,,,,,,,False
CANG,Cango American Depositary Shares  each representing two (2) Class A Ordinary Shares,Technology,Computer Software: Prepackaged Software,,,,,,,,False
CANO,Cano Health Class A,Health Care,Hospital/Nursing Management,,,,,,,,False
CAPL,CrossAmerica Partners LP Common Units representing limited partner interests, Acquisition, Acquisition,,,,,,,,False
CAPR,Capricor Therapeutics,Health Care,Biotechnology: Biological Products (No Diagnostic Substances),,,,,,,,False
CAR,Avis Budget Group,Miscellaneous,Rental/Leasing Companies,,,,,,,,False
CARA,Cara Therapeutics,Health Care,Biotechnology: Pharmaceutical Preparations,,,,,,,,False
CARE,Carter Bankshares,Finance,Major Banks,,,,,,,,False
CARG,CarGurus Class A , Acquisition, Acquisition,,,,,,,,False
CARR,Carrier Global Corporation ,Capital Goods,Wholesale Distributors,,,,,,,,False
CARS,Carscom , Acquisition, Acquisition,,,,,,,,False
CARV,Carver Bancorp,Finance,Savings Institutions,,,,,,,,False
CAS,Cascade Acquisition Corp Class A, Acquisition, Acquisition,,,,,,,,False
CASA,Casa Systems,Technology,Radio And Television Broadcasting And Communications Equipment,,,,,,,,False
CASH,Meta Financial Group,Finance,Banks,,,,,,,,False
CASI,CASI Pharmaceuticals,Health Care,Biotechnology: Biological Products (No Diagnostic Substances),,,,,,,,False
CASS,Cass Information Systems,Miscellaneous,Business Services,,,,,,,,False
CASY,Casey's General Stores,Consumer Services,Food Chains,,,,,,,,False
CAT,Caterpillar,Capital Goods,Construction/Ag Equipment/Trucks,,,,,,,,False
CATC,Cambridge Bancorp,Finance,Major Banks,,,,,,,,False
CATO,Cato Corporation (The) Class A, Acquisition, Acquisition,,,,,,,,False
CATY,Cathay General Bancorp,Finance,Major Banks,,,,,,,,False
CAVA,Cava Group Inc.,Consumer Services,Restaurants,,,,,,,,False
CB,Chubb Limited ,Finance,Property-Casualty Insurers,,,,,,,,False
CBAN,Colony Bankcorp,Finance,Major Banks,,,,,,,,False
CBAT,CBAK Energy Technology,Capital Goods,Electrical Products,,,,,,,,False
CBAY,CymaBay Therapeutics,Health Care,Biotechnology: Pharmaceutical Preparations,,,,,,,,False
CBD,Companhia Brasileira de Distribuicao American Depsitary Shares; each representing one Common Share,Consumer Services,Food Chains,,,,,,,,False
CBFV,CB Financial Services,Finance,Major Banks,,,,,,,,False
CBH,Virtus AllianzGI Convertible &ome 2024 Target Term Fund Common Shares of Beneficial Interest,Finance,Trusts Except Educational Religious and Charitable,,,,,,,,False
CBIO,Catalyst Biosciences,Health Care,Biotechnology: Pharmaceutical Preparations,,,,,,,,False
CBL,CBL & Associates Properties,Consumer Services,Real Estate Investment Trusts,,,,,,,,False
CBNK,Capital Bancorp,Finance,Major Banks,,,,,,,,False
CBOE,Cboe Global Markets,Finance,Investment Bankers/Brokers/Service,,,,,,,,False
CBRE,CBRE Group Class A,Finance,Real Estate,,,,,,,,False
CBRG,Chain Bridge I Class A Ordinary Shares, Acquisition, Acquisition,,,,,,,,False
CBRGU,Chain Bridge I Units, Acquisition, Acquisition,,,,,,,,False
CBRL,Cracker Barrel Old Country Store,Consumer Services,Restaurants,,,,,,,,False
CBSH,Commerce Bancshares,Finance,Major Banks,,,,,,,,False
CBT,Cabot Corporation,Basic Industries,Specialty Chemicals,,,,,,,,False
CBTX,CBTX,Finance,Major Banks,,,,,,,,False
CBU,Community Bank System,Finance,Major Banks,,,,,,,,False
CBZ,CBIZ,Miscellaneous,Business Services,,,,,,,,False
CC,Chemours Company (The),Basic Industries,Industrial Specialties,,,,,,,,False
CCAI,Cascadia Acquisition Corp Class A, Acquisition, Acquisition,,,,,,,,False
CCAIU,Cascadia Acquisition Corp Unit, Acquisition, Acquisition,,,,,,,,False
CCAP,Crescent Capital BDC, Acquisition, Acquisition,,,,,,,,False
CCB,Coastal Financial Corporation,Finance,Commercial Banks,,,,,,,,False
CCBG,Capital City Bank Group,Finance,Major Banks,,,,,,,,False
CCCC,C4 Therapeutics,Health Care,Biotechnology: Pharmaceutical Preparations,,,,,,,,False
CCCS,CCC Intelligent Solutions Holdings,Technology,Computer Software: Prepackaged Software,,,,,,,,False
CCD,Calamos Dynamic Convertible &ome Fund,Finance,Trusts Except Educational Religious and Charitable,,,,,,,,False
CCEL,Cryo-Cell International,Health Care,Managed Health Care,,,,,,,,False
CCEP,Coca-Cola Europacific Partners plc Ordinary Shares,Consumer Non-Durables,Beverages (Production/Distribution),,,,,,,,False
CCF,Chase Corporation,Basic Industries,Paints/Coatings,,,,,,,,False
CCI,Crown Castle International Corp (REIT),Consumer Services,Real Estate Investment Trusts,,,,,,,,False
CCJ,Cameco Corporation, Acquisition, Acquisition,,,,,,,,False
CCK,Crown Holdings,Consumer Durables,Containers/Packaging,,,,,,,,False
CCL,Carnival Corporation,Consumer Services,Marine Transportation,,,,,,,,False
CCLP,CSI Compressco LP Common Units,Energy,Oilfield Services/Equipment,,,,,,,,False
CCM,Concord Medical Services Holdings Limited ADS (Each represents three ordinary shares),Health Care,Medical/Nursing Services,,,,,,,,False
CCMP,CMC Materials,Technology,Semiconductors,,,,,,,,False
CCNC,Code Chain New Continent Limited, Acquisition, Acquisition,,,,,,,,False
CCNE,CNB Financial Corporation,Finance,Major Banks,,,,,,,,False
CCNEP,CNB Financial Corporation Depositary Shares each representing a 1/40th ownership interest in a share of 7125% Series A Fixed-Rate Non-Cumulative Perpetual Preferred Stock,Finance,Major Banks,,,,,,,,False
CCO,Clear Channel Outdoor Holdings,Technology,Advertising,,,,,,,,False
CCOI,Cogent Communications Holdings,Consumer Services,Telecommunications Equipment,,,,,,,,False
CCRD,CoreCard Corporation,Technology,Retail: Computer Software & Peripheral Equipment,,,,,,,,False
CCRN,Cross Country Healthcare $00001 Par Value,Technology,Diversified Commercial Services,,,,,,,,False
CCS,Century Communities,Capital Goods,Homebuilding,,,,,,,,False
CCSI,Consensus Cloud Solutions,Technology,Retail: Computer Software & Peripheral Equipment,,,,,,,,False
CCTS,Cactus Acquisition Corp 1 Limited Class A Ordinary Share, Acquisition, Acquisition,,,,,,,,False
CCU,Compania Cervecerias Unidas SA,Consumer Non-Durables,Beverages (Production/Distribution),,,,,,,,False
CCV,Churchill Capital Corp V Class A, Acquisition, Acquisition,,,,,,,,False
CCVI,Churchill Capital Corp VI Class A, Acquisition, Acquisition,,,,,,,,False
CCXI,ChemoCentryx,Health Care,Biotechnology: Pharmaceutical Preparations,,,,,,,,False
CCZ,Comcast Holdings ZONES,Consumer Services,Television Services,,,,,,,,False
CD,Chindata Group Holdings Limited American Depositary Shares,Finance,Investment Bankers/Brokers/Service,,,,,,,,False
CDAK,Codiak BioSciences,Consumer Durables,Specialty Chemicals,,,,,,,,False
CDAQ,Compass Digital Acquisition Corp Class A Ordinary Shares, Acquisition, Acquisition,,,,,,,,False
CDAQU,Compass Digital Acquisition Corp Unit, Acquisition, Acquisition,,,,,,,,False
CDAY,Ceridian HCM Holding,Technology,EDP Services,,,,,,,,False
CDE,Coeur Mining,Basic Industries,Precious Metals,,,,,,,,False
CDEV,Centennial Resource Development Class A,Energy,Oil & Gas Production,,,,,,,,False
CDK,CDK Global,Technology,Retail: Computer Software & Peripheral Equipment,,,,,,,,False
CDLX,Cardlytics,Technology,EDP Services,,,,,,,,False
CDMO,Avid Bioservices,Health Care,Biotechnology: Pharmaceutical Preparations,,,,,,,,False
CDNA,CareDx,Health Care,Medical Specialities,,,,,,,,False
CDNS,Cadence Design Systems,Technology,Computer Software: Prepackaged Software,,,,,,,,False
CDR,Cedar Realty Trust,Consumer Services,Real Estate Investment Trusts,,,,,,,,False
CDRE,Cadre Holdings, Acquisition, Acquisition,,,,,,,,False
CDRO,Codere Online Luxembourg SA Ordinary Shares,Finance,Business Services,,,,,,,,False
CDTX,Cidara Therapeutics,Health Care,Biotechnology: Pharmaceutical Preparations,,,,,,,,False
CDW,CDW Corporation,Technology,EDP Services,,,,,,,,False
CDXC,ChromaDex Corporation,Consumer Durables,Specialty Chemicals,,,,,,,,False
CDXS,Codexis,Health Care,Biotechnology: Commercial Physical & Biological Resarch,,,,,,,,False
CDZI,CADIZ,Public Utilities,Water Supply,,,,,,,,False
CDZIP,Cadiz Depositary Shares,Public Utilities,Water Supply,,,,,,,,False
CE,Celanese Corporation Celanese Corporation,Basic Industries,Major Chemicals,,,,,,,,False
CEA,China Eastern Airlines Corporation Ltd,Transportation,Air Freight/Delivery Services,,,,,,,,False
CECE,CECO Environmental Corp,Capital Goods,Pollution Control Equipment,,,,,,,,False
CEE,The Central and Eastern Europe Fund (The),Finance,Finance Companies,,,,,,,,False
CEI,Camber Energy,Energy,Oil & Gas Production,,,,,,,,False
CEIX,CONSOL Energy , Acquisition, Acquisition,,,,,,,,False
CELC,Celcuity,Health Care,Medical Specialities,,,,,,,,False
CELH,Celsius Holdings,Consumer Non-Durables,Beverages (Production/Distribution),,,,,,,,False
CELP,Cypress Environmental Partners LP Common Units representing limited partner interests,Energy,Oilfield Services/Equipment,,,,,,,,False
CELU,Celularity Class A,Health Care,Biotechnology: Pharmaceutical Preparations,,,,,,,,False
CELZ,Creative Medical Technology Holdings,Health Care,Biotechnology: Pharmaceutical Preparations,,,,,,,,False
CEM,ClearBridge MLP and Midstream Fund,Finance,Investment Managers,,,,,,,,False
CEMI,Chembio Diagnostics,Health Care,Biotechnology: In Vitro & In Vivo Diagnostic Substances,,,,,,,,False
CEN,Center Coast Brookfield MLP & Energy Infrastructure Fund,Finance,Finance Companies,,,,,,,,False
CENN,Cenntro Electric Group Limited Ordinary Shares, Acquisition, Acquisition,,,,,,,,False
CENQ,CENAQ Energy Corp Class A Ordinary Shares, Acquisition, Acquisition,,,,,,,,False
CENQU,CENAQ Energy Corp Unit, Acquisition, Acquisition,,,,,,,,False
CENT,Central Garden & Pet Company, Acquisition, Acquisition,,,,,,,,False
CENTA,Central Garden & Pet Company Class A Nonvoting, Acquisition, Acquisition,,,,,,,,False
CENX,Century Aluminum Company,Basic Industries,Aluminum,,,,,,,,False
CEPU,Central Puerto SA American Depositary Shares (each represents ten Common Shares),Public Utilities,Electric Utilities: Central,,,,,,,,False
CEQP,Crestwood Equity Partners LP,Energy,Oilfield Services/Equipment,,,,,,,,False
CERE,Cerevel Therapeutics Holdings,Consumer Durables,Specialty Chemicals,,,,,,,,False
CERN,Cerner Corporation,Health Care,Managed Health Care,,,,,,,,False
CERS,Cerus Corporation,Health Care,Biotechnology: Electromedical & Electrotherapeutic Apparatus,,,,,,,,False
CERT,Certara,Consumer Durables,Specialty Chemicals,,,,,,,,False
CET,Central Securities Corporation,Finance,Finance/Investors Services,,,,,,,,False
CETX,Cemtrex,Technology,EDP Services,,,,,,,,False
CETXP,Cemtrex Series 1 Preferred Stock,Technology,EDP Services,,,,,,,,True
CEV,Eaton Vance California Municipalome Trust Shares of Beneficial Interest,Finance,Finance/Investors Services,,,,,,,,False
CEVA,CEVA,Technology,Semiconductors,,,,,,,,False
CF,CF Industries Holdings,Basic Industries,Agricultural Chemicals,,,,,,,,False
CFB,CrossFirst Bankshares,Finance,Commercial Banks,,,,,,,,False
CFBK,CF Bankshares,Finance,Savings Institutions,,,,,,,,False
CFFE,CF Acquisition Corp VIII Class A, Acquisition, Acquisition,,,,,,,,False
CFFEU,CF Acquisition Corp VIII Unit, Acquisition, Acquisition,,,,,,,,False
CFFI,C&F Financial Corporation,Finance,Major Banks,,,,,,,,False
CFFN,Capitol Federal Financial,Finance,Savings Institutions,,,,,,,,False
CFFSU,CF Acquisition Corp VII Unit, Acquisition, Acquisition,,,,,,,,False
CFG,Citizens Financial Group,Finance,Major Banks,,,,,,,,False
CFIV,CF Acquisition Corp IV Class A, Acquisition, Acquisition,,,,,,,,False
CFIVU,CF Acquisition Corp IV Unit, Acquisition, Acquisition,,,,,,,,False
CFIVW,CF Acquisition Corp IV Warrant, Acquisition, Acquisition,,,,,,,,False
CFLT,Confluent Class A,Technology,EDP Services,,,,,,,,False
CFMS,Conformis,Health Care,Medical/Dental Instruments,,,,,,,,False
CFR,Cullen/Frost Bankers,Finance,Major Banks,,,,,,,,False
CFRX,ContraFect Corporation,Health Care,Biotechnology: Pharmaceutical Preparations,,,,,,,,False
CFSB,CFSB Bancorp, Acquisition, Acquisition,,,,,,,,False
CFVI,CF Acquisition Corp VI Class A, Acquisition, Acquisition,,,,,,,,False
CFVIU,CF Acquisition Corp VI Unit, Acquisition, Acquisition,,,,,,,,False
CFX,Colfax Corporation,Capital Goods,Fluid Controls,,,,,,,,False
CG,The Carlyle Group,Finance,Investment Managers,,,,,,,,False
CGA,China Green Agriculture,Basic Industries,Agricultural Chemicals,,,,,,,,False
CGABL,The Carlyle Group 4625% Subordinated Notes due 2061, Acquisition, Acquisition,,,,,,,,False
CGAU,Centerra Gold Common Shares, Acquisition, Acquisition,,,,,,,,False
CGBD,TCG BDC,Finance,Finance Companies,,,,,,,,False
CGC,Canopy Growth Corporation Common Shares, Acquisition, Acquisition,,,,,,,,False
CGEM,Cullinan Oncology,Health Care,Biotechnology: Pharmaceutical Preparations,,,,,,,,False
CGEN,Compugen Ltd Ordinary Shares,Health Care,Biotechnology: Biological Products (No Diagnostic Substances),,,,,,,,False
CGNT,Cognyte Software Ltd Ordinary Shares,Technology,Computer Software: Prepackaged Software,,,,,,,,False
CGNX,Cognex Corporation,Capital Goods,Industrial Machinery/Components,,,,,,,,False
CGO,Calamos Global Total Return Fund,Finance,Investment Managers,,,,,,,,False
CGRN,Capstone Green Energy Corporation, Acquisition, Acquisition,,,,,,,,False
CGTX,Cognition Therapeutics,Health Care,Biotechnology: Pharmaceutical Preparations,,,,,,,,False
CHAA,Catcha Investment Corp Class A Ordinary Shares,Finance,Business Services,,,,,,,,False
CHCI,Comstock Holding Companies Class A,Consumer Services,Building operators,,,,,,,,False
CHCO,City Holding Company,Finance,Major Banks,,,,,,,,False
CHCT,Community Healthcare Trustorporated,Consumer Services,Real Estate Investment Trusts,,,,,,,,False
CHD,Church & Dwight Company,Consumer Non-Durables,Package Goods/Cosmetics,,,,,,,,False
CHDN,Churchill Downsorporated,Consumer Services,Services-Misc Amusement & Recreation,,,,,,,,False
CHE,Chemed Corp,Health Care,Medical/Nursing Services,,,,,,,,False
CHEF,The Chefs' Warehouse,Consumer Non-Durables,Food Distributors,,,,,,,,False
CHEK,Check-Cap Ltd Ordinary Share,Health Care,Medical Electronics,,,,,,,,False
CHGG,Chegg,Miscellaneous,Service to the Health Industry,,,,,,,,False
CHH,Choice Hotels International,Consumer Services,Hotels/Resorts,,,,,,,,False
CHI,Calamos Convertible Opportunities andome Fund,Finance,Investment Managers,,,,,,,,False
CHK,Chesapeake Energy Corporation,Energy,Oil & Gas Production,,,,,,,,False
CHKEL,Chesapeake Energy Corporation Class C Warrants,Energy,Oil & Gas Production,,,,,,,,False
CHKEW,Chesapeake Energy Corporation Class A Warrants,Energy,Oil & Gas Production,,,,,,,,False
CHKEZ,Chesapeake Energy Corporation Class B Warrants,Energy,Oil & Gas Production,,,,,,,,False
CHKP,Check Point Software Technologies Ltd Ordinary Shares,Technology,Computer Software: Prepackaged Software,,,,,,,,False
CHMG,Chemung Financial Corp,Finance,Major Banks,,,,,,,,False
CHMI,Cherry Hill Mortgage Investment Corporation,Consumer Services,Real Estate Investment Trusts,,,,,,,,False
CHN,China Fund (The),Finance,Investment Managers,,,,,,,,False
CHNG,Change Healthcare,Health Care,Managed Health Care,,,,,,,,False
CHNGU,Change Healthcare Tangible Equity Units,Health Care,Managed Health Care,,,,,,,,False
CHNR,China Natural Resources,Basic Industries,Precious Metals,,,,,,,,False
CHPT,ChargePoint Holdings,Miscellaneous,Diversified Commercial Services,,,,,,,,False
CHRA,Charah Solutions,Public Utilities,Medical Specialities,,,,,,,,False
CHRB,Charah Solutions 850% Senior Notes due 2026, Acquisition, Acquisition,,,,,,,,False
CHRS,Coherus BioSciences,Health Care,Biotechnology: Biological Products (No Diagnostic Substances),,,,,,,,False
CHRW,CH Robinson Worldwide,Transportation,Oil Refining/Marketing,,,,,,,,False
CHS,Chico's FAS,Consumer Services,Clothing/Shoe/Accessory Stores,,,,,,,,False
CHSCL,CHS Class B Cumulative Redeemable Preferred Stock Series 4,Consumer Non-Durables,Tobacco,,,,,,,,False
CHSCM,CHS Class B Reset Rate Cumulative Redeemable Preferred Stock Series 3,Consumer Non-Durables,Tobacco,,,,,,,,False
CHSCN,CHS Preferred Class B Series 2 Reset Rate,Consumer Non-Durables,Tobacco,,,,,,,,False
CHSCO,CHS Class B Cumulative Redeemable Preferred Stock,Consumer Non-Durables,Tobacco,,,,,,,,False
CHSCP,CHS 8%  Cumulative Redeemable Preferred Stock,Consumer Non-Durables,Tobacco,,,,,,,,False
CHT,Chunghwa Telecom Co Ltd,Public Utilities,Telecommunications Equipment,,,,,,,,False
CHTR,Charter Communications Class A New,Consumer Services,Television Services,,,,,,,,False
CHUY,Chuy's Holdings,Consumer Services,Restaurants,,,,,,,,False
CHW,Calamos Global Dynamicome Fund,Finance,Investment Managers,,,,,,,,False
CHWAU,CHW Acquisition Corporation Unit, Acquisition, Acquisition,,,,,,,,False
CHWY,Chewy Class A,Consumer Services,Catalog/Specialty Distribution,,,,,,,,False
CHX,ChampionX Corporation ,Capital Goods,Construction/Ag Equipment/Trucks,,,,,,,,False
CHY,Calamos Convertible and Highome Fund,Finance,Investment Managers,,,,,,,,False
CI,Cigna Corporation,Health Care,Medical Specialities,,,,,,,,False
CIA,Citizens Class A ($100 Par),Finance,Life Insurance,,,,,,,,False
CIAN,Cian PLC American Depositary Shares each representing one Ordinary Share, Acquisition, Acquisition,,,,,,,,False
CIB,BanColombia SA,Finance,Commercial Banks,,,,,,,,False
CIDM,Cinedigm Corp Class A,Consumer Services,Movies/Entertainment,,,,,,,,False
CIEN,Ciena Corporation,Public Utilities,Telecommunications Equipment,,,,,,,,False
CIF,MFS Intermediate Highome Fund,Finance,Trusts Except Educational Religious and Charitable,,,,,,,,False
CIFR,Cipher Mining,Finance,Investment Bankers/Brokers/Service,,,,,,,,False
CIG,Comp En De Mn Cemig ADS American Depositary Shares,Public Utilities,Electric Utilities: Central,,,,,,,,False
CIGI,Colliers International Group Subordinate Voting Shares, Acquisition, Acquisition,,,,,,,,False
CIH,China Index Holdings Limited American Depository Shares,Technology,EDP Services,,,,,,,,False
CII,Blackrock Capital andome Fund,Finance,Finance Companies,,,,,,,,False
CIIG,CIIG Capital Partners II Class A, Acquisition, Acquisition,,,,,,,,False
CIIGU,CIIG Capital Partners II Unit, Acquisition, Acquisition,,,,,,,,False
CIK,Credit Suisse Asset Managementome Fund,Finance,Finance/Investors Services,,,,,,,,False
CIM,Chimera Investment Corporation,Consumer Services,Real Estate Investment Trusts,,,,,,,,False
CINC,CinCor Pharma,Health Care,Biotechnology: Pharmaceutical Preparations,,,,,,,,False
CINF,Cincinnati Financial Corporation,Finance,Property-Casualty Insurers,,,,,,,,False
CING,Cingulate,Health Care,Biotechnology: Pharmaceutical Preparations,,,,,,,,False
CINT,CI&T Class A Common Shares, Acquisition, Acquisition,,,,,,,,False
CIO,City Office REIT,Consumer Services,Real Estate Investment Trusts,,,,,,,,False
CION,CION Investment Corporation,Finance,Finance/Investors Services,,,,,,,,False
CIR,CIRCOR International,Capital Goods,Fluid Controls,,,,,,,,False
CISO,Cerberus Cyber Sentinel Corporation,Technology,Computer Software: Prepackaged Software,,,,,,,,False
CITEU,Cartica Acquisition Corp Unit, Acquisition, Acquisition,,,,,,,,False
CIVB,Civista Bancshares,Finance,Major Banks,,,,,,,,False
CIVI,Civitas Resources,Energy,Oil & Gas Production,,,,,,,,False
CIX,CompX International,Miscellaneous,Diversified Manufacture,,,,,,,,False
CIXX,CI Financial Corp Common Shares, Acquisition, Acquisition,,,,,,,,False
CIZN,Citizens Holding Company,Finance,Major Banks,,,,,,,,False
CJJD,China Jo-Jo Drugstores (Cayman Islands) Ordinary Shares,Health Care,Other Pharmaceuticals,,,,,,,,False
CKPT,Checkpoint Therapeutics,Health Care,Biotechnology: Pharmaceutical Preparations,,,,,,,,False
CKX,CKX Lands,Energy,Oil & Gas Production,,,,,,,,False
CL,Colgate-Palmolive Company,Consumer Non-Durables,Package Goods/Cosmetics,,,,,,,,False
CLAA,Colonnade Acquisition Corp II Class A Ordinary Shares, Acquisition, Acquisition,,,,,,,,False
CLAQ,CleanTech Acquisition Corp, Acquisition, Acquisition,,,,,,,,False
CLAQU,CleanTech Acquisition Corp Units, Acquisition, Acquisition,,,,,,,,False
CLAR,Clarus Corporation,Consumer Non-Durables,Recreational Products/Toys,,,,,,,,False
CLAS,Class Acceleration Corp Class A, Acquisition, Acquisition,,,,,,,,False
CLAY,Chavant Capital Acquisition Corp Ordinary Shares, Acquisition, Acquisition,,,,,,,,False
CLB,Core Laboratories NV,Energy,Oilfield Services/Equipment,,,,,,,,False
CLBK,Columbia Financial,Finance,Commercial Banks,,,,,,,,False
CLBR,Colombier Acquisition Corp Class A, Acquisition, Acquisition,,,,,,,,False
CLBS,Caladrius Biosciences,Health Care,Managed Health Care,,,,,,,,False
CLBT,Cellebrite DI Ltd Ordinary Shares, Acquisition, Acquisition,,,,,,,,False
CLDT,Chatham Lodging Trust (REIT) Common Shares of Beneficial Interest,Consumer Services,Real Estate Investment Trusts,,,,,,,,False
CLDX,Celldex Therapeutics,Health Care,Biotechnology: In Vitro & In Vivo Diagnostic Substances,,,,,,,,False
CLEU,China Liberal Education Holdings Limited Ordinary Shares,Consumer Services,Other Consumer Services,,,,,,,,False
CLF,Cleveland-Cliffs, Acquisition, Acquisition,,,,,,,,False
CLFD,Clearfield,Public Utilities,Telecommunications Equipment,,,,,,,,False
CLGN,CollPlant Biotechnologies Ltd Ordinary Shares,Health Care,Industrial Specialties,,,,,,,,False
CLH,Clean Harbors, Acquisition, Acquisition,,,,,,,,False
CLIM,Climate Real Impact Solutions II Acquisition Corporation Class A, Acquisition, Acquisition,,,,,,,,False
CLIR,ClearSign Technologies Corporation,Technology,Industrial Machinery/Components,,,,,,,,False
CLLS,Cellectis SA American Depositary Shares,Health Care,Biotechnology: Biological Products (No Diagnostic Substances),,,,,,,,False
CLM,Cornerstone Strategic Value Fund New,Finance,Finance/Investors Services,,,,,,,,False
CLMT,Calumet Specialty Products Partners LP Common Units,Energy,Oil & Gas Production,,,,,,,,False
CLNE,Clean Energy Fuels Corp,Public Utilities,Natural Gas Distribution,,,,,,,,False
CLNN,Clene,Consumer Durables,Specialty Chemicals,,,,,,,,False
CLOE,Clover Leaf Capital Corp Class A, Acquisition, Acquisition,,,,,,,,False
CLOEU,Clover Leaf Capital Corp Unit, Acquisition, Acquisition,,,,,,,,False
CLOV,Clover Health Investments Corp Class A,Health Care,Medical Specialities,,,,,,,,False
CLPR,Clipper Realty,Consumer Services,Real Estate Investment Trusts,,,,,,,,False
CLPS,CLPSorporation,Technology,Computer Software: Prepackaged Software,,,,,,,,False
CLPT,ClearPoint Neuro,Health Care,Medical/Dental Instruments,,,,,,,,False
CLR,Continental Resources,Energy,Oil & Gas Production,,,,,,,,False
CLRB,Cellectar Biosciences ,Health Care,Biotechnology: Pharmaceutical Preparations,,,,,,,,False
CLRM,Clarim Acquisition Corp Class A, Acquisition, Acquisition,,,,,,,,False
CLRMU,Clarim Acquisition Corp Unit, Acquisition, Acquisition,,,,,,,,False
CLRO,ClearOne (DE),Technology,Radio And Television Broadcasting And Communications Equipment,,,,,,,,False
CLS,Celestica, Acquisition, Acquisition,,,,,,,,False
CLSD,Clearside Biomedical,Health Care,Biotechnology: Pharmaceutical Preparations,,,,,,,,False
CLSK,CleanSpark,Technology,Computer Software: Prepackaged Software,,,,,,,,False
CLSN,Celsion Corporation,Health Care,Biotechnology: Pharmaceutical Preparations,,,,,,,,False
CLST,Catalyst Bancorp, Acquisition, Acquisition,,,,,,,,False
CLVR,Clever Leaves Holdings Common Shares, Acquisition, Acquisition,,,,,,,,False
CLVRW,Clever Leaves Holdings Warrant, Acquisition, Acquisition,,,,,,,,False
CLVS,Clovis Oncology,Health Care,Biotechnology: Pharmaceutical Preparations,,,,,,,,False
CLVT,Clarivate Plc Ordinary Shares,Consumer Services,Movies/Entertainment,,,,,,,,False
CLW,Clearwater Paper Corporation,Basic Industries,Paper,,,,,,,,False
CLWT,Euro Tech Holdings Company Limited,Consumer Durables,Diversified Electronic Products,,,,,,,,False
CLX,Clorox Company (The),Consumer Durables,Specialty Chemicals,,,,,,,,False
CLXT,Calyxt,Consumer Non-Durables,Food Distributors,,,,,,,,False
CM,Canadian Imperial Bank of Commerce, Acquisition, Acquisition,,,,,,,,False
CMA,Comericaorporated,Finance,Major Banks,,,,,,,,False
CMAX,CareMax Class A,Technology,Computer Software: Prepackaged Software,,,,,,,,False
CMBM,Cambium Networks Corporation Ordinary Shares,Technology,Radio And Television Broadcasting And Communications Equipment,,,,,,,,False
CMC,Commercial Metals Company,Basic Industries,Steel/Iron Ore,,,,,,,,False
CMCL,Caledonia Mining Corporation Plc Common Shares,Basic Industries,Precious Metals,,,,,,,,False
CMCM,Cheetah Mobile American Depositary Shares each representing 10 Class Ordinary Shares,Technology,Computer Software: Prepackaged Software,,,,,,,,False
CMCO,Columbus McKinnon Corporation,Capital Goods,Construction/Ag Equipment/Trucks,,,,,,,,False
CMCSA,Comcast Corporation Class A,Consumer Services,Television Services,,,,,,,,False
CMCT,CIM Commercial Trust Corporation,Consumer Services,Real Estate Investment Trusts,,,,,,,,False
CME,CME Group Class A,Finance,Investment Bankers/Brokers/Service,,,,,,,,False
CMG,Chipotle Mexican Grill,Consumer Services,Restaurants,,,,,,,,False
CMI,Cummins,Capital Goods,Construction/Ag Equipment/Trucks,,,,,,,,False
CMLS,Cumulus Media Class A,Consumer Services,Broadcasting,,,,,,,,False
CMMB,Chemomab Therapeutics Ltd American Depositary Share,Health Care,Biotechnology: Pharmaceutical Preparations,,,,,,,,False
CMP,Compass Minerals Intl,Basic Industries,Precious Metals,,,,,,,,False
CMPI,Checkmate Pharmaceuticals,Consumer Durables,Specialty Chemicals,,,,,,,,False
CMPO,CompoSecure Class A,Capital Goods,Metal Fabrications,,,,,,,,False
CMPR,Cimpress plc Ordinary Shares (Ireland),Consumer Services,Recreational Products/Toys,,,,,,,,False
CMPS,COMPASS Pathways Plc American Depository Shares,Health Care,Biotechnology: Pharmaceutical Preparations,,,,,,,,False
CMPX,Compass Therapeutics,Health Care,Biotechnology: Pharmaceutical Preparations,,,,,,,,False
CMRE,Costamare $00001 par value,Transportation,Marine Transportation,,,,,,,,False
CMRX,Chimerix,Health Care,Biotechnology: Pharmaceutical Preparations,,,,,,,,False
CMS,CMS Energy Corporation,Public Utilities,Power Generation,,,,,,,,False
CMSA,CMS Energy Corporation 5625% Junior Subordinated Notes due 2078,Public Utilities,Power Generation,,,,,,,,False
CMSC,CMS Energy Corporation 5875% Junior Subordinated Notes due 2078,Public Utilities,Power Generation,,,,,,,,False
CMSD,CMS Energy Corporation 5875% Junior Subordinated Notes due 2079,Public Utilities,Power Generation,,,,,,,,False
CMT,Core Molding Technologies,Consumer Durables,Electronic Components,,,,,,,,False
CMTG,Claros Mortgage Trust,Consumer Services,Real Estate Investment Trusts,,,,,,,,False
CMTL,Comtech Telecommunications Corp,Technology,Radio And Television Broadcasting And Communications Equipment,,,,,,,,False
CMU,MFS Municipalome Trust,Finance,Investment Managers,,,,,,,,False
CNA,CNA Financial Corporation,Finance,Property-Casualty Insurers,,,,,,,,False
CNC,Centene Corporation,Health Care,Medical Specialities,,,,,,,,False
CNCE,Concert Pharmaceuticals,Health Care,Biotechnology: Pharmaceutical Preparations,,,,,,,,False
CND,Concord Acquisition Corp Class A, Acquisition, Acquisition,,,,,,,,False
CNDA,Concord Acquisition Corp II Class A, Acquisition, Acquisition,,,,,,,,False
CNDB,Concord Acquisition Corp III Class A, Acquisition, Acquisition,,,,,,,,False
CNDT,Conduentorporated ,Technology,Retail: Computer Software & Peripheral Equipment,,,,,,,,False
CNET,ZW Data Action Technologies,Technology,Advertising,,,,,,,,False
CNEY,CN Energy Group,Basic Industries,Major Chemicals,,,,,,,,False
CNF,CNFinance Holdings Limited American Depositary Shares each representing  twenty (20) Ordinary Shares,Finance,Finance: Consumer Services,,,,,,,,False
CNFR,Conifer Holdings,Finance,Property-Casualty Insurers,,,,,,,,False
CNGLU,Canna-Global Acquisition Corp Unit, Acquisition, Acquisition,,,,,,,,False
CNHI,CNH Industrial NV Common Shares,Capital Goods,Construction/Ag Equipment/Trucks,,,,,,,,False
CNI,Canadian National Railway Company, Acquisition, Acquisition,,,,,,,,False
CNK,Cinemark Holdings Cinemark Holdings,Consumer Services,Movies/Entertainment,,,,,,,,False
CNM,Core & Main Class A,Capital Goods,Industrial Machinery/Components,,,,,,,,False
CNMD,CONMED Corporation,Health Care,Biotechnology: Electromedical & Electrotherapeutic Apparatus,,,,,,,,False
CNNB,Cincinnati Bancorp,Finance,Commercial Banks,,,,,,,,False
CNNE,Cannae Holdings,Consumer Services,Catalog/Specialty Distribution,,,,,,,,False
CNO,CNO Financial Group,Finance,Life Insurance,,,,,,,,False
CNOB,ConnectOne Bancorp,Finance,Major Banks,,,,,,,,False
CNOBP,ConnectOne Bancorp Depositary Shares each representing a 1/40th interest in a share of 525% Fixed-Rate Reset Non-Cumulative Perpetual Preferred Stock Series A,Finance,Major Banks,,,,,,,,False
CNP,CenterPoint Energy (Holding Co),Public Utilities,Electric Utilities: Central,,,,,,,,False
CNQ,Canadian Natural Resources Limited, Acquisition, Acquisition,,,,,,,,False
CNR,Cornerstone Building Brands,Capital Goods,Metal Fabrications,,,,,,,,False
CNS,Cohen & Steers,Finance,Investment Managers,,,,,,,,False
CNSL,Consolidated Communications Holdings,Public Utilities,Telecommunications Equipment,,,,,,,,False
CNSP,CNS Pharmaceuticals,Health Care,Biotechnology: Pharmaceutical Preparations,,,,,,,,False
CNTA,Centessa Pharmaceuticals plc American Depositary Shares, Acquisition, Acquisition,,,,,,,,False
CNTB,Connect Biopharma Holdings Limited American Depositary Shares,Health Care,Biotechnology: Pharmaceutical Preparations,,,,,,,,False
CNTG,Centogene NV Common Shares,Health Care,Medical Specialities,,,,,,,,False
CNTQ,Chardan NexTech Acquisition 2 Corp Class A, Acquisition, Acquisition,,,,,,,,False
CNTX,Context Therapeutics,Health Care,Biotechnology: Pharmaceutical Preparations,,,,,,,,False
CNTY,Century Casinos,Consumer Services,Hotels/Resorts,,,,,,,,False
CNVY,Convey Health Solutions Holdings,Technology,Retail: Computer Software & Peripheral Equipment,,,,,,,,False
CNX,CNX Resources Corporation,Energy,Oil & Gas Production,,,,,,,,False
CNXC,Concentrix Corporation,Technology,Computer Software: Prepackaged Software,,,,,,,,False
CNXN,PC Connection,Technology,Retail: Computer Software & Peripheral Equipment,,,,,,,,False
CO,Global Cord Blood Corporation,Health Care,Managed Health Care,,,,,,,,False
COCO,The Vita Coco Company,Consumer Non-Durables,Beverages (Production/Distribution),,,,,,,,False
COCP,Cocrystal Pharma,Health Care,Biotechnology: Pharmaceutical Preparations,,,,,,,,False
CODA,Coda Octopus Group,Capital Goods,Industrial Machinery/Components,,,,,,,,False
CODI,D/B/A Compass Diversified Holdings Shares of Beneficial Interest, Acquisition, Acquisition,,,,,,,,False
CODX,Co-Diagnostics,Health Care,Medical/Dental Instruments,,,,,,,,False
COE,China Online Education Group American depositary shares each representing 15 Class A ordinary shares,Miscellaneous,Service to the Health Industry,,,,,,,,False
COF,Capital One Financial Corporation,Finance,Finance Companies,,,,,,,,False
COFS,ChoiceOne Financial Services,Finance,Major Banks,,,,,,,,False
COGT,Cogent Biosciences,Health Care,Biotechnology: Pharmaceutical Preparations,,,,,,,,False
COHN,Cohen & Company,Finance,Investment Managers,,,,,,,,False
COHR,Coherent,Capital Goods,Biotechnology: Laboratory Analytical Instruments,,,,,,,,False
COHU,Cohu,Capital Goods,Electrical Products,,,,,,,,False
COIN,Coinbase Global Class A,Technology,EDP Services,,,,,,,,False
COKE,Coca-Cola Consolidated,Consumer Non-Durables,Beverages (Production/Distribution),,,,,,,,False
COLB,Columbia Banking System,Finance,Major Banks,,,,,,,,False
COLD,Americold Realty Trust Common Shares,Finance,Real Estate,,,,,,,,False
COLI,Colicity Class A, Acquisition, Acquisition,,,,,,,,False
COLIU,Colicity Units, Acquisition, Acquisition,,,,,,,,False
COLL,Collegium Pharmaceutical,Health Care,Biotechnology: Pharmaceutical Preparations,,,,,,,,False
COLM,Columbia Sportswear Company,Consumer Non-Durables,Apparel,,,,,,,,False
COMM,CommScope Holding Company,Technology,Radio And Television Broadcasting And Communications Equipment,,,,,,,,False
COMP,Compass Class A,Technology,EDP Services,,,,,,,,False
COMS,ComSovereign Holding Corp,Consumer Services,Telecommunications Equipment,,,,,,,,False
COMSP,ComSovereign Holding Corp 925% Series A Cumulative Redeemable Perpetual Preferred Stock,Consumer Services,Telecommunications Equipment,,,,,,,,False
CONN,Conn's,Consumer Services,Consumer Electronics/Video Chains,,,,,,,,False
CONX,CONX Corp Class A, Acquisition, Acquisition,,,,,,,,False
CONXU,CONX Corp Unit, Acquisition, Acquisition,,,,,,,,False
COO,The Cooper Companies,Health Care,Ophthalmic Goods,,,,,,,,False
COOK,Traeger,Capital Goods,Wholesale Distributors,,,,,,,,False
COOL,Corner Growth Acquisition Corp Class A Ordinary Shares,Finance,Business Services,,,,,,,,False
COOLU,Corner Growth Acquisition Corp Unit,Finance,Business Services,,,,,,,,False
COOLW,Corner Growth Acquisition Corp Warrant,Finance,Business Services,,,,,,,,False
COOP,Mr Cooper Group,Finance,Finance: Consumer Services,,,,,,,,False
COP,ConocoPhillips,Energy,Integrated oil Companies,,,,,,,,False
CORR,CorEnergy Infrastructure Trust,Consumer Services,Real Estate Investment Trusts,,,,,,,,False
CORS,Corsair Partnering Corporation Class A Ordinary Shares, Acquisition, Acquisition,,,,,,,,False
CORT,Corcept Therapeuticsorporated,Health Care,Biotechnology: Pharmaceutical Preparations,,,,,,,,False
COST,Costco Wholesale Corporation,Consumer Services,Department/Specialty Retail Stores,,,,,,,,False
COTY,Coty Class A,Consumer Non-Durables,Package Goods/Cosmetics,,,,,,,,False
COUP,Coupa Softwareorporated,Technology,Computer Software: Prepackaged Software,,,,,,,,False
COUR,Coursera,Miscellaneous,Other Consumer Services,,,,,,,,False
COVA,COVA Acquisition Corp Class A Ordinary Share,Finance,Business Services,,,,,,,,False
COVAU,COVA Acquisition Corp Unit,Finance,Business Services,,,,,,,,False
COWN,Cowen Class A,Finance,Investment Bankers/Brokers/Service,,,,,,,,False
COWNL,Cowen 775% Senior Notes due 2033,Finance,Investment Bankers/Brokers/Service,,,,,,,,False
CP,Canadian Pacific Railway Limited, Acquisition, Acquisition,,,,,,,,False
CPA,Copa Holdings SA Copa Holdings SA Class A,Transportation,Air Freight/Delivery Services,,,,,,,,False
CPAA,Conyers Park III Acquisition Corp Class A, Acquisition, Acquisition,,,,,,,,False
CPAC,Cementos Pacasmayo SAA American Depositary Shares (Each representing five Common Shares),Capital Goods,Building Materials,,,,,,,,False
CPAR,Catalyst Partners Acquisition Corp Class A Ordinary Share, Acquisition, Acquisition,,,,,,,,False
CPARU,Catalyst Partners Acquisition Corp Unit, Acquisition, Acquisition,,,,,,,,False
CPARW,Catalyst Partners Acquisition Corp Warrant, Acquisition, Acquisition,,,,,,,,False
CPB,Campbell Soup Company,Consumer Non-Durables,Packaged Foods,,,,,,,,False
CPE,Callon Petroleum Company,Energy,Oil & Gas Production,,,,,,,,False
CPF,Central Pacific Financial Corp New,Finance,Major Banks,,,,,,,,False
CPG,Crescent Point Energy Corporation Ordinary Shares (Canada), Acquisition, Acquisition,,,,,,,,False
CPHC,Canterbury Park Holding Corporation 'New',Consumer Services,Services-Misc Amusement & Recreation,,,,,,,,False
CPHI,China Pharma Holdings,Health Care,Biotechnology: Pharmaceutical Preparations,,,,,,,,False
CPIX,Cumberland Pharmaceuticals,Health Care,Biotechnology: Pharmaceutical Preparations,,,,,,,,False
CPK,Chesapeake Utilities Corporation,Public Utilities,Oil & Gas Production,,,,,,,,False
CPLP,Capital Product Partners LP Common Units,Transportation,Marine Transportation,,,,,,,,False
CPNG,Coupang Class A,Capital Goods,Recreational Products/Toys,,,,,,,,False
CPOP,Pop Culture Group Co Ltd Class A Ordinary Shares, Acquisition, Acquisition,,,,,,,,False
CPRI,Capri Holdings Limited Ordinary Shares, Acquisition, Acquisition,,,,,,,,False
CPRT,Copart (DE),Miscellaneous,Business Services,,,,,,,,False
CPRX,Catalyst Pharmaceuticals,Health Care,Biotechnology: Pharmaceutical Preparations,,,,,,,,False
CPS,Cooper-Standard Holdings,Capital Goods,Auto Parts:OEM,,,,,,,,False
CPSH,CPS Technologies Corp, Acquisition, Acquisition,,,,,,,,False
CPSI,Computer Programs and Systems,Technology,EDP Services,,,,,,,,False
CPSS,Consumer Portfolio Services,Finance,Diversified Financial Services,,,,,,,,False
CPT,Camden Property Trust,Consumer Services,Real Estate Investment Trusts,,,,,,,,False
CPTAG,Capitala Finance Corp 575% Convertible Notes Due 2022,Finance,Trusts Except Educational Religious and Charitable,,,,,,,,False
CPTAL,Capitala Finance Corp 6% Notes Due 2022,Finance,Trusts Except Educational Religious and Charitable,,,,,,,,False
CPTK,Crown PropTech Acquisitions Class A Ordinary Shares,Finance,Business Services,,,,,,,,False
CPUH,Compute Health Acquisition Corp Class A, Acquisition, Acquisition,,,,,,,,False
CPZ,Calamos Long/Short Equity & Dynamicome Trust,Finance,Trusts Except Educational Religious and Charitable,,,,,,,,False
CQP,Cheniere Energy Partners LP Cheniere Energy Partners LP Common Units,Public Utilities,Oil/Gas Transmission,,,,,,,,False
CR,Crane Co,Capital Goods,Office Equipment/Supplies/Services,,,,,,,,False
CRAI,CRA International,Miscellaneous,Other Consumer Services,,,,,,,,False
CRBP,Corbus Pharmaceuticals Holdings,Health Care,Biotechnology: Pharmaceutical Preparations,,,,,,,,False
CRBU,Caribou Biosciences,Consumer Durables,Specialty Chemicals,,,,,,,,False
CRC,California Resources Corporation,Energy,Oil & Gas Production,,,,,,,,False
CRCT,Cricut Class A,Capital Goods,Wholesale Distributors,,,,,,,,False
CRDF,Cardiff Oncology,Health Care,Biotechnology: Biological Products (No Diagnostic Substances),,,,,,,,False
CRDL,Cardiol Therapeutics Class A Common Shares, Acquisition, Acquisition,,,,,,,,False
CREC,Crescera Capital Acquisition Corp Class A Ordinary Shares, Acquisition, Acquisition,,,,,,,,False
CRECU,Crescera Capital Acquisition Corp Unit, Acquisition, Acquisition,,,,,,,,False
CREG,China Recycling Energy Corporation, Acquisition, Acquisition,,,,,,,,False
CRESY,Cresud SACIF y A American Depositary Shares,Finance,Real Estate,,,,,,,,False
CREX,Creative Realities,Technology,EDP Services,,,,,,,,False
CRF,Cornerstone Total Return Fund (The),Finance,Finance/Investors Services,,,,,,,,False
CRGY,Crescent Energy Company Class A,Energy,Oil & Gas Production,,,,,,,,False
CRH,CRH PLC American Depositary Shares,Capital Goods,Building Materials,,,,,,,,False
CRHC,Cohn Robbins Holdings Corp Class A Ordinary Shares,Finance,Business Services,,,,,,,,False
CRI,Carter's,Consumer Services,Department/Specialty Retail Stores,,,,,,,,False
CRIS,Curis,Health Care,Biotechnology: Biological Products (No Diagnostic Substances),,,,,,,,False
CRK,Comstock Resources,Energy,Oil & Gas Production,,,,,,,,False
CRKN,Crown Electrokinetics Corp, Acquisition, Acquisition,,,,,,,,False
CRL,Charles River Laboratories International,Consumer Services,EDP Services,,,,,,,,False
CRM,Salesforcecom,Technology,Computer Software: Prepackaged Software,,,,,,,,False
CRMD,CorMedix,Health Care,Biotechnology: Pharmaceutical Preparations,,,,,,,,False
CRMT,America's Car-Mart,Consumer Services,Other Specialty Stores,,,,,,,,False
CRNC,Cerence,Technology,EDP Services,,,,,,,,False
CRNT,Ceragon Networks Ltd Ordinary Shares,Technology,Radio And Television Broadcasting And Communications Equipment,,,,,,,,False
CRNX,Crinetics Pharmaceuticals,Health Care,Biotechnology: Pharmaceutical Preparations,,,,,,,,False
CRON,Cronos Group Common Share, Acquisition, Acquisition,,,,,,,,False
CROX,Crocs,Consumer Non-Durables,Shoe Manufacturing,,,,,,,,False
CRS,Carpenter Technology Corporation,Basic Industries,Steel/Iron Ore,,,,,,,,False
CRSP,CRISPR Therapeutics AG Common Shares,Health Care,Biotechnology: Biological Products (No Diagnostic Substances),,,,,,,,False
CRSR,Corsair Gaming,Technology,Computer Manufacturing,,,,,,,,False
CRT,Cross Timbers Royalty Trust,Energy,Oil & Gas Production,,,,,,,,False
CRTD,Creatd,Consumer Services,Publishing,,,,,,,,False
CRTO,Criteo SA American Depositary Shares,Technology,Advertising,,,,,,,,False
CRTX,Cortexyme,Health Care,Biotechnology: Biological Products (No Diagnostic Substances),,,,,,,,False
CRU,Crucible Acquisition Corporation Class A, Acquisition, Acquisition,,,,,,,,False
CRUS,Cirrus Logic,Technology,Semiconductors,,,,,,,,False
CRVL,CorVel Corp,Finance,Specialty Insurers,,,,,,,,False
CRVS,Corvus Pharmaceuticals,Health Care,Biotechnology: Pharmaceutical Preparations,,,,,,,,False
CRWD,CrowdStrike Holdings Class A,Technology,EDP Services,,,,,,,,False
CRWS,Crown Crafts, Acquisition, Acquisition,,,,,,,,False
CRXT,Clarus Therapeutics Holdings,Health Care,Biotechnology: Pharmaceutical Preparations,,,,,,,,False
CRZN,Corazon Capital V838 Monoceros Corp Class A Ordinary Shares,Finance,Business Services,,,,,,,,False
CS,Credit Suisse Group American Depositary Shares,Finance,Investment Bankers/Brokers/Service,,,,,,,,False
CSAN,Cosan SA ADS,Consumer Durables,Automotive Aftermarket,,,,,,,,False
CSBR,Champions Oncology,Health Care,Biotechnology: Biological Products (No Diagnostic Substances),,,,,,,,False
CSCO,Cisco Systems (DE),Technology,Computer peripheral equipment,,,,,,,,False
CSCW,Color Star Technology Co Ltd Ordinary Shares, Acquisition, Acquisition,,,,,,,,False
CSGP,CoStar Group,Finance,Real Estate,,,,,,,,False
CSGS,CSG Systems International,Technology,EDP Services,,,,,,,,False
CSII,Cardiovascular Systems,Health Care,Medical/Dental Instruments,,,,,,,,False
CSIQ,Canadian Solar Common Shares (BC), Acquisition, Acquisition,,,,,,,,False
CSL,Carlisle Companiesorporated, Acquisition, Acquisition,,,,,,,,False
CSLMU,Consilium Acquisition Corp I Ltd Unit, Acquisition, Acquisition,,,,,,,,False
CSPI,CSP,Technology,EDP Services,,,,,,,,False
CSQ,Calamos Strategic Total Return,Finance,Finance Companies,,,,,,,,False
CSR,D/B/A Centerspace,Consumer Services,Real Estate Investment Trusts,,,,,,,,False
CSSE,Chicken Soup for the Soul Entertainment Class A,Consumer Services,Broadcasting,,,,,,,,False
CSSEN,Chicken Soup for the Soul Entertainment 950% Notes due 2025,Consumer Services,Movies/Entertainment,,,,,,,,False
CSSEP,Chicken Soup for the Soul Entertainment 975% Series A Cumulative Redeemable Perpetual Preferred Stock,Consumer Services,Broadcasting,,,,,,,,False
CSTA,Constellation Acquisition Corp I Class A Ordinary Shares,Finance,Business Services,,,,,,,,False
CSTE,Caesarstone Ltd Ordinary Shares,Capital Goods,Building Materials,,,,,,,,False
CSTL,Castle Biosciences,Health Care,Medical Specialities,,,,,,,,False
CSTM,Constellium SE Ordinary Shares (France),Basic Industries,Metal Fabrications,,,,,,,,False
CSTR,CapStar Financial Holdings,Finance,Major Banks,,,,,,,,False
CSV,Carriage Services,Miscellaneous,Other Consumer Services,,,,,,,,False
CSWC,Capital Southwest Corporation,Finance,Finance/Investors Services,,,,,,,,False
CSWI,CSW Industrials,Basic Industries,Home Furnishings,,,,,,,,False
CSX,CSX Corporation,Transportation,Railroads,,,,,,,,False
CTAQ,Carney Technology Acquisition Corp II Class A, Acquisition, Acquisition,,,,,,,,False
CTAQW,Carney Technology Acquisition Corp II Warrant, Acquisition, Acquisition,,,,,,,,False
CTAS,Cintas Corporation,Miscellaneous,Business Services,,,,,,,,False
CTBB,Qwest Corporation 65% Notes due 2056, Acquisition, Acquisition,,,,,,,,False
CTBI,Community Trust Bancorp,Finance,Major Banks,,,,,,,,False
CTDD,Qwest Corporation 675% Notes due 2057, Acquisition, Acquisition,,,,,,,,False
CTEK,CynergisTek,Technology,Retail: Computer Software & Peripheral Equipment,,,,,,,,False
CTG,Computer Task Group,Technology,EDP Services,,,,,,,,False
CTGO,Contango ORE,Basic Industries,Precious Metals,,,,,,,,False
CTHR,Charles & Colvard Ltd,Consumer Non-Durables,Consumer Specialties,,,,,,,,False
CTIB,Yunhong CTI Ltd,Miscellaneous,Diversified Commercial Services,,,,,,,,False
CTIC,CTI BioPharma Corp (DE),Health Care,Biotechnology: Pharmaceutical Preparations,,,,,,,,False
CTK,CooTek (Cayman) American Depositary Shares each representing 50 Class A Ordinary Shares,Technology,EDP Services,,,,,,,,False
CTKB,Cytek Biosciences,Health Care,Biotechnology: Electromedical & Electrotherapeutic Apparatus,,,,,,,,False
CTLP,Cantaloupe,Technology,EDP Services,,,,,,,,False
CTLT,Catalent,Health Care,Biotechnology: Pharmaceutical Preparations,,,,,,,,False
CTMX,CytomX Therapeutics,Health Care,Biotechnology: Pharmaceutical Preparations,,,,,,,,False
CTO,CTO Realty Growth,Consumer Services,Real Estate Investment Trusts,,,,,,,,False
CTOS,Custom Truck One Source,Technology,Diversified Commercial Services,,,,,,,,False
CTR,ClearBridge MLP and Midstream Total Return Fund,Finance,Investment Managers,,,,,,,,False
CTRA,Coterra Energy,Energy,Oil & Gas Production,,,,,,,,False
CTRE,CareTrust REIT,Consumer Services,Real Estate Investment Trusts,,,,,,,,False
CTRM,Castor Maritime Common Shares,Transportation,Marine Transportation,,,,,,,,False
CTRN,Citi Trends, Acquisition, Acquisition,,,,,,,,False
CTS,CTS Corporation,Capital Goods,Industrial Machinery/Components,,,,,,,,False
CTSH,Cognizant Technology Solutions Corporation Class A,Technology,EDP Services,,,,,,,,False
CTSO,Cytosorbents Corporation,Health Care,Medical/Dental Instruments,,,,,,,,False
CTT,CatchMark Timber Trust Class A,Consumer Services,Real Estate Investment Trusts,,,,,,,,False
CTV,Innovid Corp,Technology,Advertising,,,,,,,,False
CTVA,Corteva ,Basic Industries,Major Chemicals,,,,,,,,False
CTXR,Citius Pharmaceuticals,Health Care,Biotechnology: Pharmaceutical Preparations,,,,,,,,False
CTXS,Citrix Systems,Technology,Computer Software: Prepackaged Software,,,,,,,,False
CUBA,Herzfeld Caribbean Basin Fund (The),Finance,Investment Managers,,,,,,,,False
CUBB,Customers Bancorp 5375% Subordinated Notes Due 2034,Finance,Major Banks,,,,,,,,False
CUBE,CubeSmart Common Shares,Consumer Services,Real Estate Investment Trusts,,,,,,,,False
CUBI,Customers Bancorp,Finance,Major Banks,,,,,,,,False
CUE,Cue Biopharma,Health Care,Biotechnology: Pharmaceutical Preparations,,,,,,,,False
CUEN,Cuentas,Technology,Computer Software: Prepackaged Software,,,,,,,,False
CUK,Carnival Plc ADS ADS, Acquisition, Acquisition,,,,,,,,False
CULL,Cullman Bancorp,Finance,Savings Institutions,,,,,,,,False
CULP,Culp,Basic Industries,Textiles,,,,,,,,False
CURI,CuriosityStream Class A,Consumer Services,Broadcasting,,,,,,,,False
CURO,CURO Group Holdings Corp,Finance,Diversified Financial Services,,,,,,,,False
CURV,Torrid Holdings,Consumer Services,Clothing/Shoe/Accessory Stores,,,,,,,,False
CUTR,Cutera,Health Care,Biotechnology: Electromedical & Electrotherapeutic Apparatus,,,,,,,,False
CUZ,Cousins Propertiesorporated,Consumer Services,Real Estate Investment Trusts,,,,,,,,False
CVAC,CureVac NV Ordinary Shares,Health Care,Biotechnology: Pharmaceutical Preparations,,,,,,,,False
CVBF,CVB Financial Corporation,Finance,Major Banks,,,,,,,,False
CVCO,Cavco Industries When Issued,Basic Industries,Homebuilding,,,,,,,,False
CVCY,Central Valley Community Bancorp,Finance,Major Banks,,,,,,,,False
CVE,Cenovus Energy, Acquisition, Acquisition,,,,,,,,False
CVEO,Civeo Corporation (Canada) Common Shares, Acquisition, Acquisition,,,,,,,,False
CVET,Covetrus,Health Care,Managed Health Care,,,,,,,,False
CVGI,Commercial Vehicle Group,Capital Goods,Auto Parts:OEM,,,,,,,,False
CVGW,Calavo Growers, Acquisition, Acquisition,,,,,,,,False
CVI,CVR Energy,Energy,Integrated oil Companies,,,,,,,,False
CVII,Churchill Capital Corp VII Class A, Acquisition, Acquisition,,,,,,,,False
CVLG,Covenant Logistics Group Class A,Transportation,Trucking Freight/Courier Services,,,,,,,,False
CVLT,Commvault Systems,Technology,Computer Software: Prepackaged Software,,,,,,,,False
CVLY,Codorus Valley Bancorp,Finance,Savings Institutions,,,,,,,,False
CVM,Cel-Sci Corporation,Health Care,Biotechnology: Biological Products (No Diagnostic Substances),,,,,,,,False
CVNA,Carvana Co Class A,Consumer Services,Other Specialty Stores,,,,,,,,False
CVR,Chicago Rivet & Machine Co,Consumer Non-Durables,Industrial Specialties,,,,,,,,False
CVRX,CVRx,Health Care,Biotechnology: Electromedical & Electrotherapeutic Apparatus,,,,,,,,False
CVS,CVS Health Corporation,Health Care,Managed Health Care,,,,,,,,False
CVT,Cvent Holding Corp,Technology,Computer Software: Prepackaged Software,,,,,,,,False
CVU,CPI Aerostructures,Capital Goods,Military/Government/Technical,,,,,,,,False
CVV,CVD Equipment Corporation,Technology,Industrial Machinery/Components,,,,,,,,False
CVX,Chevron Corporation,Energy,Integrated oil Companies,,,,,,,,False
CW,Curtiss-Wright Corporation,Capital Goods,Industrial Machinery/Components,,,,,,,,False
CWAN,Clearwater Analytics Holdings Class A,Technology,Computer Software: Prepackaged Software,,,,,,,,False
CWBC,Community West Bancshares,Finance,Major Banks,,,,,,,,False
CWBR,CohBar,Health Care,Biotechnology: In Vitro & In Vivo Diagnostic Substances,,,,,,,,False
CWCO,Consolidated Water Co Ltd Ordinary Shares,Public Utilities,Water Supply,,,,,,,,False
CWEN,Clearway Energy Class C,Public Utilities,Electric Utilities: Central,,,,,,,,False
CWH,Camping World Holdings Class A Commom Stock,Consumer Services,Other Specialty Stores,,,,,,,,False
CWK,Cushman & Wakefield plc Ordinary Shares,Finance,Real Estate,,,,,,,,False
CWST,Casella Waste Systems Class A,Public Utilities,Environmental Services,,,,,,,,False
CWT,California Water Service Group,Public Utilities,Water Supply,,,,,,,,False
CX,Cemex SAB de CV Sponsored ADR,Capital Goods,Building Materials,,,,,,,,False
CXDO,Crexendo,Consumer Services,Telecommunications Equipment,,,,,,,,False
CXE,MFS Highome Municipal Trust,Finance,Investment Managers,,,,,,,,False
CXH,MFS Investment Grade Municipal Trust,Finance,Investment Managers,,,,,,,,False
CXM,Sprinklr Class A,Technology,Computer Software: Prepackaged Software,,,,,,,,False
CXW,CoreCivic,Consumer Services,Real Estate Investment Trusts,,,,,,,,False
CYAD,Celyad Oncology SA American Depositary Shares,Health Care,Biotechnology: Pharmaceutical Preparations,,,,,,,,False
CYAN,Cyanotech Corporation,Consumer Non-Durables,Farming/Seeds/Milling,,,,,,,,True
CYBE,CyberOptics Corporation,Capital Goods,Electronic Components,,,,,,,,False
CYBN,Cybin Common Shares, Acquisition, Acquisition,,,,,,,,False
CYBR,CyberArk Software Ltd Ordinary Shares,Technology,Computer Software: Prepackaged Software,,,,,,,,False
CYCC,Cyclacel Pharmaceuticals,Health Care,Biotechnology: Pharmaceutical Preparations,,,,,,,,False
CYCCP,Cyclacel Pharmaceuticals 6% Convertible Preferred Stock,Health Care,Biotechnology: Pharmaceutical Preparations,,,,,,,,False
CYCN,Cyclerion Therapeutics,Health Care,Biotechnology: Pharmaceutical Preparations,,,,,,,,False
CYD,China Yuchai International Limited,Capital Goods,Construction/Ag Equipment/Trucks,,,,,,,,False
CYH,Community Health Systems,Health Care,Hospital/Nursing Management,,,,,,,,False
CYN,Cyngn,Technology,EDP Services,,,,,,,,False
CYRN,CYREN Ltd Ordinary Shares,Technology,Computer Software: Prepackaged Software,,,,,,,,False
CYRX,CryoPort, Acquisition, Acquisition,,,,,,,,False
CYT,Cyteir Therapeutics,Health Care,Biotechnology: Pharmaceutical Preparations,,,,,,,,False
CYTH,Cyclo Therapeutics,Health Care,Biotechnology: Pharmaceutical Preparations,,,,,,,,True
CYTHW,Cyclo Therapeutics Warrant,Health Care,Biotechnology: Pharmaceutical Preparations,,,,,,,,True
CYTK,Cytokineticsorporated,Health Care,Biotechnology: Pharmaceutical Preparations,,,,,,,,False
CYTO,Altamira Therapeutics Ltd Common Shares 001 SF (Bermuda),Health Care,Biotechnology: Pharmaceutical Preparations,,,,,,,,False
CYXT,Cyxtera Technologies Class A,Technology,EDP Services,,,,,,,,False
CZNC,Citizens & Northern Corp,Finance,Major Banks,,,,,,,,False
CZOO,Cazoo Group Ltd Class A Ordinary Shares,Consumer Durables,Automotive Aftermarket,,,,,,,,False
CZR,Caesars Entertainment,Consumer Services,Hotels/Resorts,,,,,,,,False
CZWI,Citizens Community Bancorp,Finance,Savings Institutions,,,,,,,,False
D,Dominion Energy,Public Utilities,Electric Utilities: Central,,,,,,,,False
DAC,Danaos Corporation,Transportation,Marine Transportation,,,,,,,,False
DADA,Dada Nexus Limited American Depositary Shares,Consumer Services,Department/Specialty Retail Stores,,,,,,,,False
DAIO,Data I/O Corporation,Capital Goods,Industrial Machinery/Components,,,,,,,,False
DAKT,Daktronics,Capital Goods,Office Equipment/Supplies/Services,,,,,,,,False
DAL,Delta Air Lines,Transportation,Air Freight/Delivery Services,,,,,,,,False
DALN,DallasNews Corporation Series A,Consumer Services,Newspapers/Magazines,,,,,,,,False
DALS,DA32 Life Science Tech Acquisition Corp Class A, Acquisition, Acquisition,,,,,,,,False
DAN,Danaorporated ,Capital Goods,Auto Parts:OEM,,,,,,,,False
DAO,Youdao American Depositary Shares each representing one Class A Ordinary Share,Consumer Services,Other Consumer Services,,,,,,,,False
DAOO,Crypto 1 Acquisition Corp Class A Ordinary Shares, Acquisition, Acquisition,,,,,,,,False
DAOOU,Crypto 1 Acquisition Corp Unit, Acquisition, Acquisition,,,,,,,,False
DAR,Darling Ingredients,Consumer Non-Durables,Farming/Seeds/Milling,,,,,,,,False
DARE,Dare Bioscience,Health Care,Biotechnology: Pharmaceutical Preparations,,,,,,,,False
DASH,DoorDash Class A,Capital Goods,Industrial Machinery/Components,,,,,,,,False
DATS,DatChat,Technology,Computer Software: Prepackaged Software,,,,,,,,False
DATSW,DatChat Series A Warrant,Technology,Computer Software: Prepackaged Software,,,,,,,,False
DAVA,Endava plc American Depositary Shares (each representing one Class A Ordinary Share),Technology,EDP Services,,,,,,,,False
DAVE,Dave Class A,Technology,Retail: Computer Software & Peripheral Equipment,,,,,,,,False
DAWN,Day One Biopharmaceuticals,Health Care,Biotechnology: Pharmaceutical Preparations,,,,,,,,False
DB,Deutsche Bank AG,Finance,Commercial Banks,,,,,,,,False
DBD,Diebold Nixdorforporated,Technology,EDP Services,,,,,,,,False
DBGI,Digital Brands Group,Consumer Non-Durables,Apparel,,,,,,,,False
DBI,Designer Brands Class A,Consumer Services,Clothing/Shoe/Accessory Stores,,,,,,,,False
DBL,DoubleLine Opportunistic Credit Fund Common Shares of Beneficial Interest, Acquisition, Acquisition,,,,,,,,False
DBRG,DigitalBridge Group,Consumer Services,Real Estate Investment Trusts,,,,,,,,False
DBTX,Decibel Therapeutics,Health Care,Biotechnology: Pharmaceutical Preparations,,,,,,,,False
DBVT,DBV Technologies SA American Depositary Shares,Health Care,Biotechnology: Biological Products (No Diagnostic Substances),,,,,,,,False
DBX,Dropbox Class A,Technology,Computer Software: Prepackaged Software,,,,,,,,False
DCBO,Docebo Common Shares, Acquisition, Acquisition,,,,,,,,False
DCF,BNY Mellon Alcentra Global Creditome 2024 Target Term Fund,Finance,Finance/Investors Services,,,,,,,,False
DCFC,Tritium DCFC Limited Ordinary Shares, Acquisition, Acquisition,,,,,,,,False
DCGO,DocGo,Health Care,Managed Health Care,,,,,,,,False
DCGOW,DocGo Warrants,Health Care,Managed Health Care,,,,,,,,False
DCI,Donaldson Company,Capital Goods,Pollution Control Equipment,,,,,,,,False
DCO,Ducommunorporated,Capital Goods,Military/Government/Technical,,,,,,,,False
DCOM,Dime Community Bancshares,Finance,Savings Institutions,,,,,,,,False
DCOMP,Dime Community Bancshares Fixed-Rate Non-Cumulative Perpetual Preferred Stock Series A,Finance,Savings Institutions,,,,,,,,False
DCP,DCP Midstream  LP Common Units ,Public Utilities,Natural Gas Distribution,,,,,,,,False
DCPH,Deciphera Pharmaceuticals,Health Care,Biotechnology: Pharmaceutical Preparations,,,,,,,,False
DCRD,Decarbonization Plus Acquisition Corporation IV Class A Ordinary Share, Acquisition, Acquisition,,,,,,,,False
DCRDU,Decarbonization Plus Acquisition Corporation IV Unit, Acquisition, Acquisition,,,,,,,,False
DCT,Duck Creek Technologies,Technology,Retail: Computer Software & Peripheral Equipment,,,,,,,,False
DCTH,Delcath Systems,Health Care,Medical Specialities,,,,,,,,False
DCUE,Dominion Energy 2019 Series A Corporate Units,Public Utilities,Electric Utilities: Central,,,,,,,,False
DD,DuPont de Nemours,Capital Goods,Wholesale Distributors,,,,,,,,False
DDD,3D Systems Corporation,Technology,Computer peripheral equipment,,,,,,,,False
DDF,Delaware Investments Dividend &ome Fund,Finance,Finance/Investors Services,,,,,,,,False
DDI,DoubleDown Interactive Co Ltd American Depository Shares,Technology,EDP Services,,,,,,,,False
DDL,Dingdong (Cayman) Limited American Depositary Shares (each two representing three Ordinary Shares), Acquisition, Acquisition,,,,,,,,False
DDOG,Datadog Class A,Technology,EDP Services,,,,,,,,False
DDS,Dillard's,Consumer Services,Department/Specialty Retail Stores,,,,,,,,False
DDT,Dillard's Capital Trust I,Consumer Services,Department/Specialty Retail Stores,,,,,,,,False
DE,Deere & Company,Capital Goods,Industrial Machinery/Components,,,,,,,,False
DEA,Easterly Government Properties,Consumer Services,Real Estate Investment Trusts,,,,,,,,False
DECK,Deckers,Consumer Non-Durables,Shoe Manufacturing,,,,,,,,False
DEI,Douglas Emmett,Consumer Services,Real Estate Investment Trusts,,,,,,,,False
DELL,Dell Technologies Class C ,Technology,Computer Manufacturing,,,,,,,,False
DEN,Denbury,Energy,Oil & Gas Production,,,,,,,,False
DENN,Denny's Corporation,Consumer Services,Restaurants,,,,,,,,False
DEO,Diageo plc,Consumer Non-Durables,Beverages (Production/Distribution),,,,,,,,False
DERM,Journey Medical Corporation,Health Care,Biotechnology: Pharmaceutical Preparations,,,,,,,,False
DESP,Despegarcom Corp Ordinary Shares,Transportation,Other Consumer Services,,,,,,,,False
DEX,Delaware Enhanced Global Dividend Common Shares of Beneficial Interest,Finance,Finance Companies,,,,,,,,False
DFFN,Diffusion Pharmaceuticals,Health Care,Biotechnology: Pharmaceutical Preparations,,,,,,,,False
DFH,Dream Finders Homes Class A, Acquisition, Acquisition,,,,,,,,False
DFIN,Donnelley Financial Solutions ,Finance,Investment Managers,,,,,,,,False
DFP,Flaherty & Crumrine Dynamic Preferred andome Fund,Finance,Investment Managers,,,,,,,,False
DFS,Discover Financial Services,Finance,Finance: Consumer Services,,,,,,,,False
DG,Dollar General Corporation,Consumer Services,Department/Specialty Retail Stores,,,,,,,,False
DGHI,Digihost Technology Common Subordinate Voting Shares, Acquisition, Acquisition,,,,,,,,False
DGICA,Donegal Group Class A,Finance,Property-Casualty Insurers,,,,,,,,False
DGICB,Donegal Group Class B,Finance,Property-Casualty Insurers,,,,,,,,False
DGII,Digi International,Technology,Computer peripheral equipment,,,,,,,,False
DGLY,Digital Ally,Miscellaneous,Diversified Manufacture,,,,,,,,False
DGNU,Dragoneer Growth Opportunities Corp III Class A Ordinary Shares,Finance,Business Services,,,,,,,,False
DGX,Quest Diagnosticsorporated,Health Care,Medical Specialities,,,,,,,,False
DH,Definitive Healthcare Corp Class A,Technology,Computer Software: Prepackaged Software,,,,,,,,False
DHACU,Digital Health Acquisition Corp Unit, Acquisition, Acquisition,,,,,,,,False
DHBC,DHB Capital Corp Class A, Acquisition, Acquisition,,,,,,,,False
DHBCU,DHB Capital Corp Unit, Acquisition, Acquisition,,,,,,,,False
DHC,Diversified Healthcare Trust Common Shares of Beneficial Interest,Consumer Services,Real Estate Investment Trusts,,,,,,,,False
DHCA,DHC Acquisition Corp Class A ordinary share,Finance,Business Services,,,,,,,,False
DHCAU,DHC Acquisition Corp Unit,Finance,Business Services,,,,,,,,False
DHCNI,Diversified Healthcare Trust 5625% Senior Notes due 2042,Consumer Services,Real Estate Investment Trusts,,,,,,,,False
DHF,BNY Mellon High Yield Strategies Fund,Finance,Finance Companies,,,,,,,,False
DHHC,DiamondHead Holdings Corp Class A, Acquisition, Acquisition,,,,,,,,False
DHHCU,DiamondHead Holdings Corp Unit, Acquisition, Acquisition,,,,,,,,False
DHI,DR Horton, Acquisition, Acquisition,,,,,,,,False
DHIL,Diamond Hill Investment Group Class A,Finance,Investment Managers,,,,,,,,False
DHR,Danaher Corporation,Health Care,Medical Specialities,,,,,,,,False
DHT,DHT Holdings,Transportation,Marine Transportation,,,,,,,,False
DHX,DHI Group,Technology,Diversified Commercial Services,,,,,,,,False
DHY,Credit Suisse High Yield Bond Fund,Finance,Finance/Investors Services,,,,,,,,False
DIAX,Nuveen Dow 30SM Dynamic Overwrite Fund Common Shares of Beneficial Interest,Finance,Finance Companies,,,,,,,,False
DIBS,1stdibscom,Miscellaneous,Diversified Commercial Services,,,,,,,,False
DICE,DICE Therapeutics,Health Care,Biotechnology: Pharmaceutical Preparations,,,,,,,,False
DIDI,DiDi Global American Depositary Shares (each four representing one Class A Ordinary Share), Acquisition, Acquisition,,,,,,,,False
DILAU,DILA Capital Acquisition Corp Unit, Acquisition, Acquisition,,,,,,,,False
DIN,Dine Brands Global,Consumer Services,Restaurants,,,,,,,,False
DIOD,Diodesorporated,Technology,Semiconductors,,,,,,,,False
DIS,Walt Disney,Consumer Services,Movies/Entertainment,,,,,,,,False
DISA,Disruptive Acquisition Corporation I Class A Ordinary Shares,Finance,Business Services,,,,,,,,False
DISAU,Disruptive Acquisition Corporation I Unit,Finance,Business Services,,,,,,,,False
DISCA,Discovery Series A,Consumer Services,Television Services,,,,,,,,False
DISH,DISH Network Corporation Class A,Consumer Services,Television Services,,,,,,,,False
DIT,AMCON Distributing Company,Consumer Non-Durables,Food Distributors,,,,,,,,False
DJCO,Daily Journal Corp (SC),Consumer Services,Newspapers/Magazines,,,,,,,,False
DK,Delek US Holdings,Energy,Integrated oil Companies,,,,,,,,False
DKDCA,Data Knights Acquisition Corp Class A, Acquisition, Acquisition,,,,,,,,False
DKDCU,Data Knights Acquisition Corp Unit, Acquisition, Acquisition,,,,,,,,False
DKL,Delek Logistics Partners LP Common Units representing Limited Partner Interests,Energy,Oil & Gas Production,,,,,,,,False
DKNG,DraftKings Class A,Consumer Services,Services-Misc Amusement & Recreation,,,,,,,,False
DKS,Dick's Sporting Goods,Consumer Services,Other Specialty Stores,,,,,,,,False
DLA,Delta Apparel,Consumer Non-Durables,Department/Specialty Retail Stores,,,,,,,,False
DLB,Dolby Laboratories,Technology,EDP Services,,,,,,,,False
DLCA,Deep Lake Capital Acquisition Corp Class A Ordinary Shares,Finance,Business Services,,,,,,,,False
DLCAU,Deep Lake Capital Acquisition Corp Unit,Finance,Business Services,,,,,,,,False
DLHC,DLH Holdings Corp,Miscellaneous,Business Services,,,,,,,,False
DLNG,Dynagas LNG Partners LP Common Units, Acquisition, Acquisition,,,,,,,,False
DLO,DLocal Limited Class A Common Shares, Acquisition, Acquisition,,,,,,,,False
DLPN,Dolphin Entertainment, Acquisition, Acquisition,,,,,,,,False
DLR,Digital Realty Trust,Consumer Services,Real Estate Investment Trusts,,,,,,,,False
DLTH,Duluth Holdings Class B,Consumer Services,Department/Specialty Retail Stores,,,,,,,,False
DLTR,Dollar Tree,Consumer Services,Department/Specialty Retail Stores,,,,,,,,False
DLX,Deluxe Corporation,Technology,Advertising,,,,,,,,False
DLY,DoubleLine Yield Opportunities Fund Common Shares of Beneficial Interest,Finance,Investment Managers,,,,,,,,False
DM,Desktop Metal Class A,Technology,Computer peripheral equipment,,,,,,,,False
DMA,Destra Multi-Alternative Fund, Acquisition, Acquisition,,,,,,,,False
DMAC,DiaMedica Therapeutics, Acquisition, Acquisition,,,,,,,,False
DMAQ,Deep Medicine Acquisition Corp Class A, Acquisition, Acquisition,,,,,,,,False
DMB,BNY Mellon Municipal Bond Infrastructure Fund,Finance,Trusts Except Educational Religious and Charitable,,,,,,,,False
DMF,BNY Mellon Municipalome,Finance,Finance/Investors Services,,,,,,,,False
DMLP,Dorchester Minerals LP Common Units Representing Limited Partnership Interests,Energy,Oil & Gas Production,,,,,,,,False
DMO,Western Asset Mortgage Opportunity Fund,Finance,Trusts Except Educational Religious and Charitable,,,,,,,,False
DMRC,Digimarc Corporation,Technology,EDP Services,,,,,,,,False
DMS,Digital Media Solutions Class A Ordinary Shares,Technology,Advertising,,,,,,,,False
DMTK,DermTech,Health Care,Managed Health Care,,,,,,,,False
DMYS,dMY Technology Group VI Class A, Acquisition, Acquisition,,,,,,,,False
DNA,Ginkgo Bioworks Holdings Class A,Health Care,Biotechnology: Biological Products (No Diagnostic Substances),,,,,,,,False
DNAA,Social Capital Suvretta Holdings Corp I Class A Ordinary Share, Acquisition, Acquisition,,,,,,,,False
DNAB,Social Capital Suvretta Holdings Corp II Class A Ordinary Shares, Acquisition, Acquisition,,,,,,,,False
DNAC,Social Capital Suvretta Holdings Corp III Class A ordinary shares, Acquisition, Acquisition,,,,,,,,False
DNAD,Social Capital Suvretta Holdings Corp IV Class A Ordinary Shares,Health Care,Biotechnology: Pharmaceutical Preparations,,,,,,,,False
DNAY,Codex DNA,Health Care,Medical Specialities,,,,,,,,False
DNB,Dun & Bradstreet Holdings,Technology,EDP Services,,,,,,,,False
DNLI,Denali Therapeutics,Health Care,Biotechnology: Biological Products (No Diagnostic Substances),,,,,,,,False
DNMR,Danimer Scientific,Consumer Non-Durables,Plastic Products,,,,,,,,False
DNN,Denison Mines Corp Ordinary Shares (Canada), Acquisition, Acquisition,,,,,,,,False
DNOW,NOW,Energy,Metal Fabrications,,,,,,,,False
DNP,DNP Selectome Fund,Finance,Investment Managers,,,,,,,,False
DNUT,Krispy Kreme,Consumer Services,Specialty Foods,,,,,,,,False
DNZ,D and Z Media Acquisition Corp Class A, Acquisition, Acquisition,,,,,,,,False
DOC,Physicians Realty Trust Common Shares of Beneficial Interest,Consumer Services,Real Estate Investment Trusts,,,,,,,,False
DOCN,DigitalOcean Holdings,Technology,Retail: Computer Software & Peripheral Equipment,,,,,,,,False
DOCS,Doximity Class A,Technology,Retail: Computer Software & Peripheral Equipment,,,,,,,,False
DOCU,DocuSign,Technology,EDP Services,,,,,,,,False
DOGZ,Dogness (International) Corporation Class A,Consumer Durables,Miscellaneous manufacturing industries,,,,,,,,False
DOLE,Dole plc Ordinary Shares, Acquisition, Acquisition,,,,,,,,False
DOMA,Doma Holdings,Finance,Real Estate,,,,,,,,False
DOMO,Domo Class B,Technology,Computer Software: Prepackaged Software,,,,,,,,False
DOOO,BRP (Recreational Products) Common Subordinate Voting Shares, Acquisition, Acquisition,,,,,,,,False
DOOR,Masonite International Corporation Ordinary Shares (Canada), Acquisition, Acquisition,,,,,,,,False
DORM,Dorman Products,Capital Goods,Auto Parts:OEM,,,,,,,,False
DOUG,Douglas Elliman,Consumer Services,Building operators,,,,,,,,False
DOV,Dover Corporation,Capital Goods,Industrial Machinery/Components,,,,,,,,False
DOW,Dow ,Basic Industries,Industrial Specialties,,,,,,,,False
DOX,Amdocs Limited Ordinary Shares,Technology,EDP Services,,,,,,,,False
DOYU,DouYu International Holdings Limited ADS,Technology,Computer Software: Programming Data Processing,,,,,,,,False
DPCS,DP Cap Acquisition Corp I Class A Ordinary Shares, Acquisition, Acquisition,,,,,,,,False
DPCSU,DP Cap Acquisition Corp I Unit, Acquisition, Acquisition,,,,,,,,False
DPG,Duff & Phelps Utility and Infrastructure Fund,Finance,Trusts Except Educational Religious and Charitable,,,,,,,,False
DPRO,Draganfly Common Shares,Consumer Durables,Electronic Components,,,,,,,,False
DPZ,Domino's Pizza,Consumer Non-Durables,Food Distributors,,,,,,,,False
DQ,DAQO New Energy Corp American Depositary Shares each representing five ordinary shares,Technology,Semiconductors,,,,,,,,False
DRAY,Macondray Capital Acquisition Corp I Class A Ordinary Shares, Acquisition, Acquisition,,,,,,,,False
DRAYU,Macondray Capital Acquisition Corp I Unit, Acquisition, Acquisition,,,,,,,,False
DRD,DRDGOLD Limited American Depositary Shares,Basic Industries,Precious Metals,,,,,,,,False
DRE,Duke Realty Corporation,Consumer Services,Real Estate Investment Trusts,,,,,,,,False
DRH,Diamondrock Hospitality Company,Consumer Services,Real Estate Investment Trusts,,,,,,,,False
DRI,Darden Restaurants,Consumer Services,Restaurants,,,,,,,,False
DRIO,DarioHealth Corp,Health Care,Medical/Dental Instruments,,,,,,,,False
DRMA,Dermata Therapeutics,Health Care,Biotechnology: Pharmaceutical Preparations,,,,,,,,False
DRQ,Dril-Quip,Energy,Metal Fabrications,,,,,,,,False
DRRX,DURECT Corporation,Health Care,Biotechnology: Pharmaceutical Preparations,,,,,,,,False
DRTT,DIRTT Environmental Solutions Ltd Common Shares, Acquisition, Acquisition,,,,,,,,False
DRUG,Bright Minds Biosciences, Acquisition, Acquisition,,,,,,,,False
DRVN,Driven Brands Holdings, Acquisition, Acquisition,,,,,,,,False
DS,Drive Shack,Consumer Services,Movies/Entertainment,,,,,,,,False
DSAC,Duddell Street Acquisition Corp Class A Ordinary Shares,Finance,Business Services,,,,,,,,False
DSACU,Duddell Street Acquisition Corp Unit,Finance,Business Services,,,,,,,,False
DSAQ,Direct Selling Acquisition Corp Class A, Acquisition, Acquisition,,,,,,,,False
DSEY,Diversey Holdings Ltd Ordinary Shares,Consumer Durables,Specialty Chemicals,,,,,,,,False
DSGN,Design Therapeutics,Health Care,Biotechnology: Pharmaceutical Preparations,,,,,,,,False
DSGX,Descartes Systems Group (The), Acquisition, Acquisition,,,,,,,,False
DSKE,Daseke, Acquisition, Acquisition,,,,,,,,False
DSL,DoubleLineome Solutions Fund Common Shares of Beneficial Interests,Finance,Trusts Except Educational Religious and Charitable,,,,,,,,False
DSM,BNY Mellon Strategic Municipal Bond Fund,Finance,Investment Managers,,,,,,,,False
DSP,Viant Technology Class A,Technology,EDP Services,,,,,,,,False
DSS,DSS,Consumer Services,Recreational Products/Toys,,,,,,,,False
DSU,Blackrock Debt Strategies Fund,Finance,Finance Companies,,,,,,,,False
DSWL,Deswell Industries Common Shares,Consumer Non-Durables,Plastic Products,,,,,,,,False
DSX,Diana Shipping,Transportation,Marine Transportation,,,,,,,,False
DT,Dynatrace,Technology,EDP Services,,,,,,,,False
DTB,DTE Energy Company 2020 Series G 4375% Junior Subordinated Debentures due 2080,Public Utilities,Electric Utilities: Central,,,,,,,,False
DTC,Solo Brands Class A,Miscellaneous,Diversified Commercial Services,,,,,,,,False
DTE,DTE Energy Company,Public Utilities,Electric Utilities: Central,,,,,,,,False
DTEA,DAVIDsTEA, Acquisition, Acquisition,,,,,,,,False
DTF,DTF Tax-Freeome 2028 Term Fund,Finance,Investment Managers,,,,,,,,False
DTG,DTE Energy Company 2021 Series E 4375% Junior Subordinated Debentures,Public Utilities,Electric Utilities: Central,,,,,,,,False
DTIL,Precision BioSciences,Health Care,Biotechnology: Pharmaceutical Preparations,,,,,,,,False
DTM,DT Midstream ,Public Utilities,Oil & Gas Production,,,,,,,,False
DTOC,Digital Transformation Opportunities Corp Class A, Acquisition, Acquisition,,,,,,,,False
DTOCU,Digital Transformation Opportunities Corp Units, Acquisition, Acquisition,,,,,,,,False
DTP,DTE Energy Company 625% Corporate Units,Public Utilities,Electric Utilities: Central,,,,,,,,False
DTRT,DTRT Health Acquisition Corp Class A, Acquisition, Acquisition,,,,,,,,False
DTRTU,DTRT Health Acquisition Corp Unit, Acquisition, Acquisition,,,,,,,,False
DTSS,Datasea,Technology,Retail: Computer Software & Peripheral Equipment,,,,,,,,False
DTST,Data Storage Corporation,Technology,EDP Services,,,,,,,,False
DTW,DTE Energy Company 2017 Series E 525% Junior Subordinated Debentures due 2077,Public Utilities,Electric Utilities: Central,,,,,,,,False
DUK,Duke Energy Corporation (Holding Company),Public Utilities,Power Generation,,,,,,,,False
DUKB,Duke Energy Corporation 5625% Junior Subordinated Debentures due 2078,Public Utilities,Power Generation,,,,,,,,False
DUNE,Dune Acquisition Corporation Class A, Acquisition, Acquisition,,,,,,,,False
DUNEU,Dune Acquisition Corporation Unit, Acquisition, Acquisition,,,,,,,,False
DUO,Fangdd Network Group Ltd American Depositary Shares,Technology,Computer Software: Programming Data Processing,,,,,,,,False
DUOL,Duolingo Class A,Technology,Computer Software: Prepackaged Software,,,,,,,,False
DUOT,Duos Technologies Group,Technology,Computer Software: Prepackaged Software,,,,,,,,False
DV,DoubleVerify Holdings,Technology,Computer Software: Prepackaged Software,,,,,,,,False
DVA,DaVita,Health Care,Medical/Nursing Services,,,,,,,,False
DVAX,Dynavax Technologies Corporation,Health Care,Biotechnology: Pharmaceutical Preparations,,,,,,,,False
DVN,Devon Energy Corporation,Energy,Oil & Gas Production,,,,,,,,False
DWAC,Digital World Acquisition Corp Class A, Acquisition, Acquisition,,,,,,,,False
DWACU,Digital World Acquisition Corp Units, Acquisition, Acquisition,,,,,,,,False
DWIN,Delwinds Insurance Acquisition Corp Class A, Acquisition, Acquisition,,,,,,,,False
DWSN,Dawson Geophysical Company,Energy,Oil & Gas Production,,,,,,,,False
DX,Dynex Capital,Consumer Services,Real Estate Investment Trusts,,,,,,,,False
DXC,DXC Technology Company ,Technology,EDP Services,,,,,,,,False
DXCM,DexCom,Health Care,Medical Specialities,,,,,,,,False
DXF,Dunxin Financial Holdings Limited American Depositary Shares,Consumer Non-Durables,Apparel,,,,,,,,False
DXLG,Destination XL Group,Consumer Services,Clothing/Shoe/Accessory Stores,,,,,,,,False
DXPE,DXP Enterprises,Capital Goods,Industrial Machinery/Components,,,,,,,,False
DXR,Daxor Corporation,Health Care,Medical/Dental Instruments,,,,,,,,False
DXYN,Dixie Group (The),Consumer Durables,Home Furnishings,,,,,,,,False
DY,Dycom Industries,Basic Industries,Water Sewer Pipeline Comm & Power Line Construction,,,,,,,,False
DYAI,Dyadic International,Health Care,Biotechnology: Biological Products (No Diagnostic Substances),,,,,,,,False
DYFN,Angel Oak Dynamic Financial Strategiesome Term Trust Common Shares of Beneficial Interest,Finance,Finance/Investors Services,,,,,,,,False
DYN,Dyne Therapeutics,Consumer Durables,Specialty Chemicals,,,,,,,,False
DYNS,Dynamics Special Purpose Corp Class A, Acquisition, Acquisition,,,,,,,,False
DYNT,Dynatronics Corporation,Health Care,Medical/Dental Instruments,,,,,,,,False
DZSI,DZS,Public Utilities,Telecommunications Equipment,,,,,,,,False
E,ENI SpA,Energy,Oil & Gas Production,,,,,,,,False
EA,Electronic Arts,Technology,Computer Software: Prepackaged Software,,,,,,,,False
EAC,Edify Acquisition Corp Class A, Acquisition, Acquisition,,,,,,,,False
EACPU,Edify Acquisition Corp Units, Acquisition, Acquisition,,,,,,,,False
EAD,Allspringome Opportunities Fund Common Shares,Finance,Finance/Investors Services,,,,,,,,False
EAF,GrafTech International Ltd,Consumer Durables,Metal Fabrications,,,,,,,,False
EAR,Eargo,Health Care,Medical Specialities,,,,,,,,False
EARN,Ellington Residential Mortgage REIT Common Shares of Beneficial Interest,Consumer Services,Real Estate Investment Trusts,,,,,,,,False
EAST,Eastside Distilling,Consumer Non-Durables,Beverages (Production/Distribution),,,,,,,,False
EAT,Brinker International,Consumer Services,Restaurants,,,,,,,,False
EB,Eventbrite Class A,Technology,EDP Services,,,,,,,,False
EBAC,European Biotech Acquisition Corp Class A Ordinary Shares,Finance,Business Services,,,,,,,,False
EBACU,European Biotech Acquisition Corp Units,Finance,Business Services,,,,,,,,False
EBAY,eBay,Consumer Services,Catalog/Specialty Distribution,,,,,,,,False
EBC,Eastern Bankshares,Finance,Major Banks,,,,,,,,False
EBET,Esports Technologies,Consumer Services,Services-Misc Amusement & Recreation,,,,,,,,False
EBF,Ennis,Consumer Services,Office Equipment/Supplies/Services,,,,,,,,False
EBIX,Ebix,Technology,EDP Services,,,,,,,,False
EBMT,Eagle Bancorp Montana,Finance,Savings Institutions,,,,,,,,False
EBON,Ebang International Holdings Class A Ordinary Shares,Technology,Semiconductors,,,,,,,,False
EBR,Centrais Electricas Brasileiras S A American Depositary Shares (Each representing one Common Share),Public Utilities,Electric Utilities: Central,,,,,,,,False
EBS,Emergent Biosolutions,Health Care,Biotechnology: Pharmaceutical Preparations,,,,,,,,False
EBTC,Enterprise Bancorp,Finance,Major Banks,,,,,,,,False
EC,Ecopetrol SA American Depositary Shares,Energy,Oil & Gas Production,,,,,,,,False
ECAT,BlackRock ESG Capital Allocation Trust Common Shares of Beneficial Interest,Finance,Trusts Except Educational Religious and Charitable,,,,,,,,False
ECCC,Eagle Point Credit Company 650% Series C Term Preferred Stock due 2031,Finance,Trusts Except Educational Religious and Charitable,,,,,,,,False
ECCW,Eagle Point Credit Company 675% Notes due 2031,Finance,Trusts Except Educational Religious and Charitable,,,,,,,,False
ECCX,Eagle Point Credit Company 66875% Notes due 2028,Finance,Trusts Except Educational Religious and Charitable,,,,,,,,False
ECF,Ellsworth Growth andome Fund Ltd,Finance,Finance/Investors Services,,,,,,,,False
ECL,Ecolab,Consumer Non-Durables,Package Goods/Cosmetics,,,,,,,,False
ECOR,electroCore,Health Care,Biotechnology: Electromedical & Electrotherapeutic Apparatus,,,,,,,,False
ECPG,Encore Capital Group, Acquisition, Acquisition,,,,,,,,False
ECVT,Ecovyst,Basic Industries,Major Chemicals,,,,,,,,False
ED,Consolidated Edison,Public Utilities,Power Generation,,,,,,,,False
EDAP,EDAP TMS SA American Depositary Shares,Health Care,Biotechnology: Electromedical & Electrotherapeutic Apparatus,,,,,,,,False
EDD,Morgan Stanley Emerging Markets Domestic Debt Fund Morgan Stanley Emerging Markets Domestic Debt Fund,Finance,Finance Companies,,,,,,,,False
EDF,Stone Harbor Emerging Marketsome Fund Common Shares of Beneficial Interest,Finance,Investment Managers,,,,,,,,False
EDI,Stone Harbor Emerging Markets Totalome Fund Common Shares of Beneficial Interests,Finance,Finance Companies,,,,,,,,False
EDIT,Editas Medicine,Health Care,Biotechnology: Pharmaceutical Preparations,,,,,,,,False
EDN,Empresa Distribuidora Y Comercializadora Norte SA (Edenor) Empresa Distribuidora Y Comercializadora Norte SA (Edenor) American Depositary Shares,Public Utilities,Electric Utilities: Central,,,,,,,,False
EDNC,Endurance Acquisition Corp Class A Ordinary Shares, Acquisition, Acquisition,,,,,,,,False
EDR,Endeavor Group Holdings Class A,Consumer Services,Movies/Entertainment,,,,,,,,False
EDRY,EuroDry Ltd Common Shares ,Consumer Services,Marine Transportation,,,,,,,,False
EDSA,Edesa Biotech Common Shares, Acquisition, Acquisition,,,,,,,,False
EDTK,Skillful Craftsman Education Technology Limited Ordinary Share,Consumer Services,Other Consumer Services,,,,,,,,False
EDTX,EdtechX Holdings Acquisition Corp II Class A, Acquisition, Acquisition,,,,,,,,False
EDTXU,EdtechX Holdings Acquisition Corp II Unit, Acquisition, Acquisition,,,,,,,,False
EDU,New Oriental Education & Technology Group Sponsored ADR representing 1 Ordinary Share (Cayman Islands),Consumer Services,Other Consumer Services,,,,,,,,False
EDUC,Educational Development Corporation,Consumer Services,Books,,,,,,,,False
EEA,The European Equity Fund,Finance,Trusts Except Educational Religious and Charitable,,,,,,,,False
EEFT,Euronet Worldwide,Technology,EDP Services,,,,,,,,False
EEIQ,Elite Education Group International Ltd,Consumer Services,Other Consumer Services,,,,,,,,False
EEX,Emerald Holding,Technology,Advertising,,,,,,,,False
EFC,Ellington Financial ,Consumer Services,Real Estate Investment Trusts,,,,,,,,False
EFL,Eaton Vance Floating-Rate 2022 Target Term Trust Common Shares of Beneficial Interest,Finance,Trusts Except Educational Religious and Charitable,,,,,,,,False
EFOI,Energy Focus,Consumer Durables,Building Products,,,,,,,,False
EFR,Eaton Vance Senior Floating-Rate Fund Common Shares of Beneficial Interest,Finance,Trusts Except Educational Religious and Charitable,,,,,,,,False
EFSC,Enterprise Financial Services Corporation,Finance,Major Banks,,,,,,,,False
EFSCP,Enterprise Financial Services Corporation Depositary Shares Each Representing a 1/40th Interest in a Share of 5% Fixed Rate Non-Cumulative Perpetual Preferred Stock Series A,Finance,Major Banks,,,,,,,,False
EFT,Eaton Vance Floating Rateome Trust Common Shares of Beneficial Interest,Finance,Finance Companies,,,,,,,,False
EFTR,eFFECTOR Therapeutics,Health Care,Biotechnology: Pharmaceutical Preparations,,,,,,,,False
EFX,Equifax,Technology,Advertising,,,,,,,,False
EGAN,eGain Corporation,Technology,Computer Software: Prepackaged Software,,,,,,,,False
EGBN,Eagle Bancorp,Finance,Major Banks,,,,,,,,False
EGF,Blackrock Enhanced Government Fund,Finance,Trusts Except Educational Religious and Charitable,,,,,,,,False
EGGF,EG Acquisition Corp Class A, Acquisition, Acquisition,,,,,,,,False
EGHT,8x8,Technology,EDP Services,,,,,,,,False
EGLE,Eagle Bulk Shipping,Transportation,Marine Transportation,,,,,,,,True
EGLX,Enthusiast Gaming Holdings, Acquisition, Acquisition,,,,,,,,False
EGO,Eldorado Gold Corporation Ordinary Shares, Acquisition, Acquisition,,,,,,,,False
EGP,EastGroup Properties,Consumer Services,Real Estate Investment Trusts,,,,,,,,False
EGRX,Eagle Pharmaceuticals,Health Care,Biotechnology: Pharmaceutical Preparations,,,,,,,,True
EGY,VAALCO Energy ,Energy,Oil & Gas Production,,,,,,,,False
EH,EHang Holdings Limited ADS,Transportation,Air Freight/Delivery Services,,,,,,,,False
EHC,Encompass Health Corporation,Health Care,Medical Specialities,,,,,,,,False
EHI,Western Asset Global Highome Fund,Finance,Investment Managers,,,,,,,,False
EHTH,eHealth,Finance,Specialty Insurers,,,,,,,,False
EIC,Eagle Pointome Company,Finance,Finance/Investors Services,,,,,,,,False
EICA,Eagle Pointome Company 500% Series A Term Preferred Stock due 2026,Finance,Finance/Investors Services,,,,,,,,False
EIG,Employers Holdings,Finance,Property-Casualty Insurers,,,,,,,,False
EIGR,Eiger BioPharmaceuticals,Health Care,Biotechnology: Biological Products (No Diagnostic Substances),,,,,,,,False
EIM,Eaton Vance Municipal Bond Fund Common Shares of Beneficial Interest $01 par value,Finance,Finance/Investors Services,,,,,,,,False
EIX,Edison International,Public Utilities,Electric Utilities: Central,,,,,,,,False
EJFA,EJF Acquisition Corp Class A Ordinary Share,Finance,Business Services,,,,,,,,False
EJFAU,EJF Acquisition Corp Unit,Finance,Business Services,,,,,,,,False
EJH,E-Home Household Service Holdings Limited Ordinary Shares,Consumer Services,Other Consumer Services,,,,,,,,False
EKSO,Ekso Bionics Holdings,Health Care,Medical/Dental Instruments,,,,,,,,False
EL,Estee Lauder Companies (The),Consumer Non-Durables,Package Goods/Cosmetics,,,,,,,,False
ELA,Envela Corporation,Consumer Services,Consumer Specialties,,,,,,,,False
ELAN,Elanco Animal Healthorporated,Health Care,Biotechnology: Pharmaceutical Preparations,,,,,,,,False
ELAT,Elanco Animal Healthorporated 500% Tangible Equity Units,Health Care,Biotechnology: Pharmaceutical Preparations,,,,,,,,False
ELC,Entergy Louisiana Collateral Trust Mortgage Bonds 4875 % Series due September 1 2066, Acquisition, Acquisition,,,,,,,,False
ELDN,Eledon Pharmaceuticals,Health Care,Biotechnology: Pharmaceutical Preparations,,,,,,,,False
ELEV,Elevation Oncology,Health Care,Biotechnology: Pharmaceutical Preparations,,,,,,,,False
ELF,elf Beauty,Consumer Non-Durables,Package Goods/Cosmetics,,,,,,,,False
ELLO,Ellomay Capital Ltd Ordinary Shares (Israel),Public Utilities,Electric Utilities: Central,,,,,,,,False
ELMD,Electromed,Health Care,Biotechnology: Electromedical & Electrotherapeutic Apparatus,,,,,,,,False
ELMS,Electric Last Mile Solutions Class A,Capital Goods,Auto Manufacturing,,,,,,,,False
ELOX,Eloxx Pharmaceuticals,Health Care,Biotechnology: Pharmaceutical Preparations,,,,,,,,False
ELP,Companhia Paranaense de Energia (COPEL) American Depositary Shares (each representing one Unit consisting one Common Share and four non-voting Class B Preferred Shares),Public Utilities,Electric Utilities: Central,,,,,,,,False
ELS,Equity Lifestyle Properties,Consumer Services,Real Estate Investment Trusts,,,,,,,,False
ELSE,Electro-Sensors,Capital Goods,Industrial Machinery/Components,,,,,,,,False
ELTK,Eltek Ltd Ordinary Shares,Technology,Electrical Products,,,,,,,,False
ELVT,Elevate Credit,Finance,Finance Companies,,,,,,,,False
ELY,Callaway Golf Company,Consumer Non-Durables,Recreational Products/Toys,,,,,,,,False
ELYM,Eliem Therapeutics,Health Care,Biotechnology: Pharmaceutical Preparations,,,,,,,,False
ELYS,Elys Game Technology Corp,Consumer Services,Movies/Entertainment,,,,,,,,False
EM,Smart Share Global Limited American Depositary Shares,Consumer Services,Other Consumer Services,,,,,,,,False
EMAN,eMagin Corporation,Capital Goods,Industrial Machinery/Components,,,,,,,,False
EMBK,Embark Technology,Technology,Computer Software: Prepackaged Software,,,,,,,,False
EMCF,Emclaire Financial Corp,Finance,Major Banks,,,,,,,,False
EMD,Western Asset Emerging Markets Debt Fund,Finance,Finance/Investors Services,,,,,,,,False
EME,EMCOR Group,Capital Goods,Engineering & Construction,,,,,,,,False
EMF,Templeton Emerging Markets Fund,Finance,Finance/Investors Services,,,,,,,,False
EMKR,EMCORE Corporation,Technology,Semiconductors,,,,,,,,False
EML,Eastern Company (The),Capital Goods,Industrial Specialties,,,,,,,,False
EMLDU,FTAC Emerald Acquisition Corp Unit, Acquisition, Acquisition,,,,,,,,False
EMN,Eastman Chemical Company,Basic Industries,Major Chemicals,,,,,,,,False
EMO,ClearBridge Energy Midstream Opportunity Fund,Finance,Investment Managers,,,,,,,,False
EMR,Emerson Electric Company,Capital Goods,Industrial Machinery/Components,,,,,,,,False
EMX,EMX Royalty Corporation Common Shares (Canada), Acquisition, Acquisition,,,,,,,,False
ENB,Enbridge,Energy,Oil & Gas Production,,,,,,,,False
ENBA,Enbridge 6375% Fixed-to-Floating Rate Subordinated Notes Series 2018-B due 2078,Energy,Oil & Gas Production,,,,,,,,False
ENCP,Energem Corp Class A Ordinary Shares, Acquisition, Acquisition,,,,,,,,False
ENCPU,Energem Corp Unit, Acquisition, Acquisition,,,,,,,,False
ENDP,Endo International plc Ordinary Shares,Health Care,Biotechnology: Pharmaceutical Preparations,,,,,,,,False
ENER,Accretion Acquisition Corp, Acquisition, Acquisition,,,,,,,,False
ENERU,Accretion Acquisition Corp Unit, Acquisition, Acquisition,,,,,,,,False
ENFN,Enfusion Class A,Technology,Computer Software: Prepackaged Software,,,,,,,,False
ENG,ENGlobal Corporation,Consumer Services,Military/Government/Technical,,,,,,,,False
ENIA,Enel Americas SA American Depositary Shares,Public Utilities,Electric Utilities: Central,,,,,,,,False
ENIC,Enel Chile SA American Depositary Shares (Each representing 50 shares of),Public Utilities,Electric Utilities: Central,,,,,,,,False
ENJ,Entergy New Orleans LLC First Mortgage Bonds 50% Series due December 1 2052,Public Utilities,Power Generation,,,,,,,,False
ENJY,Enjoy Technology,Miscellaneous,Diversified Commercial Services,,,,,,,,False
ENJYW,Enjoy Technology Warrant,Miscellaneous,Diversified Commercial Services,,,,,,,,False
ENLC,EnLink Midstream LLC Common Units representing Limited Partner Interests,Public Utilities,Natural Gas Distribution,,,,,,,,False
ENLV,Enlivex Therapeutics Ltd Ordinary Shares,Health Care,Biotechnology: Pharmaceutical Preparations,,,,,,,,False
ENO,Entergy New Orleans LLC First Mortgage Bonds 550% Series due April 1 2066, Acquisition, Acquisition,,,,,,,,False
ENOB,Enochian Biosciences,Health Care,Biotechnology: Pharmaceutical Preparations,,,,,,,,False
ENPC,Executive Network Partnering Corporation Class A, Acquisition, Acquisition,,,,,,,,False
ENPH,Enphase Energy,Capital Goods,Electrical Products,,,,,,,,False
ENR,Energizer Holdings,Basic Industries,Metal Fabrications,,,,,,,,False
ENS,EnerSys,Consumer Non-Durables,Telecommunications Equipment,,,,,,,,False
ENSC,Ensysce Biosciences,Health Care,Biotechnology: Pharmaceutical Preparations,,,,,,,,False
ENSG,The Ensign Group,Health Care,Hospital/Nursing Management,,,,,,,,False
ENSV,Enservco Corporation,Energy,Oilfield Services/Equipment,,,,,,,,False
ENTA,Enanta Pharmaceuticals,Health Care,Biotechnology: In Vitro & In Vivo Diagnostic Substances,,,,,,,,False
ENTF,Enterprise 40 Technology Acquisition Corp Class A Ordinary Shares, Acquisition, Acquisition,,,,,,,,False
ENTFU,Enterprise 40 Technology Acquisition Corp Unit, Acquisition, Acquisition,,,,,,,,False
ENTG,Entegris,Technology,Semiconductors,,,,,,,,False
ENTX,Entera Bio Ltd Ordinary Shares,Health Care,Biotechnology: Biological Products (No Diagnostic Substances),,,,,,,,False
ENV,Envestnet,Technology,EDP Services,,,,,,,,False
ENVA,Enova International,Finance,Finance: Consumer Services,,,,,,,,False
ENVB,Enveric Biosciences,Health Care,Biotechnology: Pharmaceutical Preparations,,,,,,,,False
ENVX,Enovix Corporation,Capital Goods,Industrial Machinery/Components,,,,,,,,False
ENX,Eaton Vance New York Municipal Bond Fund Common Shares of Beneficial Interest $01 par value,Finance,Finance/Investors Services,,,,,,,,False
ENZ,Enzo Biochem ($001 Par Value),Health Care,Medical Specialities,,,,,,,,False
EOCW,Elliott Opportunity II Corp Class A Ordinary Shares, Acquisition, Acquisition,,,,,,,,False
EOD,Allspring Global Dividend Opportunity Fund Common Shares of Beneficial Interest,Finance,Investment Managers,,,,,,,,False
EOG,EOG Resources,Energy,Oil & Gas Production,,,,,,,,False
EOI,Eaton Vance Enhance Equityome Fund Eaton Vance Enhanced Equityome Fund Shares of Beneficial Interest,Consumer Services,Real Estate Investment Trusts,,,,,,,,False
EOLS,Evolus,Consumer Durables,Specialty Chemicals,,,,,,,,False
EOS,Eaton Vance Enhance Equityome Fund II,Finance,Trusts Except Educational Religious and Charitable,,,,,,,,False
EOSE,Eos Energy Enterprises Class A,Technology,Electronic Components,,,,,,,,False
EOSEW,Eos Energy Enterprises Warrant,Technology,Electronic Components,,,,,,,,False
EOT,Eaton Vance Municipalome Trust EATON VANCE NATIONAL MUNICIPAL OPPORTUNITIES TRUST,Finance,Trusts Except Educational Religious and Charitable,,,,,,,,False
EPAC,Enerpac Tool Group Corp,Capital Goods,Industrial Machinery/Components,,,,,,,,False
EPAM,EPAM Systems,Technology,EDP Services,,,,,,,,False
EPAY,Bottomline Technologies,Technology,EDP Services,,,,,,,,False
EPC,Edgewell Personal Care Company,Consumer Non-Durables,Package Goods/Cosmetics,,,,,,,,False
EPD,Enterprise Products Partners LP,Public Utilities,Natural Gas Distribution,,,,,,,,False
EPHY,Epiphany Technology Acquisition Corp Class A, Acquisition, Acquisition,,,,,,,,False
EPHYU,Epiphany Technology Acquisition Corp Unit, Acquisition, Acquisition,,,,,,,,False
EPIX,ESSA Pharma, Acquisition, Acquisition,,,,,,,,False
EPM,Evolution Petroleum Corporation,Energy,Oil & Gas Production,,,,,,,,False
EPR,EPR Properties,Consumer Services,Real Estate Investment Trusts,,,,,,,,False
EPRT,Essential Properties Realty Trust,Consumer Services,Real Estate Investment Trusts,,,,,,,,False
EPSN,Epsilon Energy Ltd Common Share, Acquisition, Acquisition,,,,,,,,False
EPWR,Empowerment &lusion Capital I Corp Class A, Acquisition, Acquisition,,,,,,,,False
EPZM,Epizyme,Health Care,Biotechnology: Pharmaceutical Preparations,,,,,,,,False
EQ,Equillium,Health Care,Biotechnology: Pharmaceutical Preparations,,,,,,,,False
EQBK,Equity Bancshares Class A,Finance,Finance: Consumer Services,,,,,,,,False
EQC,Equity Commonwealth Common Shares of Beneficial Interest,Consumer Services,Real Estate Investment Trusts,,,,,,,,True
EQD,Equity Distribution Acquisition Corp Class A, Acquisition, Acquisition,,,,,,,,False
EQH,Equitable Holdings, Acquisition, Acquisition,,,,,,,,False
EQHA,EQ Health Acquisition Corp Class A, Acquisition, Acquisition,,,,,,,,False
EQIX,Equinix REIT,Consumer Services,Real Estate Investment Trusts,,,,,,,,False
EQNR,Equinor ASA,Energy,Integrated oil Companies,,,,,,,,False
EQOS,EQONEX LIMITED Ordinary Shares,Miscellaneous,Business Services,,,,,,,,False
EQR,Equity Residential Common Shares of Beneficial Interest,Consumer Services,Real Estate Investment Trusts,,,,,,,,False
EQRX,EQRx ,Health Care,Biotechnology: Pharmaceutical Preparations,,,,,,,,False
EQS,Equus Total Return,Finance,Finance/Investors Services,,,,,,,,False
EQT,EQT Corporation,Energy,Oil & Gas Production,,,,,,,,False
EQX,Equinox Gold Corp Common Shares, Acquisition, Acquisition,,,,,,,,False
ERAS,Erasca,Health Care,Biotechnology: Pharmaceutical Preparations,,,,,,,,False
ERC,Allspring Multi-Sectorome Fund,Finance,Finance/Investors Services,,,,,,,,False
ERES,East Resources Acquisition Company Class A, Acquisition, Acquisition,,,,,,,,False
ERESU,East Resources Acquisition Company Unit, Acquisition, Acquisition,,,,,,,,False
ERF,Enerplus Corporation, Acquisition, Acquisition,,,,,,,,False
ERH,Allspring Utilities and Highome Fund Common Shares,Finance,Finance/Investors Services,,,,,,,,False
ERIC,Ericsson American Depositary Shares,Technology,Computer Software: Prepackaged Software,,,,,,,,False
ERIE,Erie Indemnity Company Class A,Finance,Specialty Insurers,,,,,,,,False
ERII,Energy Recovery,Technology,Industrial Machinery/Components,,,,,,,,False
ERJ,Embraer SA,Capital Goods,Aerospace,,,,,,,,False
ERO,Ero Copper Corp Common Shares, Acquisition, Acquisition,,,,,,,,False
ERYP,Erytech Pharma SA American Depositary Shares,Health Care,Biotechnology: Biological Products (No Diagnostic Substances),,,,,,,,False
ES,Eversource Energy (D/B/A),Public Utilities,Electric Utilities: Central,,,,,,,,False
ESAC,ESGEN Acquisition Corporation Class A Ordinary Shares, Acquisition, Acquisition,,,,,,,,False
ESACU,ESGEN Acquisition Corporation Unit, Acquisition, Acquisition,,,,,,,,False
ESBK,Elmira Savings Bank Elmira NY,Finance,Major Banks,,,,,,,,False
ESCA,Escaladeorporated,Consumer Non-Durables,Recreational Products/Toys,,,,,,,,False
ESE,ESCO Technologies,Capital Goods,Telecommunications Equipment,,,,,,,,False
ESEA,Euroseas Ltd (Marshall Islands),Transportation,Marine Transportation,,,,,,,,False
ESGC,Eros STX Global Corporation A Ordinary Shares,Consumer Services,Movies/Entertainment,,,,,,,,False
ESGR,Enstar Group Limited Ordinary Shares,Finance,Property-Casualty Insurers,,,,,,,,False
ESGRO,Enstar Group Limited Depository Shares 700% Perpetual Non-Cumulative Preference Shares Series E,Finance,Property-Casualty Insurers,,,,,,,,False
ESGRP,Enstar Group Limited Depositary Shares Each Representing 1/1000th of an interest in Preference Shares,Finance,Property-Casualty Insurers,,,,,,,,False
ESI,Element Solutions,Basic Industries,Industrial Specialties,,,,,,,,False
ESLT,Elbit Systems Ltd Ordinary Shares,Capital Goods,Military/Government/Technical,,,,,,,,False
ESM,ESM Acquisition Corporation Class A Ordinary Shares,Finance,Business Services,,,,,,,,False
ESMT,EngageSmart,Technology,EDP Services,,,,,,,,False
ESNT,Essent Group Ltd Common Shares,Finance,Property-Casualty Insurers,,,,,,,,False
ESP,Espey Mfg & Electronics Corp,Capital Goods,Industrial Machinery/Components,,,,,,,,False
ESPR,Esperion Therapeutics,Health Care,Biotechnology: Pharmaceutical Preparations,,,,,,,,False
ESQ,Esquire Financial Holdings,Finance,Commercial Banks,,,,,,,,False
ESRT,Empire State Realty Trust Class A,Consumer Services,Real Estate Investment Trusts,,,,,,,,False
ESS,Essex Property Trust,Consumer Services,Real Estate Investment Trusts,,,,,,,,False
ESSA,ESSA Bancorp,Finance,Banks,,,,,,,,False
ESSC,East Stone Acquisition Corporation Ordinary Shares,Technology,Computer Software: Programming Data Processing,,,,,,,,False
ESSCU,East Stone Acquisition Corporation Unit,Finance,Business Services,,,,,,,,False
ESTA,Establishment Labs Holdings Common Shares,Health Care,Industrial Specialties,,,,,,,,False
ESTC,Elastic NV Ordinary Shares,Technology,Computer Software: Prepackaged Software,,,,,,,,False
ESTE,Earthstone Energy Class A,Energy,Oil & Gas Production,,,,,,,,False
ET,Energy Transfer LP Common Units ,Public Utilities,Natural Gas Distribution,,,,,,,,False
ETAC,EMerge Technology Acquisition Corp Class A, Acquisition, Acquisition,,,,,,,,False
ETACU,EMerge Technology Acquisition Corp Unit, Acquisition, Acquisition,,,,,,,,False
ETB,Eaton Vance Tax-Managed Buy-Writeome Fund Eaton Vance Tax-Managed Buy-Writeome Fund Common Shares of Beneficial Interest,Finance,Trusts Except Educational Religious and Charitable,,,,,,,,False
ETD,Ethan Allen Interiors,Consumer Durables,Home Furnishings,,,,,,,,False
ETG,Eaton Vance Tax-Advantaged Global Dividendome Fund Common Shares of Beneficial Interest,Finance,Investment Managers,,,,,,,,False
ETJ,Eaton Vance Risk-Managed Diversified Equityome Fund Common Shares of Beneficial Interest,Finance,Finance Companies,,,,,,,,False
ETN,Eaton,Capital Goods,Industrial Machinery/Components,,,,,,,,False
ETNB,89bio,Health Care,Biotechnology: Pharmaceutical Preparations,,,,,,,,False
ETO,Eaton Vance Tax-Advantage Global Dividend Opp,Finance,Investment Managers,,,,,,,,False
ETON,Eton Pharmaceuticals,Health Care,Biotechnology: Pharmaceutical Preparations,,,,,,,,False
ETR,Entergy Corporation,Public Utilities,Electric Utilities: Central,,,,,,,,False
ETRN,Equitrans Midstream Corporation ,Energy,Oilfield Services/Equipment,,,,,,,,False
ETSY,Etsy,Consumer Services,Catalog/Specialty Distribution,,,,,,,,False
ETTX,Entasis Therapeutics Holdings,Health Care,Biotechnology: Pharmaceutical Preparations,,,,,,,,False
ETV,Eaton Vance Corporation Eaton Vance Tax-Managed Buy-Write Opportunities Fund Common Shares of Beneficial Interest,Finance,Trusts Except Educational Religious and Charitable,,,,,,,,False
ETW,Eaton Vance Corporation Eaton Vance Tax-Managed Global Buy-Write Opportunites Fund Common Shares of Beneficial Interest,Finance,Investment Managers,,,,,,,,False
ETWO,E2open Parent HoldingsClass A,Technology,Computer Software: Prepackaged Software,,,,,,,,False
ETY,Eaton Vance Tax-Managed Diversified Equityome Fund Common Shares of Beneficial Interest,Finance,Finance Companies,,,,,,,,False
EUCR,Eucrates Biomedical Acquisition Corp Ordinary Shares,Finance,Business Services,,,,,,,,False
EURN,Euronav NV Ordinary Shares,Transportation,Marine Transportation,,,,,,,,False
EVA,Enviva, Acquisition, Acquisition,,,,,,,,False
EVAX,Evaxion Biotech A/S American Depositary Share,Health Care,Biotechnology: Biological Products (No Diagnostic Substances),,,,,,,,False
EVBG,Everbridge,Technology,Retail: Computer Software & Peripheral Equipment,,,,,,,,False
EVBN,Evans Bancorp,Finance,Major Banks,,,,,,,,False
EVC,Entravision Communications Corporation,Consumer Services,Broadcasting,,,,,,,,False
EVCM,EverCommerce,Technology,EDP Services,,,,,,,,False
EVER,EverQuote Class A,Technology,EDP Services,,,,,,,,False
EVF,Eaton Vance Seniorome Trust,Finance,Trusts Except Educational Religious and Charitable,,,,,,,,False
EVFM,Evofem Biosciences,Health Care,Biotechnology: Pharmaceutical Preparations,,,,,,,,False
EVG,Eaton Vance Short Diversifiedome Fund Eaton Vance Short Duration Diversifiedome Fund Common Shares of Beneficial Interest,Finance,Investment Managers,,,,,,,,False
EVGN,Evogene Ltd Ordinary Shares,Basic Industries,Agricultural Chemicals,,,,,,,,False
EVGO,EVgo Class A,Consumer Services,Catalog/Specialty Distribution,,,,,,,,False
EVGOW,EVgo Warrants,Consumer Services,Catalog/Specialty Distribution,,,,,,,,False
EVH,Evolent Health Class A,Health Care,Managed Health Care,,,,,,,,False
EVI,EVI Industries ,Capital Goods,Industrial Machinery/Components,,,,,,,,False
EVK,Ever-Glory International Group,Consumer Non-Durables,Apparel,,,,,,,,False
EVLO,Evelo Biosciences,Consumer Durables,Specialty Chemicals,,,,,,,,False
EVLV,Evolv Technologies Holdings Class A,Miscellaneous,Diversified Manufacture,,,,,,,,False
EVM,Eaton Vance California Municipal Bond Fund Common Shares of Beneficial Interest $01 par value,Finance,Finance/Investors Services,,,,,,,,False
EVN,Eaton Vance Municipalome Trust,Finance,Investment Managers,,,,,,,,False
EVO,Evotec SE American Depositary Shares,Health Care,Biotechnology: Pharmaceutical Preparations,,,,,,,,False
EVOJ,Evo Acquisition Corp Class A, Acquisition, Acquisition,,,,,,,,False
EVOJU,Evo Acquisition Corp Unit, Acquisition, Acquisition,,,,,,,,False
EVOK,Evoke Pharma,Health Care,Biotechnology: Pharmaceutical Preparations,,,,,,,,False
EVOL,Evolving Systems,Technology,EDP Services,,,,,,,,False
EVOP,EVO Payments Class A,Technology,EDP Services,,,,,,,,False
EVR,Evercore Class A,Finance,Investment Managers,,,,,,,,False
EVRG,Evergy,Public Utilities,Power Generation,,,,,,,,False
EVRI,Everi Holdings,Consumer Services,Recreational Products/Toys,,,,,,,,False
EVT,Eaton Vance Tax Advantaged Dividendome Fund Common Shares of Beneficial Interest,Finance,Finance Companies,,,,,,,,False
EVTC,Evertec,Technology,EDP Services,,,,,,,,False
EVTL,Vertical Aerospace Ltd Ordinary Shares, Acquisition, Acquisition,,,,,,,,False
EVV,Eaton Vance Limited Durationome Fund Common Shares of Beneficial Interest,Finance,Finance/Investors Services,,,,,,,,False
EW,Edwards Lifesciences Corporation,Health Care,Industrial Specialties,,,,,,,,False
EWBC,East West Bancorp,Finance,Commercial Banks,,,,,,,,False
EWCZ,European Wax Center Class A,Consumer Non-Durables,Package Goods/Cosmetics,,,,,,,,False
EWTX,Edgewise Therapeutics,Health Care,Biotechnology: Pharmaceutical Preparations,,,,,,,,False
EXAI,Exscientia Plc American Depositary Shares, Acquisition, Acquisition,,,,,,,,False
EXAS,Exact Sciences Corporation,Health Care,Biotechnology: Commercial Physical & Biological Resarch,,,,,,,,False
EXC,Exelon Corporation,Public Utilities,Power Generation,,,,,,,,False
EXD,Eaton Vance Tax-Managed Buy-Write Strategy Fund Common Shares of Beneficial Interest,Finance,Trusts Except Educational Religious and Charitable,,,,,,,,False
EXEL,Exelixis,Health Care,Biotechnology: Commercial Physical & Biological Resarch,,,,,,,,False
EXFY,Expensify Class A,Technology,Computer Software: Prepackaged Software,,,,,,,,False
EXG,Eaton Vance Tax-Managed Global Diversified Equityome Fund Eaton Vance Tax-Managed Global Diversified Equityome Fund Common Shares of Beneficial Interest,Finance,Finance Companies,,,,,,,,False
EXK,Endeavour Silver Corporation Ordinary Shares (Canada), Acquisition, Acquisition,,,,,,,,False
EXLS,ExlService Holdings,Technology,Retail: Computer Software & Peripheral Equipment,,,,,,,,False
EXN,Excellon Resources Common Shares, Acquisition, Acquisition,,,,,,,,False
EXP,Eagle Materials,Capital Goods,Building Materials,,,,,,,,False
EXPD,Expeditors International of Washington,Transportation,Oil Refining/Marketing,,,,,,,,False
EXPE,Expedia Group,Transportation,Other Consumer Services,,,,,,,,False
EXPI,eXp World Holdings,Finance,Real Estate,,,,,,,,False
EXPO,Exponent,Consumer Services,Professional Services,,,,,,,,False
EXPR,Express, Acquisition, Acquisition,,,,,,,,False
EXR,Extra Space Storage,Consumer Services,Real Estate Investment Trusts,,,,,,,,False
EXTN,Exterran Corporation,Technology,Diversified Commercial Services,,,,,,,,False
EXTR,Extreme Networks,Capital Goods,Telecommunications Equipment,,,,,,,,False
EYE,National Vision Holdings,Health Care,Ophthalmic Goods,,,,,,,,False
EYEN,Eyenovia,Health Care,Biotechnology: Pharmaceutical Preparations,,,,,,,,False
EYES,Second Sight Medical Products,Health Care,Industrial Specialties,,,,,,,,False
EYPT,EyePoint Pharmaceuticals,Health Care,Biotechnology: Pharmaceutical Preparations,,,,,,,,False
EZFL,EzFill Holdings,Technology,EDP Services,,,,,,,,False
EZGO,EZGO Technologies Ltd Ordinary Shares,Consumer Non-Durables,Motor Vehicles,,,,,,,,False
EZPW,EZCORP Class A Non Voting,Miscellaneous,Diversified Commercial Services,,,,,,,,False
F,Ford Motor Company,Capital Goods,Auto Manufacturing,,,,,,,,False
FA,First Advantage Corporation,Miscellaneous,Business Services,,,,,,,,False
FACA,Figure Acquisition Corp I Class A, Acquisition, Acquisition,,,,,,,,False
FACT,Freedom Acquisition I Corp Class A Ordinary Shares,Finance,Business Services,,,,,,,,False
FAF,First American Corporation (New),Finance,Specialty Insurers,,,,,,,,False
FAM,First Trust/Aberdeen Global Opportunityome Fund First Trust/Aberdeen Global Opportunityome Fund Common Shares of Beneficial Interest,Finance,Finance/Investors Services,,,,,,,,False
FAMI,Farmmi,Consumer Non-Durables,Packaged Foods,,,,,,,,False
FANG,Diamondback Energy Commmon Stock,Energy,Oil & Gas Production,,,,,,,,False
FANH,Fanhua American Depositary Shares,Finance,Specialty Insurers,,,,,,,,False
FARM,Farmer Brothers Company,Consumer Non-Durables,Specialty Foods,,,,,,,,False
FARO,FARO Technologies,Capital Goods,Industrial Machinery/Components,,,,,,,,False
FAST,Fastenal Company, Acquisition, Acquisition,,,,,,,,False
FAT,FAT Brands Class A,Consumer Services,Restaurants,,,,,,,,False
FATBB,FAT Brands Class B,Consumer Services,Restaurants,,,,,,,,False
FATBP,FAT Brands 825% Series B Cumulative Preferred Stock,Consumer Services,Restaurants,,,,,,,,False
FATE,Fate Therapeutics,Health Care,Biotechnology: Biological Products (No Diagnostic Substances),,,,,,,,False
FATH,Fathom Digital Manufacturing Corporation Class A,Technology,Computer peripheral equipment,,,,,,,,False
FATP,Fat Projects Acquisition Corp Class A Ordinary Share, Acquisition, Acquisition,,,,,,,,False
FAX,Aberdeen Asia-Pacificome Fund,Finance,Investment Managers,,,,,,,,False
FBC,Flagstar Bancorp,Finance,Savings Institutions,,,,,,,,False
FBHS,Fortune Brands Home & Security,Consumer Durables,Building Products,,,,,,,,False
FBIO,Fortress Biotech,Health Care,Biotechnology: Pharmaceutical Preparations,,,,,,,,False
FBIOP,Fortress Biotech 9375% Series A Cumulative Redeemable Perpetual Preferred Stock,Health Care,Biotechnology: Pharmaceutical Preparations,,,,,,,,False
FBIZ,First Business Financial Services,Finance,Major Banks,,,,,,,,False
FBK,FB Financial Corporation,Finance,Major Banks,,,,,,,,False
FBMS,First Bancshares,Finance,Major Banks,,,,,,,,False
FBNC,First Bancorp,Finance,Major Banks,,,,,,,,False
FBP,First BanCorp New,Finance,Major Banks,,,,,,,,False
FBRT,Franklin BSP Realty Trust,Consumer Services,Real Estate Investment Trusts,,,,,,,,False
FBRX,Forte Biosciences,Health Care,Biotechnology: Pharmaceutical Preparations,,,,,,,,False
FC,Franklin Covey Company,Consumer Services,Professional Services,,,,,,,,False
FCAP,First Capital,Finance,Savings Institutions,,,,,,,,False
FCAX,Fortress Capital Acquisition Corp Class A Ordinary Shares,Finance,Business Services,,,,,,,,False
FCBC,First Community Bankshares (VA),Finance,Major Banks,,,,,,,,False
FCCO,First Community Corporation,Finance,Major Banks,,,,,,,,False
FCEL,FuelCell Energy,Public Utilities,Electric Utilities: Central,,,,,,,,False
FCF,First Commonwealth Financial Corporation,Finance,Major Banks,,,,,,,,False
FCFS,FirstCash Holdings,Miscellaneous,Diversified Commercial Services,,,,,,,,False
FCN,FTI Consulting,Consumer Services,Professional Services,,,,,,,,False
FCNCA,First Citizens BancShares Class A,Finance,Major Banks,,,,,,,,False
FCNCO,First Citizens BancShares 5625% Non-Cumulative Perpetual Preferred Stock Series C,Finance,Major Banks,,,,,,,,False
FCNCP,First Citizens BancShares Depositary Shares,Finance,Major Banks,,,,,,,,False
FCO,Aberdeen Globalome Fund,Finance,Investment Managers,,,,,,,,False
FCPT,Four Corners Property Trust,Consumer Services,Real Estate Investment Trusts,,,,,,,,False
FCRD,First Eagle Alternative Capital BDC,Finance,Finance/Investors Services,,,,,,,,False
FCRX,First Eagle Alternative Capital BDC 5000% Notes due 2026, Acquisition, Acquisition,,,,,,,,False
FCT,First Trust Senior Floating Rateome Fund II Common Shares of Beneficial Interest,Finance,Finance Companies,,,,,,,,False
FCUV,Focus Universal,Capital Goods,Industrial Machinery/Components,,,,,,,,False
FCX,Freeport-McMoRan,Basic Industries,Precious Metals,,,,,,,,False
FDBC,Fidelity D & D Bancorp,Finance,Major Banks,,,,,,,,False
FDEU,First Trust Dynamic Europe Equityome Fund Common Shares of Beneficial Interest,Finance,Trusts Except Educational Religious and Charitable,,,,,,,,False
FDMT,4D Molecular Therapeutics,Health Care,Biotechnology: Pharmaceutical Preparations,,,,,,,,False
FDP,Fresh Del Monte Produce, Acquisition, Acquisition,,,,,,,,False
FDS,FactSet Research Systems,Technology,Advertising,,,,,,,,False
FDUS,Fidus Investment Corporation,Finance,Finance/Investors Services,,,,,,,,False
FDX,FedEx Corporation,Transportation,Air Freight/Delivery Services,,,,,,,,False
FE,FirstEnergy Corp,Public Utilities,Electric Utilities: Central,,,,,,,,False
FEDU,Four Seasons Education (Cayman) American Depositary Shares each two ADSs representing one ordinary share,Consumer Services,Other Consumer Services,,,,,,,,False
FEIM,Frequency Electronics,Capital Goods,Electrical Products,,,,,,,,False
FELE,Franklin Electric Co,Consumer Durables,Metal Fabrications,,,,,,,,False
FEMY,Femasys,Health Care,Medical/Dental Instruments,,,,,,,,False
FEN,First Trust Energyome and Growth Fund,Finance,Finance/Investors Services,,,,,,,,False
FENC,Fennec Pharmaceuticals, Acquisition, Acquisition,,,,,,,,False
FENG,Phoenix New Media Limited American Depositary Shares each representing 8 Class A ordinary shares,Consumer Services,Broadcasting,,,,,,,,False
FEO,First Trust/Aberdeen Emerging Opportunity Fund Common Shares of Beneficial Interest,Finance,Investment Managers,,,,,,,,False
FERG,Ferguson plc Ordinary Shares,Consumer Durables,Industrial Machinery/Components,,,,,,,,False
FET,Forum Energy Technologies,Energy,Metal Fabrications,,,,,,,,False
FEXD,Fintech Ecosystem Development Corp Class A, Acquisition, Acquisition,,,,,,,,False
FEXDU,Fintech Ecosystem Development Corp Units, Acquisition, Acquisition,,,,,,,,False
FF,FutureFuel Corp  Common shares,Basic Industries,Major Chemicals,,,,,,,,False
FFA,First Trust Enhanced Equityome Fund,Finance,Investment Managers,,,,,,,,False
FFBC,First Financial Bancorp,Finance,Major Banks,,,,,,,,False
FFBW,FFBW (MD),Finance,Major Banks,,,,,,,,False
FFC,Flaherty & Crumrine Preferred andome Securities Fundorporated,Finance,Trusts Except Educational Religious and Charitable,,,,,,,,False
FFHL,Fuwei Films (Holdings) Co Ltd Ordinary Shares,Capital Goods,Specialty Chemicals,,,,,,,,False
FFIC,Flushing Financial Corporation,Finance,Major Banks,,,,,,,,False
FFIE,Faraday Future Intelligent Electric,Capital Goods,Auto Manufacturing,,,,,,,,False
FFIN,First Financial Bankshares,Finance,Major Banks,,,,,,,,False
FFIV,F5,Technology,EDP Services,,,,,,,,False
FFNW,First Financial Northwest,Finance,Banks,,,,,,,,False
FFWM,First Foundation,Finance,Major Banks,,,,,,,,False
FGB,First Trust Specialty Finance and Financial Opportunities Fund,Finance,Finance/Investors Services,,,,,,,,False
FGBI,First Guaranty Bancshares,Finance,Major Banks,,,,,,,,False
FGBIP,First Guaranty Bancshares 675% Series A Fixed-Rate Non-Cumulative Perpetual Preferred Stock,Finance,Major Banks,,,,,,,,False
FGEN,FibroGen,Health Care,Biotechnology: Pharmaceutical Preparations,,,,,,,,False
FGF,FG Financial Group,Finance,Property-Casualty Insurers,,,,,,,,False
FGFPP,FG Financial Group 800% Cumulative Preferred Stock,Finance,Property-Casualty Insurers,,,,,,,,False
FHB,First Hawaiian,Finance,Major Banks,,,,,,,,False
FHI,Federated Hermes,Finance,Investment Managers,,,,,,,,False
FHLT,Future Health ESG Corp, Acquisition, Acquisition,,,,,,,,False
FHLTU,Future Health ESG Corp Unit, Acquisition, Acquisition,,,,,,,,False
FHN,First Horizon Corporation,Finance,Major Banks,,,,,,,,False
FHS,First High-School Education Group Co Ltd American Depositary Shares,Consumer Services,Other Consumer Services,,,,,,,,False
FHTX,Foghorn Therapeutics,Consumer Durables,Specialty Chemicals,,,,,,,,False
FIAC,Focus Impact Acquisition Corp Class A, Acquisition, Acquisition,,,,,,,,False
FIACU,Focus Impact Acquisition Corp Unit, Acquisition, Acquisition,,,,,,,,False
FIBK,First Interstate BancSystem Class A,Finance,Major Banks,,,,,,,,False
FICO,Fair Isaac Corproation,Technology,Computer Software: Prepackaged Software,,,,,,,,False
FICV,Frontier Investment Corp Class A Ordinary Shares, Acquisition, Acquisition,,,,,,,,False
FICVU,Frontier Investment Corp Units, Acquisition, Acquisition,,,,,,,,False
FIF,First Trust Energy Infrastructure Fund Common Shares of Beneficial Interest,Finance,Finance/Investors Services,,,,,,,,False
FIGS,FIGS Class A,Consumer Non-Durables,Medical Specialities,,,,,,,,False
FINM,Marlin Technology Corporation Class A Ordinary Share,Finance,Business Services,,,,,,,,False
FINMU,Marlin Technology Corporation Unit,Finance,Business Services,,,,,,,,False
FINS,Angel Oak Financial Strategiesome Term Trust Common Shares of Beneficial Interest,Finance,Finance/Investors Services,,,,,,,,False
FINV,FinVolution Group American Depositary Shares,Finance,Finance: Consumer Services,,,,,,,,False
FINW,FinWise Bancorp,Finance,Commercial Banks,,,,,,,,False
FIS,Fidelity National Information Services,Miscellaneous,Business Services,,,,,,,,False
FISI,Financial Institutions,Finance,Major Banks,,,,,,,,False
FISV,Fiserv,Technology,EDP Services,,,,,,,,False
FITB,Fifth Third Bancorp,Finance,Major Banks,,,,,,,,False
FITBI,Fifth Third Bancorp Depositary Shares,Finance,Major Banks,,,,,,,,False
FITBO,Fifth Third Bancorp Depositary Shares each representing a 1/1000th ownership interest in a share of Non-Cumulative Perpetual Preferred Stock Series K,Finance,Major Banks,,,,,,,,False
FITBP,Fifth Third Bancorp Depositary Shares each representing 1/40th share of Fifth Third 600% Non-Cumulative Perpetual Class B Preferred Stock Series A,Finance,Major Banks,,,,,,,,False
FIVE,Five Below,Consumer Services,Department/Specialty Retail Stores,,,,,,,,False
FIVN,Five9,Technology,EDP Services,,,,,,,,False
FIX,Comfort Systems USA,Capital Goods,Engineering & Construction,,,,,,,,False
FIXX,Homology Medicines,Health Care,Biotechnology: Pharmaceutical Preparations,,,,,,,,False
FIZZ,National Beverage Corp,Consumer Non-Durables,Beverages (Production/Distribution),,,,,,,,False
FKWL,Franklin Wireless Corp,Public Utilities,Telecommunications Equipment,,,,,,,,False
FL,Foot Locker,Consumer Services,Clothing/Shoe/Accessory Stores,,,,,,,,False
FLAC,Frazier Lifesciences Acquisition Corporation Class A Ordinary Shares,Finance,Business Services,,,,,,,,False
FLAG,First Light Acquisition Group Class A, Acquisition, Acquisition,,,,,,,,False
FLC,Flaherty & Crumrine Total Return Fund,Finance,Trusts Except Educational Religious and Charitable,,,,,,,,False
FLDM,Fluidigm Corporation,Capital Goods,Biotechnology: Laboratory Analytical Instruments,,,,,,,,False
FLEX,Flex Ltd Ordinary Shares,Technology,Electrical Products,,,,,,,,False
FLGC,Flora Growth Corp, Acquisition, Acquisition,,,,,,,,False
FLGT,Fulgent Genetics,Health Care,Medical Specialities,,,,,,,,False
FLIC,First of Long Island Corporation (The),Finance,Major Banks,,,,,,,,False
FLL,Full House Resorts,Consumer Services,Movies/Entertainment,,,,,,,,False
FLME,Flame Acquisition Corp Class A, Acquisition, Acquisition,,,,,,,,False
FLMN,Falcon Minerals Corporation Class A,Energy,Oil & Gas Production,,,,,,,,False
FLNC,Fluence Energy Class A, Acquisition, Acquisition,,,,,,,,False
FLNG,FLEX LNG Ltd Ordinary Shares,Consumer Services,Marine Transportation,,,,,,,,False
FLNT,Fluent,Consumer Services,EDP Services,,,,,,,,False
FLO,Flowers Foods,Consumer Non-Durables,Farming/Seeds/Milling,,,,,,,,False
FLR,Fluor Corporation,Capital Goods,Oilfield Services/Equipment,,,,,,,,False
FLS,Flowserve Corporation,Capital Goods,Fluid Controls,,,,,,,,False
FLT,FleetCor Technologies,Technology,EDP Services,,,,,,,,False
FLUX,Flux Power Holdings,Capital Goods,Electrical Products,,,,,,,,False
FLWS,1-800-FLOWERSCOM,Consumer Services,Catalog/Specialty Distribution,,,,,,,,False
FLXS,Flexsteel Industries,Consumer Durables,Home Furnishings,,,,,,,,False
FLYA,SOAR Technology Acquisition Corp Class A Ordinary Shares, Acquisition, Acquisition,,,,,,,,False
FLYW,Flywire Corporation Voting,Technology,EDP Services,,,,,,,,False
FMAO,Farmers & Merchants Bancorp,Finance,Savings Institutions,,,,,,,,False
FMBH,First Mid Bancshares,Finance,Major Banks,,,,,,,,False
FMC,FMC Corporation,Basic Industries,Agricultural Chemicals,,,,,,,,False
FMIV,Forum Merger IV Corporation Class A, Acquisition, Acquisition,,,,,,,,False
FMIVU,Forum Merger IV Corporation Unit, Acquisition, Acquisition,,,,,,,,False
FMN,Federated Hermes Premier Municipalome Fund,Finance,Finance Companies,,,,,,,,False
FMNB,Farmers National Banc Corp,Finance,Major Banks,,,,,,,,False
FMO,Fiduciary/Claymore Energy Infrastructure Fund Common Shares of Beneficial Interest,Finance,Trusts Except Educational Religious and Charitable,,,,,,,,False
FMS,Fresenius Medical Care AG,Health Care,Medical/Nursing Services,,,,,,,,False
FMTX,Forma Therapeutics Holdings,Health Care,Biotechnology: Pharmaceutical Preparations,,,,,,,,False
FMX,Fomento Economico Mexicano SAB de CV,Consumer Non-Durables,Beverages (Production/Distribution),,,,,,,,False
FMY,First Trust Motgageome Fund Common Shares of Beneficial Interest,Finance,Finance/Investors Services,,,,,,,,False
FN,Fabrinet Ordinary Shares,Public Utilities,Telecommunications Equipment,,,,,,,,False
FNA,Paragon 28,Health Care,Biotechnology: Electromedical & Electrotherapeutic Apparatus,,,,,,,,False
FNB,FNB Corporation,Finance,Major Banks,,,,,,,,False
FNCB,FNCB Bancorp,Finance,Major Banks,,,,,,,,False
FNCH,Finch Therapeutics Group,Health Care,Biotechnology: Pharmaceutical Preparations,,,,,,,,False
FND,Floor & Decor Holdings,Consumer Services,RETAIL: Building Materials,,,,,,,,False
FNF,FNF Group of Fidelity National Financial,Finance,Specialty Insurers,,,,,,,,False
FNGR,FingerMotion,Consumer Services,Telecommunications Equipment,,,,,,,,False
FNHC,FedNat Holding Company,Finance,Property-Casualty Insurers,,,,,,,,False
FNKO,Funko Class A,Consumer Non-Durables,Recreational Products/Toys,,,,,,,,False
FNLC,First Bancorp  (ME),Finance,Major Banks,,,,,,,,False
FNV,Franco-Nevada Corporation, Acquisition, Acquisition,,,,,,,,False
FNVT,Finnovate Acquisition Corp Class A Ordinary Shares, Acquisition, Acquisition,,,,,,,,False
FNVTU,Finnovate Acquisition Corp Units, Acquisition, Acquisition,,,,,,,,False
FNWB,First Northwest Bancorp,Finance,Banks,,,,,,,,False
FNWD,Finward Bancorp,Finance,Savings Institutions,,,,,,,,False
FOA,Finance of America Companies Class A,Finance,Finance Companies,,,,,,,,False
FOCS,Focus Financial Partners Class A,Finance,Investment Managers,,,,,,,,False
FOF,Cohen & Steers Closed-End Opportunity Fund,Finance,Finance/Investors Services,,,,,,,,False
FOLD,Amicus Therapeutics,Health Care,Biotechnology: Pharmaceutical Preparations,,,,,,,,False
FONR,Fonar Corporation,Health Care,Biotechnology: Electromedical & Electrotherapeutic Apparatus,,,,,,,,False
FOR,Forestar Group ,Finance,Real Estate,,,,,,,,False
FORA,Forian,Technology,Computer Software: Prepackaged Software,,,,,,,,False
FORD,Forward Industries, Acquisition, Acquisition,,,,,,,,False
FORG,ForgeRock Class A,Technology,Computer Software: Prepackaged Software,,,,,,,,False
FORM,FormFactor FormFactor,Technology,Semiconductors,,,,,,,,False
FORR,Forrester Research,Consumer Services,EDP Services,,,,,,,,False
FORTY,Formula Systems (1985) Ltd American Depositary Shares,Technology,EDP Services,,,,,,,,False
FOSL,Fossil Group,Consumer Non-Durables,Consumer Specialties,,,,,,,,False
FOSLL,Fossil Group 7% Senior Notes due 2026, Acquisition, Acquisition,,,,,,,,False
FOUN,Founder SPAC Class A Ordinary Shares, Acquisition, Acquisition,,,,,,,,False
FOUNU,Founder SPAC Units, Acquisition, Acquisition,,,,,,,,False
FOUR,Shift4 Payments Class A,Technology,EDP Services,,,,,,,,False
FOX,Fox Corporation Class B,Consumer Services,Broadcasting,,,,,,,,False
FOXA,Fox Corporation Class A,Consumer Services,Broadcasting,,,,,,,,False
FOXF,Fox Factory Holding Corp,Consumer Non-Durables,Motor Vehicles,,,,,,,,False
FOXW,FoxWayne Enterprises Acquisition Corp Class A, Acquisition, Acquisition,,,,,,,,False
FPAC,Far Peak Acquisition Corporation Class A Ordinary Shares,Finance,Business Services,,,,,,,,False
FPAY,FlexShopper,Consumer Services,Consumer Electronics/Video Chains,,,,,,,,False
FPF,First Trust Intermediate Duration Preferred &ome Fund Common Shares of Beneficial Interest,Finance,Trusts Except Educational Religious and Charitable,,,,,,,,False
FPH,Five Point Holdings LLC Class A Common Shares,Consumer Services,Real Estate,,,,,,,,False
FPI,Farmland Partners,Consumer Services,Real Estate Investment Trusts,,,,,,,,False
FPL,First Trust New Opportunities MLP & Energy Fund Common Shares of Beneficial Interest,Finance,Trusts Except Educational Religious and Charitable,,,,,,,,False
FR,First Industrial Realty Trust,Consumer Services,Real Estate Investment Trusts,,,,,,,,False
FRA,Blackrock Floating Rateome Strategies Fund ,Finance,Trusts Except Educational Religious and Charitable,,,,,,,,False
FRAF,Franklin Financial Services Corporation,Finance,Major Banks,,,,,,,,False
FRBA,First Bank,Finance,Major Banks,,,,,,,,False
FRBK,Republic First Bancorp,Finance,Major Banks,,,,,,,,False
FRBNU,Forbion European Acquisition Corp Unit, Acquisition, Acquisition,,,,,,,,False
FRC,FIRST REPUBLIC BANK,Finance,Commercial Banks,,,,,,,,False
FRD,Friedman Industries,Basic Industries,Steel/Iron Ore,,,,,,,,False
FREE,Whole Earth Brands Class A,Miscellaneous,Home Furnishings,,,,,,,,False
FREQ,Frequency Therapeutics,Health Care,Biotechnology: Pharmaceutical Preparations,,,,,,,,False
FREY,FREYR Battery Ordinary Shares, Acquisition, Acquisition,,,,,,,,False
FRG,Franchise Group,Miscellaneous,Diversified Commercial Services,,,,,,,,False
FRGAP,Franchise Group 750% Series A Cumulative Perpetual Preferred Stock,Miscellaneous,Diversified Commercial Services,,,,,,,,False
FRGI,Fiesta Restaurant Group,Consumer Services,Restaurants,,,,,,,,False
FRHC,Freedom Holding Corp,Finance,Investment Bankers/Brokers/Service,,,,,,,,False
FRLA,Fortune Rise Acquisition Corporation Class A, Acquisition, Acquisition,,,,,,,,False
FRLAW,Fortune Rise Acquisition Corporation Warrant, Acquisition, Acquisition,,,,,,,,False
FRLN,Freeline Therapeutics Holdings plc American Depositary Shares,Health Care,Biotechnology: Biological Products (No Diagnostic Substances),,,,,,,,False
FRME,First Merchants Corporation,Finance,Major Banks,,,,,,,,False
FRO,Frontline Ltd Ordinary Shares,Transportation,Marine Transportation,,,,,,,,False
FROG,JFrog Ltd Ordinary Shares,Technology,Computer Software: Prepackaged Software,,,,,,,,False
FRON,Frontier Acquisition Corp Class A Ordinary Shares,Finance,Business Services,,,,,,,,False
FRONU,Frontier Acquisition Corp Units,Finance,Business Services,,,,,,,,False
FRPH,FRP Holdings,Finance,Real Estate,,,,,,,,False
FRPT,Freshpet, Acquisition, Acquisition,,,,,,,,False
FRSG,First Reserve Sustainable Growth Corp Class A, Acquisition, Acquisition,,,,,,,,False
FRSGU,First Reserve Sustainable Growth Corp Unit, Acquisition, Acquisition,,,,,,,,False
FRSH,Freshworks Class A,Technology,EDP Services,,,,,,,,False
FRST,Primis Financial Corp,Finance,Major Banks,,,,,,,,False
FRSX,Foresight Autonomous Holdings Ltd American Depositary Shares,Technology,Computer Software: Prepackaged Software,,,,,,,,False
FRT,Federal Realty Investment Trust,Consumer Services,Real Estate Investment Trusts,,,,,,,,False
FRW,PWP Forward Acquisition Corp I Class A, Acquisition, Acquisition,,,,,,,,False
FRWAU,PWP Forward Acquisition Corp I Units, Acquisition, Acquisition,,,,,,,,False
FRXB,Forest Road Acquisition Corp II Class A, Acquisition, Acquisition,,,,,,,,False
FSBC,Five Star Bancorp,Finance,Banks,,,,,,,,False
FSBW,FS Bancorp,Finance,Banks,,,,,,,,False
FSD,First Trust Highome Long Short Fund Common Shares of Beneficial Interest,Finance,Investment Managers,,,,,,,,False
FSEA,First Seacoast Bancorp,Finance,Commercial Banks,,,,,,,,False
FSFG,First Savings Financial Group,Finance,Major Banks,,,,,,,,False
FSI,Flexible Solutions International (CDA),Capital Goods,Recreational Products/Toys,,,,,,,,False
FSK,FS KKR Capital Corp,Finance,Investment Managers,,,,,,,,False
FSLR,First Solar,Technology,Semiconductors,,,,,,,,False
FSLY,Fastly Class A,Technology,Computer Software: Prepackaged Software,,,,,,,,False
FSM,Fortuna Silver Mines (Canada), Acquisition, Acquisition,,,,,,,,False
FSNB,Fusion Acquisition Corp II Class A, Acquisition, Acquisition,,,,,,,,False
FSP,Franklin Street Properties Corp,Consumer Services,Real Estate Investment Trusts,,,,,,,,False
FSR,Fisker Class A, Acquisition, Acquisition,,,,,,,,False
FSRX,FinServ Acquisition Corp II Class A, Acquisition, Acquisition,,,,,,,,False
FSRXU,FinServ Acquisition Corp II Unit, Acquisition, Acquisition,,,,,,,,False
FSS,Federal Signal Corporation,Technology,Industrial Machinery/Components,,,,,,,,False
FSSI,Fortistar Sustainable Solutions Corp Class A, Acquisition, Acquisition,,,,,,,,False
FSSIU,Fortistar Sustainable Solutions Corp Unit, Acquisition, Acquisition,,,,,,,,False
FST,FAST Acquisition Corp Class A, Acquisition, Acquisition,,,,,,,,False
FSTR,LB Foster Company,Basic Industries,Metal Fabrications,,,,,,,,False
FSTX,F-star Therapeutics,Health Care,Biotechnology: Pharmaceutical Preparations,,,,,,,,False
FSV,FirstService Corporation Common Shares, Acquisition, Acquisition,,,,,,,,False
FT,Franklin Universal Trust,Finance,Trusts Except Educational Religious and Charitable,,,,,,,,False
FTAA,FTAC Athena Acquisition Corp Class A Ordinary Share,Finance,Business Services,,,,,,,,False
FTAAU,FTAC Athena Acquisition Corp Unit,Finance,Business Services,,,,,,,,False
FTAI,Fortress Transportation and Infrastructure Investors LLC Common Shares,Technology,Diversified Commercial Services,,,,,,,,False
FTCH,Farfetch Limited Class A Ordinary Shares,Consumer Services,Catalog/Specialty Distribution,,,,,,,,False
FTCI,FTC Solar,Technology,Semiconductors,,,,,,,,False
FTCV,FinTech Acquisition Corp V Class A, Acquisition, Acquisition,,,,,,,,False
FTCVU,FinTech Acquisition Corp V Unit, Acquisition, Acquisition,,,,,,,,False
FTCVW,FinTech Acquisition Corp V Warrant, Acquisition, Acquisition,,,,,,,,False
FTDR,Frontdoor,Miscellaneous,Other Consumer Services,,,,,,,,False
FTEK,Fuel Tech,Capital Goods,Pollution Control Equipment,,,,,,,,False
FTEV,FinTech Evolution Acquisition Group Class A Ordinary Shares, Acquisition, Acquisition,,,,,,,,False
FTF,Franklin Limited Durationome Trust Common Shares of Beneficial Interest,Finance,Finance/Investors Services,,,,,,,,False
FTFT,Future FinTech Group,Technology,EDP Services,,,,,,,,False
FTHM,Fathom Holdings,Finance,Real Estate,,,,,,,,False
FTHY,First Trust High Yield Opportunities 2027 Term Fund,Finance,Investment Managers,,,,,,,,False
FTI,TechnipFMC plc Ordinary Share,Energy,Metal Fabrications,,,,,,,,False
FTK,Flotek Industries,Energy,Oilfield Services/Equipment,,,,,,,,False
FTNT,Fortinet,Miscellaneous,Diversified Manufacture,,,,,,,,False
FTRP,Field Trip Health Ltd Common Shares, Acquisition, Acquisition,,,,,,,,False
FTS,Fortis Common Shares,Public Utilities,Electric Utilities: Central,,,,,,,,False
FTV,Fortive Corporation ,Capital Goods,Industrial Machinery/Components,,,,,,,,False
FTVI,FinTech Acquisition Corp VI Class A, Acquisition, Acquisition,,,,,,,,False
FTVIU,FinTech Acquisition Corp VI Units, Acquisition, Acquisition,,,,,,,,False
FUBO,fuboTV,Consumer Services,Broadcasting,,,,,,,,False
FUL,H B Fuller Company,Basic Industries,Home Furnishings,,,,,,,,False
FULC,Fulcrum Therapeutics,Health Care,Biotechnology: Pharmaceutical Preparations,,,,,,,,False
FULT,Fulton Financial Corporation,Finance,Major Banks,,,,,,,,False
FULTP,Fulton Financial Corporation Depositary Shares Each Representing a 1/40th Interest in a Share of Fixed Rate Non-Cumulative Perpetual Preferred Stock Series A,Finance,Major Banks,,,,,,,,False
FUN,Cedar Fair LP,Consumer Services,Movies/Entertainment,,,,,,,,False
FUNC,First United Corporation,Finance,Major Banks,,,,,,,,False
FUND,Sprott Focus Trust,Finance,Investment Managers,,,,,,,,False
FURY,Fury Gold Mines Limited Common Shares, Acquisition, Acquisition,,,,,,,,False
FUSB,First US Bancshares,Finance,Major Banks,,,,,,,,False
FUSN,Fusion Pharmaceuticals Common Shares, Acquisition, Acquisition,,,,,,,,False
FUTU,Futu Holdings Limited American Depositary Shares,Finance,Investment Bankers/Brokers/Service,,,,,,,,False
FUV,Arcimoto,Consumer Non-Durables,Motor Vehicles,,,,,,,,False
FVAM,5:01 Acquisition Corp Class A, Acquisition, Acquisition,,,,,,,,False
FVCB,FVCBankcorp,Finance,Commercial Banks,,,,,,,,False
FVIV,Fortress Value Acquisition Corp IV Class A, Acquisition, Acquisition,,,,,,,,False
FVRR,Fiverr International Ltd Ordinary Shares no par value,Miscellaneous,Business Services,,,,,,,,False
FVT,Fortress Value Acquisition Corp III Class A, Acquisition, Acquisition,,,,,,,,False
FWAC,Fifth Wall Acquisition Corp III Class A Ordinary Shares, Acquisition, Acquisition,,,,,,,,False
FWBI,First Wave BioPharma,Health Care,Biotechnology: Pharmaceutical Preparations,,,,,,,,False
FWONA,Liberty Media Corporation Series A Liberty Formula One,Consumer Services,Broadcasting,,,,,,,,False
FWONK,Liberty Media Corporation Series C Liberty Formula One,Consumer Services,Broadcasting,,,,,,,,False
FWP,Forward Pharma A/S American Depositary Shares,Health Care,Biotechnology: Pharmaceutical Preparations,,,,,,,,False
FWRD,Forward Air Corporation,Transportation,Oil Refining/Marketing,,,,,,,,False
FWRG,First Watch Restaurant Group,Consumer Services,Restaurants,,,,,,,,False
FXCO,Financial Strategies Acquisition Corp Class A, Acquisition, Acquisition,,,,,,,,False
FXLV,F45 Training Holdings,Consumer Services,Other Consumer Services,,,,,,,,False
FXNC,First National Corporation,Finance,Major Banks,,,,,,,,False
FYBR,Frontier Communications Parent,Consumer Services,Telecommunications Equipment,,,,,,,,False
FZT,FAST Acquisition Corp II Class A, Acquisition, Acquisition,,,,,,,,False
G,Genpact Limited,Consumer Services,Professional Services,,,,,,,,False
GAB,Gabelli Equity Trust (The),Finance,Investment Managers,,,,,,,,False
GABC,German American Bancorp,Finance,Major Banks,,,,,,,,False
GACQ,Global Consumer Acquisition Corp, Acquisition, Acquisition,,,,,,,,False
GACQU,Global Consumer Acquisition Corp Unit, Acquisition, Acquisition,,,,,,,,False
GAIA,Gaia Class A,Consumer Services,Movies/Entertainment,,,,,,,,False
GAIN,Gladstone Investment Corporation Business Development Company,Finance,Finance/Investors Services,,,,,,,,False
GAINN,Gladstone Investment Corporation 500% Notes Due 2026,Finance,Investment Bankers/Brokers/Service,,,,,,,,False
GAINZ,Gladstone Investment Corporation 4875% Notes due 2028,Finance,Investment Bankers/Brokers/Service,,,,,,,,False
GALT,Galectin Therapeutics,Health Care,Biotechnology: Pharmaceutical Preparations,,,,,,,,False
GAM,General American Investors,Finance,Investment Managers,,,,,,,,False
GAMB,Gamblingcom Group Limited Ordinary Shares, Acquisition, Acquisition,,,,,,,,False
GAMC,Golden Arrow Merger Corp Class A, Acquisition, Acquisition,,,,,,,,False
GAMCU,Golden Arrow Merger Corp Unit, Acquisition, Acquisition,,,,,,,,False
GAME,Engine Gaming and Media, Acquisition, Acquisition,,,,,,,,False
GAN,GAN Limited Ordinary Shares,Technology,Computer Software: Programming Data Processing,,,,,,,,False
GANX,Gain Therapeutics,Health Care,Biotechnology: Pharmaceutical Preparations,,,,,,,,False
GAPA,G&P Acquisition Corp Class A, Acquisition, Acquisition,,,,,,,,False
GASS,StealthGas,Transportation,Marine Transportation,,,,,,,,False
GATE,Marblegate Acquisition Corp Class A, Acquisition, Acquisition,,,,,,,,False
GATEU,Marblegate Acquisition Corp Unit, Acquisition, Acquisition,,,,,,,,False
GATEW,Marblegate Acquisition Corp Warrant, Acquisition, Acquisition,,,,,,,,False
GATO,Gatos Silver,Basic Industries,Precious Metals,,,,,,,,False
GATX,GATX Corporation,Transportation,Rental/Leasing Companies,,,,,,,,False
GAU,Galiano Gold, Acquisition, Acquisition,,,,,,,,False
GB,Global Blue Group Holding AG Ordinary Shares,Technology,EDP Services,,,,,,,,False
GBAB,Guggenheim Taxable Municipal Bond & Investment Grade Debt Trust Common Shares of Beneficial Interest,Finance,Investment Managers,,,,,,,,False
GBCI,Glacier Bancorp,Finance,Major Banks,,,,,,,,False
GBDC,Golub Capital BDC,Finance,Investment Managers,,,,,,,,False
GBIO,Generation Bio Co,Health Care,Biotechnology: Pharmaceutical Preparations,,,,,,,,False
GBL,Gamco Investors,Finance,Investment Managers,,,,,,,,False
GBLI,Global Indemnity Group LLC Class A (DE),Finance,Property-Casualty Insurers,,,,,,,,False
GBNH,Greenbrook TMS Common Shares, Acquisition, Acquisition,,,,,,,,False
GBNY,Generations Bancorp NY,Finance,Major Banks,,,,,,,,False
GBOX,Greenbox POS,Technology,EDP Services,,,,,,,,False
GBR,New Concept Energy,Consumer Services,Real Estate,,,,,,,,False
GBRG,Goldenbridge Acquisition Limited Ordinary Shares,Finance,Business Services,,,,,,,,False
GBRGU,Goldenbridge Acquisition Limited Unit,Finance,Business Services,,,,,,,,False
GBS,GBS,Capital Goods,Industrial Machinery/Components,,,,,,,,False
GBT,Global Blood Therapeutics,Health Care,Biotechnology: Pharmaceutical Preparations,,,,,,,,False
GBX,Greenbrier Companies (The),Capital Goods,Railroads,,,,,,,,False
GCBC,Greene County Bancorp,Finance,Banks,,,,,,,,False
GCI,Gannett Co,Consumer Services,Newspapers/Magazines,,,,,,,,False
GCMG,GCM Grosvenor Class A,Finance,Finance/Investors Services,,,,,,,,False
GCO,Genesco, Acquisition, Acquisition,,,,,,,,False
GCP,GCP Applied Technologies,Consumer Durables,Industrial Specialties,,,,,,,,False
GCV,Gabelli Convertible andome Securities Fund (The),Finance,Finance/Investors Services,,,,,,,,False
GD,General Dynamics Corporation,Capital Goods,Aerospace,,,,,,,,False
GDDY,GoDaddy Class A,Technology,EDP Services,,,,,,,,False
GDEN,Golden Entertainment,Consumer Services,Hotels/Resorts,,,,,,,,False
GDEV,Nexters, Acquisition, Acquisition,,,,,,,,False
GDL,GDL Fund The Common Shares of Beneficial Interest,Finance,Investment Managers,,,,,,,,False
GDNR,Gardiner Healthcare Acquisitions Corp, Acquisition, Acquisition,,,,,,,,False
GDNRU,Gardiner Healthcare Acquisitions Corp Unit, Acquisition, Acquisition,,,,,,,,False
GDO,Western Asset Global Corporate Defined Opportunity Fund Western Asset Global Corporate Defined Opportunity Fund,Finance,Finance Companies,,,,,,,,False
GDOT,Green Dot Corporation Class A $0001 par value,Technology,Advertising,,,,,,,,False
GDRX,GoodRx Holdings Class A,Technology,Retail: Computer Software & Peripheral Equipment,,,,,,,,False
GDS,GDS Holdings Limited ADS,Technology,Computer Software: Programming Data Processing,,,,,,,,False
GDV,Gabelli Dividend &ome Trust Common Shares of Beneficial Interest,Finance,Investment Managers,,,,,,,,False
GDYN,Grid Dynamics Holdings Class A,Technology,EDP Services,,,,,,,,False
GE,General Electric Company,Consumer Durables,Metal Fabrications,,,,,,,,False
GECC,Great Elm Capital Corp,Finance,Finance/Investors Services,,,,,,,,False
GECCN,Great Elm Capital Corp 65% Notes due 2024,Finance,Finance/Investors Services,,,,,,,,False
GECCO,Great Elm Capital Corp 5875% Notes due 2026, Acquisition, Acquisition,,,,,,,,False
GEEXU,Games & Esports Experience Acquisition Corp Unit, Acquisition, Acquisition,,,,,,,,False
GEF,Greif Class A, Acquisition, Acquisition,,,,,,,,False
GEG,Great Elm Group,Health Care,Other Pharmaceuticals,,,,,,,,False
GEL,Genesis Energy LP Common Units,Energy,Oil Refining/Marketing,,,,,,,,False
GENC,Gencor Industries,Capital Goods,Construction/Ag Equipment/Trucks,,,,,,,,False
GENE,Genetic Technologies Ltd ADS,Health Care,Biotechnology: Biological Products (No Diagnostic Substances),,,,,,,,False
GENI,Genius Sports Limited Ordinary Shares, Acquisition, Acquisition,,,,,,,,False
GEO,Geo Group (The) REIT,Consumer Services,Real Estate Investment Trusts,,,,,,,,False
GEOS,Geospace Technologies Corporation (Texas),Capital Goods,Industrial Machinery/Components,,,,,,,,False
GER,Goldman Sachs MLP Energy Renaissance Fund,Finance,Trusts Except Educational Religious and Charitable,,,,,,,,False
GERN,Geron Corporation,Health Care,Biotechnology: Pharmaceutical Preparations,,,,,,,,False
GES,Guess?, Acquisition, Acquisition,,,,,,,,False
GET,Getnet Adquirencia e Servicos para Meios de Pagamento SA American Depositary Shares, Acquisition, Acquisition,,,,,,,,False
GEVO,Gevo,Health Care,Biotechnology: Commercial Physical & Biological Resarch,,,,,,,,False
GF,New Germany Fund (The),Finance,Investment Managers,,,,,,,,False
GFAI,Guardforce AI Co Limited Ordinary Shares,Finance,Finance: Consumer Services,,,,,,,,False
GFF,Griffon Corporation,Capital Goods,Diversified Manufacture,,,,,,,,False
GFGDU,The Growth for Good Acquisition Corporation Unit, Acquisition, Acquisition,,,,,,,,False
GFI,Gold Fields Limited American Depositary Shares,Basic Industries,Precious Metals,,,,,,,,False
GFL,GFL Environmental Subordinate voting shares no par value, Acquisition, Acquisition,,,,,,,,False
GFLU,GFL Environmental Tangible Equity Units, Acquisition, Acquisition,,,,,,,,False
GFOR,Graf Acquisition Corp IV, Acquisition, Acquisition,,,,,,,,False
GFS,GlobalFoundries, Acquisition, Acquisition,,,,,,,,False
GFX,Golden Falcon Acquisition Corp Class A, Acquisition, Acquisition,,,,,,,,False
GGAAU,Genesis Growth Tech Acquisition Corp Unit, Acquisition, Acquisition,,,,,,,,False
GGAL,Grupo Financiero Galicia SA American Depositary Shares,Finance,Commercial Banks,,,,,,,,False
GGB,Gerdau SA,Basic Industries,Steel/Iron Ore,,,,,,,,False
GGG,Graco,Capital Goods,Fluid Controls,,,,,,,,False
GGGV,G3 VRM Acquisition Corp Class A, Acquisition, Acquisition,,,,,,,,False
GGGVU,G3 VRM Acquisition Corp Units, Acquisition, Acquisition,,,,,,,,False
GGMC,Glenfarne Merger Corp Class A, Acquisition, Acquisition,,,,,,,,False
GGN,GAMCO Global Gold Natural Resources &ome Trust,Finance,Finance/Investors Services,,,,,,,,False
GGPI,Gores Guggenheim Class A, Acquisition, Acquisition,,,,,,,,False
GGPIU,Gores Guggenheim Unit, Acquisition, Acquisition,,,,,,,,False
GGT,Gabelli Multi-Media Trust (The),Finance,Trusts Except Educational Religious and Charitable,,,,,,,,False
GGZ,Gabelli Global Small and Mid Cap Value Trust (The) Common Shares of Beneficial Interest,Finance,Investment Managers,,,,,,,,False
GH,Guardant Health,Health Care,Medical Specialities,,,,,,,,False
GHAC,Gaming & Hospitality Acquisition Corp Class A, Acquisition, Acquisition,,,,,,,,False
GHACU,Gaming & Hospitality Acquisition Corp Unit, Acquisition, Acquisition,,,,,,,,False
GHC,Graham Holdings Company,Miscellaneous,Service to the Health Industry,,,,,,,,False
GHG,GreenTree Hospitality Group Ltd American depositary shares each representing one Class A ordinary share,Consumer Services,Hotels/Resorts,,,,,,,,False
GHIXU,Gores Holdings IX Unit, Acquisition, Acquisition,,,,,,,,False
GHL,Greenhill & Co,Finance,Investment Bankers/Brokers/Service,,,,,,,,False
GHLD,Guild Holdings Company Class A,Finance,Finance: Consumer Services,,,,,,,,False
GHM,Graham Corporation,Capital Goods,Metal Fabrications,,,,,,,,False
GHRS,GH Research PLC Ordinary Shares, Acquisition, Acquisition,,,,,,,,False
GHSI,Guardion Health Sciences,Consumer Durables,Specialty Chemicals,,,,,,,,False
GHY,PGIM Global High Yield Fund,Finance,Trusts Except Educational Religious and Charitable,,,,,,,,False
GIA,GigCapital 5, Acquisition, Acquisition,,,,,,,,False
GIAC,Gesher I Acquisition Corp Class A Ordinary Shares, Acquisition, Acquisition,,,,,,,,False
GIACU,Gesher I Acquisition CorpUnit, Acquisition, Acquisition,,,,,,,,False
GIB,CGI, Acquisition, Acquisition,,,,,,,,False
GIC,Global Industrial Company,Technology,Industrial Machinery/Components,,,,,,,,False
GIFI,Gulf Island Fabrication,Capital Goods,Metal Fabrications,,,,,,,,False
GIGM,GigaMedia Limited Ordinary Shares,Technology,Computer Software: Programming Data Processing,,,,,,,,False
GIII,G-III Apparel Group LTD,Consumer Non-Durables,Apparel,,,,,,,,False
GIIX,Gores Holdings VIII Class A, Acquisition, Acquisition,,,,,,,,False
GIIXU,Gores Holdings VIII Unit, Acquisition, Acquisition,,,,,,,,False
GIL,Gildan Activewear Class A Sub Vot,Consumer Durables,Building Products,,,,,,,,False
GILD,Gilead Sciences,Health Care,Biotechnology: Pharmaceutical Preparations,,,,,,,,False
GILT,Gilat Satellite Networks Ltd Ordinary Shares,Technology,Radio And Television Broadcasting And Communications Equipment,,,,,,,,False
GIM,Templeton Globalome Fund,Finance,Finance Companies,,,,,,,,False
GIPR,Generationome Properties,Consumer Services,Real Estate Investment Trusts,,,,,,,,False
GIS,General Mills,Consumer Services,Food Chains,,,,,,,,False
GIW,GigInternational1, Acquisition, Acquisition,,,,,,,,False
GIWWU,GigInternational1 Units, Acquisition, Acquisition,,,,,,,,False
GJH,Synthetic Fixed-Income Securities 6375% (STRATS) Cl A-1, Acquisition, Acquisition,,,,,,,,False
GJP,Synthetic Fixed-Income Securities Synthetic Fixed-Income Securities on behalf of STRATS (SM) Trust for Dominion Resources Securities Series 2005-6 Floating Rate Structured Repackaged Asset-Backed Trust Securities (STRATS) Certificates, Acquisition, Acquisition,,,,,,,,False
GJR,Synthetic Fixed-Income Securities STRATS Trust for Procter&Gamble Securities Series 2006-1,Finance,Finance: Consumer Services,,,,,,,,False
GJS,Goldman Sachs Group Securities STRATS Trust for Goldman Sachs Group Securities Series 2006-2,Finance,Finance: Consumer Services,,,,,,,,False
GJT,Synthetic Fixed-Income Securities Synthetic Fixed-Income Securities Floating Rate Structured Repackaged Asset-Backed Trust Securities Certificates Series 2006-3, Acquisition, Acquisition,,,,,,,,False
GKOS,Glaukos Corporation,Health Care,Biotechnology: Electromedical & Electrotherapeutic Apparatus,,,,,,,,False
GL,Globe Life,Finance,Life Insurance,,,,,,,,False
GLAD,Gladstone Capital Corporation,Finance,Finance/Investors Services,,,,,,,,False
GLAQ,Globis Acquisition Corp, Acquisition, Acquisition,,,,,,,,False
GLBE,Global-E Online Ltd Ordinary Shares,Technology,Computer Software: Prepackaged Software,,,,,,,,False
GLBL,Cartesian Growth Corporation Class A Ordinary Share,Finance,Business Services,,,,,,,,False
GLBS,Globus Maritime Limited,Transportation,Marine Transportation,,,,,,,,False
GLBZ,Glen Burnie Bancorp,Finance,Major Banks,,,,,,,,False
GLDD,Great Lakes Dredge & Dock Corporation,Capital Goods,Oilfield Services/Equipment,,,,,,,,False
GLDG,GoldMining Common Shares, Acquisition, Acquisition,,,,,,,,False
GLEE,Gladstone Acquisition Corp Class A, Acquisition, Acquisition,,,,,,,,False
GLEEU,Gladstone Acquisition Corp Unit, Acquisition, Acquisition,,,,,,,,False
GLG,TD Holdings,Technology,EDP Services,,,,,,,,False
GLHA,Glass Houses Acquisition Corp Class A, Acquisition, Acquisition,,,,,,,,False
GLLI,Globalink Investment, Acquisition, Acquisition,,,,,,,,False
GLLIU,Globalink Investment Unit, Acquisition, Acquisition,,,,,,,,False
GLMD,Galmed Pharmaceuticals Ltd Ordinary Shares,Health Care,Biotechnology: Pharmaceutical Preparations,,,,,,,,False
GLNG,Golar Lng Ltd,Energy,Oilfield Services/Equipment,,,,,,,,False
GLO,Clough Global Opportunities Fund,Finance,Finance/Investors Services,,,,,,,,False
GLOB,Globant SA Common Shares,Consumer Services,Electronics Distribution,,,,,,,,False
GLOP,GasLog Partners LP Common Units representing limited partnership interests,Energy,Oil & Gas Production,,,,,,,,False
GLP,Global Partners LP Global Partners LP Common Units representing Limited Partner Interests,Energy,Oil Refining/Marketing,,,,,,,,False
GLPG,Galapagos NV American Depositary Shares,Health Care,Biotechnology: Pharmaceutical Preparations,,,,,,,,False
GLPI,Gaming and Leisure Properties,Consumer Services,Real Estate Investment Trusts,,,,,,,,False
GLQ,Clough Global Equity Fund Clough Global Equity Fund Common Shares of Beneficial Interest,Finance,Finance/Investors Services,,,,,,,,False
GLRE,Greenlight Capital Re Ltd Class A Ordinary Shares,Finance,Property-Casualty Insurers,,,,,,,,False
GLS,Gelesis Holdings, Acquisition, Acquisition,,,,,,,,False
GLSI,Greenwich LifeSciences,Health Care,Biotechnology: Pharmaceutical Preparations,,,,,,,,False
GLSPT,Global SPAC Partners Co Subunit ,Finance,Business Services,,,,,,,,False
GLSPU,Global SPAC Partners Co Unit,Finance,Business Services,,,,,,,,False
GLT,Glatfelter Corporation,Basic Industries,Paper,,,,,,,,False
GLTA,Galata Acquisition Corp Class A Ordinary Shares, Acquisition, Acquisition,,,,,,,,False
GLTO,Galecto,Health Care,Biotechnology: Pharmaceutical Preparations,,,,,,,,False
GLU,Gabelli Global Utility Common Shares of Beneficial Ownership,Finance,Finance/Investors Services,,,,,,,,False
GLUE,Monte Rosa Therapeutics,Health Care,Biotechnology: Pharmaceutical Preparations,,,,,,,,False
GLV,Clough Global Dividend andome Fund Common Shares of beneficial interest,Finance,Finance/Investors Services,,,,,,,,False
GLW,Corningorporated,Capital Goods,Industrial Machinery/Components,,,,,,,,False
GLYC,GlycoMimetics,Health Care,Biotechnology: Pharmaceutical Preparations,,,,,,,,False
GM,General Motors Company,Capital Goods,Auto Manufacturing,,,,,,,,False
GMAB,Genmab A/S ADS,Health Care,Biotechnology: Commercial Physical & Biological Resarch,,,,,,,,False
GMBL,Esports Entertainment Group,Consumer Services,Movies/Entertainment,,,,,,,,False
GMBLP,Esports Entertainment Group 100% Series A Cumulative Redeemable Convertible Preferred Stock,Consumer Services,Movies/Entertainment,,,,,,,,False
GMDA,Gamida Cell Ltd Ordinary Shares,Health Care,Biotechnology: Biological Products (No Diagnostic Substances),,,,,,,,False
GME,GameStop Corporation,Consumer Services,Electronics Distribution,,,,,,,,False
GMED,Globus Medical Class A,Health Care,Medical/Dental Instruments,,,,,,,,False
GMFIU,Aetherium Acquisition Corp Unit, Acquisition, Acquisition,,,,,,,,False
GMRE,Global Medical REIT,Consumer Services,Real Estate Investment Trusts,,,,,,,,False
GMS,GMS, Acquisition, Acquisition,,,,,,,,False
GMTX,Gemini Therapeutics,Health Care,Biotechnology: Pharmaceutical Preparations,,,,,,,,False
GMVD,G Medical Innovations Holdings Ltd Ordinary Shares, Acquisition, Acquisition,,,,,,,,False
GNAC,Group Nine Acquisition Corp Class A, Acquisition, Acquisition,,,,,,,,False
GNCA,Genocea Biosciences,Health Care,Biotechnology: Pharmaceutical Preparations,,,,,,,,False
GNE,Genie Energy Ltd Class B Stock,Public Utilities,Power Generation,,,,,,,,False
GNFT,GENFIT SA American Depositary Shares,Health Care,Biotechnology: Biological Products (No Diagnostic Substances),,,,,,,,False
GNK,Genco Shipping & Trading Limited Ordinary Shares New (Marshall Islands),Transportation,Marine Transportation,,,,,,,,False
GNL,Global Net Lease,Consumer Services,Real Estate Investment Trusts,,,,,,,,False
GNLN,Greenlane Holdings Class A, Acquisition, Acquisition,,,,,,,,False
GNPX,Genprex,Health Care,Biotechnology: Pharmaceutical Preparations,,,,,,,,False
GNRC,Generac Holdlings,Consumer Durables,Metal Fabrications,,,,,,,,False
GNSS,Genasys,Capital Goods,Industrial Machinery/Components,,,,,,,,False
GNT,GAMCO Natural Resources Gold &ome Trust,Finance,Finance/Investors Services,,,,,,,,False
GNTA,Genenta Science SpA American Depositary Shares, Acquisition, Acquisition,,,,,,,,False
GNTX,Gentex Corporation,Capital Goods,Auto Parts:OEM,,,,,,,,False
GNTY,Guaranty Bancshares,Finance,Major Banks,,,,,,,,False
GNUS,Genius Brands International,Consumer Services,Publishing,,,,,,,,False
GNW,Genworth Financial,Finance,Life Insurance,,,,,,,,False
GO,Grocery Outlet Holding Corp,Consumer Non-Durables,Specialty Foods,,,,,,,,False
GOAC,GO Acquisition Corp Class A, Acquisition, Acquisition,,,,,,,,False
GOBI,Gobi Acquisition Corp Class A Ordinary Shares, Acquisition, Acquisition,,,,,,,,False
GOCO,GoHealth Class A,Finance,Specialty Insurers,,,,,,,,False
GOED,1847 Goedeker Commom Stock,Capital Goods,Recreational Products/Toys,,,,,,,,False
GOEV,Canoo Class A, Acquisition, Acquisition,,,,,,,,False
GOF,Guggenheim Strategic Opportunities Fund Common Shares of Beneficial Interest,Finance,Finance/Investors Services,,,,,,,,False
GOGL,Golden Ocean Group Limited,Transportation,Marine Transportation,,,,,,,,False
GOGN,GoGreen Investments Corporation Class A Ordinary Shares, Acquisition, Acquisition,,,,,,,,False
GOGO,Gogo,Consumer Services,Telecommunications Equipment,,,,,,,,False
GOL,Gol Linhas Aereas Inteligentes SA Sponsored ADR representing 2 Pfd Shares,Transportation,Air Freight/Delivery Services,,,,,,,,False
GOLD,Barrick Gold Corporation (BC), Acquisition, Acquisition,,,,,,,,False
GOLF,Acushnet Holdings Corp,Consumer Non-Durables,Recreational Products/Toys,,,,,,,,False
GOOD,Gladstone Commercial Corporation Real Estate Investment Trust,Consumer Services,Real Estate Investment Trusts,,,,,,,,False
GOODN,Gladstone Commercial Corporation 6625% Series E Cumulative Redeemable Preferred Stock,Consumer Services,Real Estate Investment Trusts,,,,,,,,False
GOODO,Gladstone Commercial Corporation 600% Series G Cumulative Redeemable Preferred Stock par value $0001 per share,Consumer Services,Real Estate Investment Trusts,,,,,,,,False
GOOG,Alphabet Class C Capital Stock,Technology,Internet and Information Services,,,,,,,,False
GOOGL,Alphabet Class A,Technology,Internet and Information Services,,,,,,,,False
GOOS,Canada Goose Holdings Subordinate Voting Shares, Acquisition, Acquisition,,,,,,,,False
GORO,Gold Resource Corporation,Basic Industries,Precious Metals,,,,,,,,False
GOSS,Gossamer Bio,Health Care,Biotechnology: Pharmaceutical Preparations,,,,,,,,False
GOTU,Gaotu Techedu American Depositary Shares,Consumer Services,Other Consumer Services,,,,,,,,False
GOVX,GeoVax Labs,Health Care,Biotechnology: Pharmaceutical Preparations,,,,,,,,False
GP,GreenPower Motor Company Common Shares,Capital Goods,Auto Parts:OEM,,,,,,,,False
GPAC,Global Partner Acquisition Corp II Class A Ordinary Share,Finance,Business Services,,,,,,,,False
GPACU,Global Partner Acquisition Corp II Unit,Finance,Business Services,,,,,,,,False
GPC,Genuine Parts Company,Capital Goods,Automotive Aftermarket,,,,,,,,False
GPCO,Golden Path Acquisition Corporation Ordinary Shares, Acquisition, Acquisition,,,,,,,,False
GPI,Group 1 Automotive,Consumer Services,Other Specialty Stores,,,,,,,,False
GPJA,Georgia Power Company Series 2017A 500% Junior Subordinated Notes due October 1 2077, Acquisition, Acquisition,,,,,,,,False
GPK,Graphic Packaging Holding Company,Basic Industries,Paper,,,,,,,,False
GPL,Great Panther Mining Limited Ordinary Shares (Canada), Acquisition, Acquisition,,,,,,,,False
GPMT,Granite Point Mortgage Trust,Consumer Services,Real Estate Investment Trusts,,,,,,,,False
GPN,Global Payments,Miscellaneous,Business Services,,,,,,,,False
GPOR,Gulfport Energy Corporation Common Shares,Energy,Oil & Gas Production,,,,,,,,False
GPP,Green Plains Partners LP Common Units, Acquisition, Acquisition,,,,,,,,False
GPRE,Green Plains,Basic Industries,Major Chemicals,,,,,,,,False
GPRK,Geopark Ltd Common Shares,Energy,Oil & Gas Production,,,,,,,,False
GPRO,GoPro Class A,Miscellaneous,Industrial Machinery/Components,,,,,,,,False
GPS,Gap (The),Consumer Services,Clothing/Shoe/Accessory Stores,,,,,,,,False
GRAB,Grab Holdings Limited Class A Ordinary Shares, Acquisition, Acquisition,,,,,,,,False
GRABW,Grab Holdings Limited Warrant, Acquisition, Acquisition,,,,,,,,False
GRAY,Graybug Vision,Health Care,Biotechnology: Pharmaceutical Preparations,,,,,,,,False
GRBK,Green Brick Partners,Capital Goods,Homebuilding,,,,,,,,False
GRC,Gorman-Rupp Company (The),Capital Goods,Fluid Controls,,,,,,,,False
GRCL,Gracell Biotechnologies American Depositary Shares,Health Care,Biotechnology: Pharmaceutical Preparations,,,,,,,,False
GRCY,Greencity Acquisition Corporation Ordinary Shares,Finance,Business Services,,,,,,,,False
GREE,Greenidge Generation Holdings Class A,Finance,Investment Bankers/Brokers/Service,,,,,,,,False
GREEL,Greenidge Generation Holdings 850% Senior Notes due 2026,Finance,Investment Bankers/Brokers/Service,,,,,,,,False
GRF,Eagle Capital Growth Fund,Finance,Finance/Investors Services,,,,,,,,False
GRFS,Grifols SA American Depositary Shares,Health Care,Biotechnology: Pharmaceutical Preparations,,,,,,,,False
GRIL,Muscle Maker, Acquisition, Acquisition,,,,,,,,False
GRIN,Grindrod Shipping Holdings Ltd Ordinary Shares,Transportation,Marine Transportation,,,,,,,,False
GRMN,Garmin Ltd (Switzerland),Capital Goods,Industrial Machinery/Components,,,,,,,,False
GRNQ,Greenpro Capital Corp,Consumer Services,Professional Services,,,,,,,,False
GROM,Grom Social Enterprises, Acquisition, Acquisition,,,,,,,,False
GROW,US Global Investors Class A,Finance,Investment Managers,,,,,,,,False
GROY,Gold Royalty Corp Common Shares, Acquisition, Acquisition,,,,,,,,False
GRPH,Graphite Bio,Consumer Durables,Specialty Chemicals,,,,,,,,False
GRPN,Groupon,Technology,Advertising,,,,,,,,False
GRTS,Gritstone bio,Health Care,Biotechnology: Biological Products (No Diagnostic Substances),,,,,,,,False
GRTX,Galera Therapeutics,Consumer Durables,Specialty Chemicals,,,,,,,,False
GRUB,Just Eat Takeawaycom NV American Depositary Shares, Acquisition, Acquisition,,,,,,,,False
GRVI,Grove,Health Care,Biotechnology: Pharmaceutical Preparations,,,,,,,,False
GRVY,GRAVITY Co Ltd American Depository Shares, Acquisition, Acquisition,,,,,,,,False
GRWG,GrowGeneration Corp,Consumer Services,Other Specialty Stores,,,,,,,,False
GRX,The Gabelli Healthcare & Wellness Trust Common Shares of Beneficial Interest,Finance,Finance/Investors Services,,,,,,,,False
GS,Goldman Sachs Group (The),Finance,Investment Bankers/Brokers/Service,,,,,,,,False
GSAQ,Global Synergy Acquisition Corp Class A Ordinary Shares,Finance,Business Services,,,,,,,,False
GSAT,Globalstar,Consumer Services,Telecommunications Equipment,,,,,,,,False
GSBC,Great Southern Bancorp,Finance,Major Banks,,,,,,,,False
GSBD,Goldman Sachs BDC,Finance,Finance: Consumer Services,,,,,,,,False
GSEV,Gores Holdings VII Class A, Acquisition, Acquisition,,,,,,,,False
GSEVU,Gores Holdings VII Units, Acquisition, Acquisition,,,,,,,,False
GSHD,Goosehead Insurance Class A,Finance,Specialty Insurers,,,,,,,,False
GSIT,GSI Technology,Technology,Semiconductors,,,,,,,,False
GSK,GlaxoSmithKline PLC,Health Care,Biotechnology: Pharmaceutical Preparations,,,,,,,,False
GSL,Global Ship Lease New Class A Common Shares,Transportation,Marine Transportation,,,,,,,,False
GSLD,Global Ship Lease 800% Senior Notes due 2024,Transportation,Marine Transportation,,,,,,,,False
GSM,Ferroglobe PLC Ordinary Shares,Basic Industries,Precious Metals,,,,,,,,False
GSMG,Glory Star New Media Group Holdings Limited Ordinary Share,Technology,EDP Services,,,,,,,,False
GSQB,G Squared Ascend II Class A Ordinary Shares, Acquisition, Acquisition,,,,,,,,False
GSQD,G Squared Ascend I Class A Ordinary Shares,Finance,Business Services,,,,,,,,False
GSV,Gold Standard Ventures Corporation (Canada), Acquisition, Acquisition,,,,,,,,False
GT,The Goodyear Tire & Rubber Company,Consumer Durables,Automotive Aftermarket,,,,,,,,False
GTAC,Global Technology Acquisition Corp I Class A Ordinary Shares, Acquisition, Acquisition,,,,,,,,False
GTACU,Global Technology Acquisition Corp I Unit, Acquisition, Acquisition,,,,,,,,False
GTBP,GT Biopharma,Health Care,Biotechnology: Pharmaceutical Preparations,,,,,,,,False
GTE,Gran Tierra Energy,Energy,Oil & Gas Production,,,,,,,,False
GTEC,Greenland Technologies Holding Corporation Ordinary Shares,Finance,Business Services,,,,,,,,False
GTES,Gates Industrial Corporation plc Ordinary Shares,Capital Goods,Industrial Machinery/Components,,,,,,,,False
GTH,Genetron Holdings Limited ADS,Health Care,Medical Specialities,,,,,,,,False
GTHX,G1 Therapeutics,Health Care,Biotechnology: Pharmaceutical Preparations,,,,,,,,False
GTIM,Good Times Restaurants,Consumer Services,Restaurants,,,,,,,,False
GTLB,GitLab Class A,Technology,EDP Services,,,,,,,,False
GTLS,Chart Industries,Technology,Electrical Products,,,,,,,,False
GTN,Gray Television,Consumer Services,Broadcasting,,,,,,,,False
GTPA,Gores Technology Partners Class A, Acquisition, Acquisition,,,,,,,,False
GTPB,Gores Technology Partners II Class A, Acquisition, Acquisition,,,,,,,,False
GTPBU,Gores Technology Partners II Units, Acquisition, Acquisition,,,,,,,,False
GTX,Garrett Motion,Capital Goods,Auto Parts:OEM,,,,,,,,False
GTXAP,Garrett Motion Series A Cumulative Convertible Preferred Stock,Capital Goods,Auto Parts:OEM,,,,,,,,False
GTY,Getty Realty Corporation,Consumer Services,Real Estate Investment Trusts,,,,,,,,False
GTYH,GTY Technology Holdings,Technology,Computer Software: Prepackaged Software,,,,,,,,False
GUG,Guggenheim Active Allocation Fund Common Shares of Beneficial Interest, Acquisition, Acquisition,,,,,,,,False
GURE,Gulf Resources (NV),Basic Industries,Major Chemicals,,,,,,,,False
GUT,Gabelli Utility Trust (The),Finance,Trusts Except Educational Religious and Charitable,,,,,,,,False
GVA,Granite Constructionorporated,Capital Goods,Engineering & Construction,,,,,,,,False
GVCI,Green Visor Financial Technology Acquisition Corp I Class A Ordinary Shares, Acquisition, Acquisition,,,,,,,,False
GVCIU,Green Visor Financial Technology Acquisition Corp I Units, Acquisition, Acquisition,,,,,,,,False
GVP,GSE Systems,Technology,Computer Software: Prepackaged Software,,,,,,,,False
GWGH,GWG Holdings,Finance,Life Insurance,,,,,,,,False
GWH,ESS Tech,Capital Goods,Industrial Machinery/Components,,,,,,,,False
GWII,Good Works II Acquisition Corp, Acquisition, Acquisition,,,,,,,,False
GWRE,Guidewire Software,Technology,Computer Software: Prepackaged Software,,,,,,,,False
GWRS,Global Water Resources,Public Utilities,Water Supply,,,,,,,,False
GWW,WW Grainger,Consumer Non-Durables,Telecommunications Equipment,,,,,,,,False
GXII,GX Acquisition Corp II Class A, Acquisition, Acquisition,,,,,,,,False
GXO,GXO Logistics ,Consumer Services,Diversified Commercial Services,,,,,,,,False
GYRO,Gyrodyne LLC,Consumer Services,Real Estate Investment Trusts,,,,,,,,False
H,Hyatt Hotels Corporation Class A,Consumer Services,Hotels/Resorts,,,,,,,,False
HA,Hawaiian Holdings,Transportation,Air Freight/Delivery Services,,,,,,,,False
HAAC,Health Assurance Acquisition Corp Class A, Acquisition, Acquisition,,,,,,,,False
HAACU,Health Assurance Acquisition Corp SAIL Securities, Acquisition, Acquisition,,,,,,,,False
HAACW,Health Assurance Acquisition Corp Warrants, Acquisition, Acquisition,,,,,,,,False
HAE,Haemonetics Corporation,Health Care,Medical/Dental Instruments,,,,,,,,False
HAFC,Hanmi Financial Corporation,Finance,Major Banks,,,,,,,,False
HAIAU,Healthcare AI Acquisition Corp Unit, Acquisition, Acquisition,,,,,,,,False
HAIN,Hain Celestial Group (The),Capital Goods,Office Equipment/Supplies/Services,,,,,,,,False
HAL,Halliburton Company,Energy,Oil & Gas Production,,,,,,,,False
HALL,Hallmark Financial Services,Finance,Property-Casualty Insurers,,,,,,,,False
HALO,Halozyme Therapeutics,Health Care,Biotechnology: Biological Products (No Diagnostic Substances),,,,,,,,False
HAPP,Happiness Development Group Limited Class A Ordinary Shares,Consumer Durables,Specialty Chemicals,,,,,,,,False
HARP,Harpoon Therapeutics,Health Care,Biotechnology: Pharmaceutical Preparations,,,,,,,,False
HAS,Hasbro,Consumer Non-Durables,Recreational Products/Toys,,,,,,,,False
HASI,Hannon Armstrong Sustainable Infrastructure Capital,Consumer Services,Real Estate Investment Trusts,,,,,,,,False
HAYN,Haynes International, Acquisition, Acquisition,,,,,,,,False
HAYW,Hayward Holdings,Technology,Electronic Components,,,,,,,,False
HBAN,Huntington Bancsharesorporated,Finance,Major Banks,,,,,,,,False
HBANM,Huntington Bancsharesorporated Depositary Shares each representing a 1/1000th interest in a share of Huntington Series I Preferred Stock,Finance,Major Banks,,,,,,,,False
HBANP,Huntington Bancsharesorporated Depositary Shares 4500% Series H Non-Cumulative Perpetual Preferred Stock,Finance,Major Banks,,,,,,,,False
HBB,Hamilton Beach Brands Holding Company Class A , Acquisition, Acquisition,,,,,,,,False
HBCP,Home Bancorp,Finance,Banks,,,,,,,,False
HBI,Hanesbrands,Consumer Non-Durables,Apparel,,,,,,,,False
HBIO,Harvard Bioscience,Capital Goods,Biotechnology: Laboratory Analytical Instruments,,,,,,,,False
HBM,Hudbay Minerals (Canada), Acquisition, Acquisition,,,,,,,,False
HBNC,Horizon Bancorp,Finance,Major Banks,,,,,,,,False
HBT,HBT Financial,Finance,Commercial Banks,,,,,,,,False
HCA,HCA Healthcare,Health Care,Hospital/Nursing Management,,,,,,,,False
HCAR,Healthcare Services Acquisition Corporation Class A, Acquisition, Acquisition,,,,,,,,False
HCARU,Healthcare Services Acquisition Corporation Unit, Acquisition, Acquisition,,,,,,,,False
HCAT,Health Catalyst,Health Care,Managed Health Care,,,,,,,,False
HCC,Warrior Met Coal, Acquisition, Acquisition,,,,,,,,False
HCCI,Heritage-Crystal Clean,Public Utilities,Water Supply,,,,,,,,False
HCDI,Harbor Custom Development,Consumer Services,Building operators,,,,,,,,False
HCDIP,Harbor Custom Development 80% Series A Cumulative Convertible Preferred Stock no par value,Consumer Services,Building operators,,,,,,,,False
HCI,HCI Group,Finance,Property-Casualty Insurers,,,,,,,,False
HCIC,Hennessy Capital Investment Corp V Class A, Acquisition, Acquisition,,,,,,,,False
HCICU,Hennessy Capital Investment Corp V Units , Acquisition, Acquisition,,,,,,,,False
HCICW,Hennessy Capital Investment Corp V Warrant, Acquisition, Acquisition,,,,,,,,False
HCII,Hudson Executive Investment Corp II Class A, Acquisition, Acquisition,,,,,,,,False
HCIIU,Hudson Executive Investment Corp II Unit, Acquisition, Acquisition,,,,,,,,False
HCKT,Hackett Group (The),Technology,Retail: Computer Software & Peripheral Equipment,,,,,,,,False
HCM,HUTCHMED (China) Limited American Depositary Shares,Health Care,Biotechnology: Pharmaceutical Preparations,,,,,,,,False
HCNE,Jaws Hurricane Acquisition Corp Class A, Acquisition, Acquisition,,,,,,,,False
HCP,HashiCorp Class A,Technology,EDP Services,,,,,,,,False
HCSG,Healthcare Services Group,Health Care,Assisted Living Services,,,,,,,,False
HCTI,Healthcare Triangle,Technology,Retail: Computer Software & Peripheral Equipment,,,,,,,,False
HCVI,Hennessy Capital Investment Corp VI Class A, Acquisition, Acquisition,,,,,,,,False
HCVIU,Hennessy Capital Investment Corp VI Unit, Acquisition, Acquisition,,,,,,,,False
HCWB,HCW Biologics,Health Care,Biotechnology: Pharmaceutical Preparations,,,,,,,,False
HCXY,Hercules Capital 625% Notes due 2033,Finance,Investment Managers,,,,,,,,False
HD,Home Depot (The),Consumer Services,RETAIL: Building Materials,,,,,,,,False
HDB,HDFC Bank Limited,Finance,Commercial Banks,,,,,,,,False
HDSN,Hudson Technologies,Basic Industries,Specialty Chemicals,,,,,,,,False
HE,Hawaiian Electric Industries, Acquisition, Acquisition,,,,,,,,False
HEAR,Turtle Beach Corporation,Consumer Non-Durables,Consumer Electronics/Appliances,,,,,,,,False
HEES,H&E Equipment Services,Technology,Engineering & Construction,,,,,,,,False
HEI,Heico Corporation,Capital Goods,Military/Government/Technical,,,,,,,,False
HELE,Helen of Troy Limited,Consumer Durables,Home Furnishings,,,,,,,,False
HEP,Holly Energy Partners LP, Acquisition, Acquisition,,,,,,,,False
HEPA,Hepion Pharmaceuticals,Health Care,Biotechnology: Pharmaceutical Preparations,,,,,,,,False
HEPS,D-Market Electronic Services & Trading American Depositary Shares, Acquisition, Acquisition,,,,,,,,False
HEQ,John Hancock Hedged Equity &ome Fund Common Shares of Beneficial Interest,Finance,Investment Managers,,,,,,,,False
HERA,FTAC Hera Acquisition Corp Class A Ordinary Shares, Acquisition, Acquisition,,,,,,,,False
HERAU,FTAC Hera Acquisition Corp Units, Acquisition, Acquisition,,,,,,,,False
HES,Hess Corporation,Energy,Oil & Gas Production,,,,,,,,False
HESM,Hess Midstream LP Class A Share,Energy,Oilfield Services/Equipment,,,,,,,,False
HEXO,HEXO Corp Common Shares, Acquisition, Acquisition,,,,,,,,False
HFBL,Home Federal Bancorp of Louisiana,Finance,Savings Institutions,,,,,,,,False
HFC,HollyFrontier Corporation,Energy,Integrated oil Companies,,,,,,,,False
HFFG,HF Foods Group,Consumer Non-Durables,Food Distributors,,,,,,,,False
HFRO,Highlandome Fund,Finance,Finance/Investors Services,,,,,,,,False
HFWA,Heritage Financial Corporation,Finance,Banks,,,,,,,,False
HGBL,Heritage Global,Finance,Investment Bankers/Brokers/Service,,,,,,,,False
HGEN,Humanigen,Health Care,Biotechnology: Pharmaceutical Preparations,,,,,,,,False
HGH,Hartford Financial Services Group (The) 7875% Fixed to Floating Rate Junior Subordinated Debentures due 2042,Finance,Property-Casualty Insurers,,,,,,,,False
HGLB,Highland Global Allocation Fund,Finance,Trusts Except Educational Religious and Charitable,,,,,,,,False
HGSH,China HGS Real Estate,Consumer Services,Building operators,,,,,,,,False
HGTY,Hagerty Class A,Finance,Specialty Insurers,,,,,,,,False
HGV,Hilton Grand Vacations ,Consumer Services,Hotels/Resorts,,,,,,,,False
HHC,Howard Hughes Corporation (The),Consumer Services,Real Estate Investment Trusts,,,,,,,,False
HHGC,HHG Capital Corporation Ordinary Shares, Acquisition, Acquisition,,,,,,,,False
HHGCU,HHG Capital Corporation Units, Acquisition, Acquisition,,,,,,,,False
HHLA,HH&L Acquisition Co Class A Ordinary Shares,Finance,Business Services,,,,,,,,False
HHR,HeadHunter Group PLC American Depositary Shares,Technology,Professional Services,,,,,,,,False
HHS,Harte-Hanks,Technology,Advertising,,,,,,,,False
HI,Hillenbrand,Miscellaneous,Consumer Specialties,,,,,,,,False
HIBB,Hibbett,Consumer Non-Durables,Apparel,,,,,,,,False
HIE,Miller/Howard Highome Equity Fund Common Shares of Beneficial Interest,Finance,Trusts Except Educational Religious and Charitable,,,,,,,,False
HIFS,Hingham Institution for Savings,Finance,Major Banks,,,,,,,,False
HIG,Hartford Financial Services Group (The),Finance,Property-Casualty Insurers,,,,,,,,False
HIGA,HIG Acquisition Corp Class A Ordinary Shares,Finance,Business Services,,,,,,,,False
HIHO,Highway Holdings Limited,Capital Goods,Industrial Machinery/Components,,,,,,,,False
HII,Huntington Ingalls Industries,Capital Goods,Metal Fabrications,,,,,,,,False
HIII,Hudson Executive Investment Corp III Class A, Acquisition, Acquisition,,,,,,,,False
HIIIU,Hudson Executive Investment Corp III Unit, Acquisition, Acquisition,,,,,,,,False
HIL,Hill International,Consumer Services,Military/Government/Technical,,,,,,,,False
HILS,Hillstream BioPharma,Health Care,Biotechnology: Pharmaceutical Preparations,,,,,,,,False
HIMS,Hims & Hers Health Class A,Consumer Non-Durables,Package Goods/Cosmetics,,,,,,,,False
HIMX,Himax Technologies American Depositary Shares,Technology,Semiconductors,,,,,,,,False
HIO,Western Asset Highome Opportunity Fund,Finance,Finance/Investors Services,,,,,,,,False
HIPO,Hippo Holdings, Acquisition, Acquisition,,,,,,,,False
HITI,High Tide Common Shares, Acquisition, Acquisition,,,,,,,,False
HIVE,Hive Blockchain Technologies Ltd Common Shares, Acquisition, Acquisition,,,,,,,,False
HIW,Highwoods Properties,Consumer Services,Real Estate Investment Trusts,,,,,,,,False
HIX,Western Asset Highome Fund II,Finance,Finance/Investors Services,,,,,,,,False
HL,Hecla Mining Company,Basic Industries,Precious Metals,,,,,,,,False
HLAH,Hamilton Lane Alliance Holdings I Class A, Acquisition, Acquisition,,,,,,,,False
HLAHU,Hamilton Lane Alliance Holdings I Unit, Acquisition, Acquisition,,,,,,,,False
HLBZ,Helbiz Class A,Consumer Services,Other Specialty Stores,,,,,,,,False
HLF,Herbalife Nutrition Ltd,Health Care,Other Pharmaceuticals,,,,,,,,False
HLG,Hailiang Education Group American Depositary Shares,Consumer Services,Other Consumer Services,,,,,,,,False
HLGN,Heliogen, Acquisition, Acquisition,,,,,,,,False
HLI,Houlihan Lokey Class A,Finance,Investment Managers,,,,,,,,False
HLIO,Helios Technologies,Capital Goods,Fluid Controls,,,,,,,,False
HLIT,Harmonic,Technology,Radio And Television Broadcasting And Communications Equipment,,,,,,,,False
HLLY,Holley,Capital Goods,Auto Parts:OEM,,,,,,,,False
HLMN,Hillman Solutions Corp,Capital Goods,Industrial Specialties,,,,,,,,False
HLNE,Hamilton Laneorporated Class A,Finance,Investment Managers,,,,,,,,False
HLT,Hilton Worldwide Holdings ,Consumer Services,Hotels/Resorts,,,,,,,,False
HLTH,Cue Health,Technology,Computer Software: Prepackaged Software,,,,,,,,False
HLX,Helix Energy Solutions Group,Energy,Oilfield Services/Equipment,,,,,,,,False
HMC,Honda Motor Company Ltd,Capital Goods,Auto Manufacturing,,,,,,,,False
HMCO,HumanCo Acquisition Corp Class A, Acquisition, Acquisition,,,,,,,,False
HMCOU,HumanCo Acquisition Corp Unit, Acquisition, Acquisition,,,,,,,,False
HMCOW,HumanCo Acquisition Corp Warrant, Acquisition, Acquisition,,,,,,,,False
HMLP,Hoegh LNG Partners LP Common Units representing Limited Partner Interests,Transportation,Marine Transportation,,,,,,,,False
HMN,Horace Mann Educators Corporation,Finance,Property-Casualty Insurers,,,,,,,,False
HMNF,HMN Financial,Finance,Savings Institutions,,,,,,,,False
HMPT,Home Point Capital,Finance,Finance: Consumer Services,,,,,,,,False
HMST,HomeStreet,Finance,Banks,,,,,,,,False
HMTV,Hemisphere Media Group Class A,Consumer Services,Television Services,,,,,,,,False
HMY,Harmony Gold Mining Company Limited,Basic Industries,Precious Metals,,,,,,,,False
HNGR,Hanger,Health Care,Medical Specialities,,,,,,,,False
HNI,HNI Corporation,Consumer Durables,Office Equipment/Supplies/Services,,,,,,,,False
HNNA,Hennessy Advisors,Finance,Investment Managers,,,,,,,,False
HNNAZ,Hennessy Advisors 4875% Notes due 2026, Acquisition, Acquisition,,,,,,,,False
HNP,Huaneng Power Intl,Public Utilities,Electric Utilities: Central,,,,,,,,False
HNRG,Hallador Energy Company,Energy,Coal Mining,,,,,,,,False
HNST,The Honest Company,Consumer Non-Durables,Department/Specialty Retail Stores,,,,,,,,False
HNW,Pioneer Diversified Highome Fund,Finance,Finance/Investors Services,,,,,,,,False
HOFT,Hooker Furnishings Corporation,Consumer Durables,Home Furnishings,,,,,,,,False
HOFV,Hall of Fame Resort & Entertainment Company,Consumer Services,Movies/Entertainment,,,,,,,,False
HOG,Harley-Davidson,Consumer Non-Durables,Motor Vehicles,,,,,,,,False
HOLI,Hollysys Automation Technologies Ltd Common Shares (British Virgin Islands),Consumer Durables,Electrical Products,,,,,,,,False
HOLX,Hologic,Health Care,Medical Electronics,,,,,,,,False
HOMB,Home BancShares,Finance,Major Banks,,,,,,,,False
HON,Honeywell International, Acquisition, Acquisition,,,,,,,,False
HONE,HarborOne Bancorp,Finance,Major Banks,,,,,,,,False
HOOD,Robinhood Markets Class A,Technology,Computer Software: Prepackaged Software,,,,,,,,False
HOOK,HOOKIPA Pharma,Health Care,Biotechnology: Pharmaceutical Preparations,,,,,,,,False
HOPE,Hope Bancorp,Finance,Major Banks,,,,,,,,False
HORIU,Emerging Markets Horizon Corp Unit, Acquisition, Acquisition,,,,,,,,False
HOTH,Hoth Therapeutics,Consumer Durables,Specialty Chemicals,,,,,,,,False
HOUR,Hour Loop,Miscellaneous,Diversified Commercial Services,,,,,,,,False
HOV,Hovnanian Enterprises Class A,Capital Goods,Homebuilding,,,,,,,,False
HOVNP,Hovnanian Enterprises Dep Shr Srs A Pfd,Capital Goods,Homebuilding,,,,,,,,False
HOWL,Werewolf Therapeutics,Health Care,Biotechnology: Pharmaceutical Preparations,,,,,,,,False
HP,Helmerich & Payne,Energy,Oil & Gas Production,,,,,,,,False
HPE,Hewlett Packard Enterprise Company,Capital Goods,Telecommunications Equipment,,,,,,,,False
HPF,John Hancock Pfdome Fund II Pfdome Fund II,Finance,Finance Companies,,,,,,,,False
HPI,John Hancock Preferredome Fund Common Shares of Beneficial Interest,Finance,Trusts Except Educational Religious and Charitable,,,,,,,,False
HPK,HighPeak Energy,Energy,Oil & Gas Production,,,,,,,,False
HPKEW,HighPeak Energy Warrant,Energy,Oil & Gas Production,,,,,,,,False
HPLT,Home Plate Acquisition Corporation Class A, Acquisition, Acquisition,,,,,,,,False
HPLTU,Home Plate Acquisition Corporation Unit, Acquisition, Acquisition,,,,,,,,False
HPP,Hudson Pacific Properties,Consumer Services,Real Estate Investment Trusts,,,,,,,,False
HPQ,HP,Technology,Computer Manufacturing,,,,,,,,False
HPS,John Hancock Preferredome Fund III Preferredome Fund III,Finance,Investment Managers,,,,,,,,False
HPX,HPX Corp Class A Ordinary Shares,Finance,Business Services,,,,,,,,False
HQH,Tekla Healthcare Investors,Finance,Finance Companies,,,,,,,,False
HQI,HireQuest (DE),Technology,Diversified Commercial Services,,,,,,,,False
HQL,TeklaLife Sciences Investors,Finance,Investment Managers,,,,,,,,False
HQY,HealthEquity,Health Care,Managed Health Care,,,,,,,,False
HR,Healthcare Realty Trustorporated,Consumer Services,Real Estate Investment Trusts,,,,,,,,False
HRB,H&R Block,Miscellaneous,Other Consumer Services,,,,,,,,False
HRI,Herc Holdings ,Technology,Diversified Commercial Services,,,,,,,,False
HRL,Hormel Foods Corporation,Consumer Non-Durables,Meat/Poultry/Fish,,,,,,,,False
HRMY,Harmony Biosciences Holdings,Health Care,Biotechnology: Pharmaceutical Preparations,,,,,,,,False
HROW,Harrow Health,Health Care,Biotechnology: Pharmaceutical Preparations,,,,,,,,False
HROWL,Harrow Health 8625% Senior Notes due 2026, Acquisition, Acquisition,,,,,,,,False
HRT,HireRight Holdings Corporation, Acquisition, Acquisition,,,,,,,,False
HRTG,Heritage Insurance Holdings,Finance,Property-Casualty Insurers,,,,,,,,False
HRTX,Heron Therapeutics,Consumer Durables,Specialty Chemicals,,,,,,,,False
HRZN,Horizon Technology Finance Corporation,Finance,Finance/Investors Services,,,,,,,,False
HSAQ,Health Sciences Acquisitions Corporation 2 Ordinary Shares,Finance,Business Services,,,,,,,,False
HSBC,HSBC Holdings plc,Finance,Savings Institutions,,,,,,,,False
HSC,Harsco Corporation,Basic Industries,Steel/Iron Ore,,,,,,,,False
HSDT,Helius Medical Technologies Class A (DE),Health Care,Industrial Specialties,,,,,,,,False
HSIC,Henry Schein,Health Care,Medical Specialities,,,,,,,,False
HSII,Heidrick & Struggles International,Technology,Diversified Commercial Services,,,,,,,,False
HSKA,Heska Corporation,Health Care,Biotechnology: Electromedical & Electrotherapeutic Apparatus,,,,,,,,False
HSON,Hudson Global,Technology,Professional Services,,,,,,,,False
HST,Host Hotels & Resorts,Consumer Services,Real Estate Investment Trusts,,,,,,,,False
HSTM,HealthStream,Miscellaneous,Business Services,,,,,,,,False
HSTO,Histogen,Consumer Durables,Specialty Chemicals,,,,,,,,False
HSY,The Hershey Company,Consumer Non-Durables,Specialty Foods,,,,,,,,False
HT,Hersha Hospitality Trust Class A Common Shares of Beneficial Interest,Consumer Services,Real Estate Investment Trusts,,,,,,,,False
HTA,Healthcare Trust of America Class A,Consumer Services,Real Estate Investment Trusts,,,,,,,,False
HTAQ,Hunt Companies Acquisition Corp I Class A Ordinary Shares, Acquisition, Acquisition,,,,,,,,False
HTBI,HomeTrust Bancshares,Finance,Savings Institutions,,,,,,,,False
HTBK,Heritage Commerce Corp,Finance,Major Banks,,,,,,,,False
HTBX,Heat Biologics,Health Care,Biotechnology: Pharmaceutical Preparations,,,,,,,,False
HTD,John Hancock Tax Advantaged Dividendome Fund Common Shares of Beneficial Interest,Finance,Finance Companies,,,,,,,,False
HTFB,Horizon Technology Finance Corporation 4875% Notes due 2026,Finance,Finance Companies,,,,,,,,False
HTGC,Hercules Capital,Finance,Investment Managers,,,,,,,,False
HTGM,HTG Molecular Diagnostics,Capital Goods,Biotechnology: Laboratory Analytical Instruments,,,,,,,,False
HTH,Hilltop Holdings,Finance,Major Banks,,,,,,,,False
HTHT,Huazhu Group Limited American Depositary Shares,Consumer Services,Hotels/Resorts,,,,,,,,False
HTIA,Healthcare Trust 7375% Series A Cumulative Redeemable Perpetual Preferred Stock,Consumer Services,Real Estate Investment Trusts,,,,,,,,False
HTIBP,Healthcare Trust 7125% Series B Cumulative Redeemable Perpetual Preferred Stock,Consumer Services,Real Estate Investment Trusts,,,,,,,,False
HTLD,Heartland Express,Transportation,Trucking Freight/Courier Services,,,,,,,,False
HTLF,Heartland Financial USA,Finance,Major Banks,,,,,,,,False
HTLFP,Heartland Financial USA Depositary Shares each representing a 1/400th ownership interest in a share of 700% Fixed-Rate Reset Non-Cumulative Perpetual Preferred Stock Series E,Finance,Major Banks,,,,,,,,False
HTOO,Fusion Fuel Green PLC Class A Ordinary Shares,Public Utilities,Natural Gas Distribution,,,,,,,,False
HTOOW,Fusion Fuel Green PLC Warrant,Public Utilities,Natural Gas Distribution,,,,,,,,False
HTPA,Highland Transcend Partners I Corp Class A Ordinary Shares,Finance,Business Services,,,,,,,,False
HTY,John Hancock Tax-Advantaged Global Shareholder Yield Fund Common Shares of Beneficial Interest,Finance,Trusts Except Educational Religious and Charitable,,,,,,,,False
HTZ,Hertz Global Holdings,Miscellaneous,Rental/Leasing Companies,,,,,,,,False
HUBB,Hubbell,Capital Goods,Industrial Machinery/Components,,,,,,,,False
HUBG,Hub Group Class A,Transportation,Oil Refining/Marketing,,,,,,,,False
HUBS,HubSpot,Technology,Computer Software: Prepackaged Software,,,,,,,,False
HUDI,Huadi International Group Co Ltd Ordinary Shares,Basic Industries,Steel/Iron Ore,,,,,,,,False
HUGE,FSD Pharma Class B Subordinate Voting Shares, Acquisition, Acquisition,,,,,,,,False
HUGS,USHG Acquisition Corp Class A, Acquisition, Acquisition,,,,,,,,False
HUIZ,Huize Holding Limited American Depositary Shares,Finance,Specialty Insurers,,,,,,,,False
HUM,Humana,Health Care,Medical Specialities,,,,,,,,False
HUMA,Humacyte,Health Care,Biotechnology: Pharmaceutical Preparations,,,,,,,,False
HUN,Huntsman Corporation,Basic Industries,Major Chemicals,,,,,,,,False
HURC,Hurco Companies,Basic Industries,Steel/Iron Ore,,,,,,,,False
HURN,Huron Consulting Group,Consumer Services,Professional Services,,,,,,,,False
HUSA,Houston American Energy Corporation,Energy,Oil & Gas Production,,,,,,,,False
HUSN,Hudson Capital,Consumer Services,Professional Services,,,,,,,,False
HUT,Hut 8 Mining Corp Common Shares, Acquisition, Acquisition,,,,,,,,False
HUYA,HUYA American depositary shares each  representing one Class A ordinary share,Consumer Services,Broadcasting,,,,,,,,False
HVBC,HV Bancorp,Finance,Major Banks,,,,,,,,False
HVT,Haverty Furniture Companies,Consumer Services,Other Specialty Stores,,,,,,,,False
HWBK,Hawthorn Bancshares,Finance,Major Banks,,,,,,,,False
HWC,Hancock Whitney Corporation,Finance,Major Banks,,,,,,,,False
HWCPZ,Hancock Whitney Corporation 625% Subordinated Notes due 2060,Finance,Major Banks,,,,,,,,False
HWEL,Healthwell Acquisition Corp I Class A, Acquisition, Acquisition,,,,,,,,False
HWKN,Hawkins,Basic Industries,Industrial Specialties,,,,,,,,False
HWM,Howmet Aerospace,Capital Goods,Industrial Machinery/Components,,,,,,,,False
HXL,Hexcel Corporation,Capital Goods,Industrial Machinery/Components,,,,,,,,False
HY,Hyster-Yale Materials Handling Class A,Capital Goods,Construction/Ag Equipment/Trucks,,,,,,,,False
HYAC,Haymaker Acquisition Corp III Class A, Acquisition, Acquisition,,,,,,,,False
HYB,New America Highome Fund (The),Finance,Investment Managers,,,,,,,,False
HYFM,Hydrofarm Holdings Group,Capital Goods,Industrial Machinery/Components,,,,,,,,False
HYI,Western Asset High Yield Defined Opportunity Fund,Finance,Investment Managers,,,,,,,,False
HYLN,Hyliion Holdings Corp Class A,Capital Goods,Auto Parts:OEM,,,,,,,,False
HYMC,Hycroft Mining Holding Corporation Class A,Basic Industries,Precious Metals,,,,,,,,False
HYMCL,Hycroft Mining Holding Corporation Warrants,Basic Industries,Precious Metals,,,,,,,,False
HYPR,Hyperfine Class A,Health Care,Medical Specialities,,,,,,,,False
HYRE,HyreCar,Miscellaneous,Rental/Leasing Companies,,,,,,,,False
HYT,Blackrock Corporate High Yield Fund,Finance,Finance Companies,,,,,,,,False
HYW,Hywin Holdings Ltd American Depositary Shares,Finance,Investment Managers,,,,,,,,False
HYZN,Hyzon Motors Class A,Capital Goods,Construction/Ag Equipment/Trucks,,,,,,,,False
HZN,Horizon Global Corporation Common Shares,Capital Goods,Auto Parts:OEM,,,,,,,,False
HZNP,Horizon Therapeutics Public Limited Company Ordinary Shares,Health Care,Biotechnology: Pharmaceutical Preparations,,,,,,,,False
HZO,MarineMax  (FL),Consumer Services,Other Specialty Stores,,,,,,,,False
HZON,Horizon Acquisition Corporation II Class A Ordinary Shares,Finance,Business Services,,,,,,,,False
IAA,IAA ,Miscellaneous,Business Services,,,,,,,,False
IAC,IAC/InterActiveCorp,Consumer Services,EDP Services,,,,,,,,False
IACC,ION Acquisition Corp 3 Ltd Class A Ordinary Shares, Acquisition, Acquisition,,,,,,,,False
IAE,Voya Asia Pacific High Dividend Equityome Fund ING Asia Pacific High Dividend Equityome Fund Common Shares of Beneficial Interest,Finance,Trusts Except Educational Religious and Charitable,,,,,,,,False
IAF,Aberdeen Australia Equity Fund,Finance,Finance/Investors Services,,,,,,,,False
IAG,Iamgold Corporation Ordinary Shares, Acquisition, Acquisition,,,,,,,,False
IART,Integra LifeSciences Holdings Corporation,Health Care,Medical/Dental Instruments,,,,,,,,False
IAS,Integral Ad Science Holding Corp,Technology,Advertising,,,,,,,,False
IBA,Industrias Bachoco SAB de CV,Consumer Non-Durables,Meat/Poultry/Fish,,,,,,,,False
IBCP,Independent Bank Corporation,Finance,Major Banks,,,,,,,,False
IBER,Ibere Pharmaceuticals Class A Ordinary Shares, Acquisition, Acquisition,,,,,,,,False
IBEX,IBEX Limited Common Shares,Technology,EDP Services,,,,,,,,False
IBIO,iBio,Health Care,Biotechnology: Pharmaceutical Preparations,,,,,,,,False
IBKR,Interactive Brokers Group Class A,Finance,Investment Bankers/Brokers/Service,,,,,,,,False
IBM,International Business Machines Corporation,Technology,EDP Services,,,,,,,,False
IBN,ICICI Bank Limited,Finance,Commercial Banks,,,,,,,,False
IBOC,International Bancshares Corporation,Finance,Major Banks,,,,,,,,False
IBP,Installed Building Products,Capital Goods,Homebuilding,,,,,,,,False
IBRX,ImmunityBio,Health Care,Biotechnology: Commercial Physical & Biological Resarch,,,,,,,,False
IBTX,Independent Bank Group,Finance,Major Banks,,,,,,,,False
ICAD,iCAD,Health Care,Managed Health Care,,,,,,,,False
ICCC,ImmuCell Corporation,Health Care,Biotechnology: Pharmaceutical Preparations,,,,,,,,False
ICCH,ICC Holdings,Finance,Property-Casualty Insurers,,,,,,,,True
ICCM,IceCure Medical Ltd Ordinary Shares, Acquisition, Acquisition,,,,,,,,False
ICD,Independence Contract Drilling,Energy,Oil & Gas Production,,,,,,,,False
ICE,Intercontinental Exchange,Finance,Investment Bankers/Brokers/Service,,,,,,,,False
ICFI,ICF International,Consumer Services,Professional Services,,,,,,,,False
ICHR,Ichor Holdings Ordinary Shares,Technology,Semiconductors,,,,,,,,False
ICL,ICL Group Ltd Ordinary Shares,Basic Industries,Agricultural Chemicals,,,,,,,,False
ICLK,iClick Interactive Asia Group Limited American Depositary Shares,Technology,Computer Software: Prepackaged Software,,,,,,,,False
ICLR,ICON plc Ordinary Shares,Health Care,Biotechnology: Commercial Physical & Biological Resarch,,,,,,,,False
ICMB,Investcorp Credit Management BDC,Finance,Finance/Investors Services,,,,,,,,False
ICNC,Iconic Sports Acquisition Corp Class A Ordinary Shares, Acquisition, Acquisition,,,,,,,,False
ICPT,Intercept Pharmaceuticals,Health Care,Biotechnology: Pharmaceutical Preparations,,,,,,,,False
ICUI,ICU Medical,Health Care,Medical/Dental Instruments,,,,,,,,False
ICVX,Icosavax,Health Care,Biotechnology: Pharmaceutical Preparations,,,,,,,,False
ID,PARTS iD Class A,Miscellaneous,Diversified Commercial Services,,,,,,,,False
IDA,IDACORP,Public Utilities,Electric Utilities: Central,,,,,,,,False
IDBA,IDEX Biometrics ASA American Depositary Shares,Miscellaneous,Diversified Manufacture,,,,,,,,False
IDCC,InterDigital,Public Utilities,Telecommunications Equipment,,,,,,,,False
IDE,Voya Infrastructure Industrials and Materials Fund Common Shares of Beneficial Interest,Finance,Finance/Investors Services,,,,,,,,False
IDEX,Ideanomics,Technology,Engineering & Construction,,,,,,,,False
IDN,Intellicheck,Technology,Retail: Computer Software & Peripheral Equipment,,,,,,,,False
IDRA,Idera Pharmaceuticals,Health Care,Biotechnology: Biological Products (No Diagnostic Substances),,,,,,,,False
IDT,IDT Corporation Class B,Public Utilities,Telecommunications Equipment,,,,,,,,False
IDW,IDW Media Holdings Class B,Consumer Services,Newspapers/Magazines,,,,,,,,False
IDXX,IDEXX Laboratories,Health Care,Biotechnology: In Vitro & In Vivo Diagnostic Substances,,,,,,,,False
IDYA,IDEAYA Biosciences,Health Care,Biotechnology: Pharmaceutical Preparations,,,,,,,,False
IEA,Infrastructure and Energy Alternatives,Basic Industries,Water Sewer Pipeline Comm & Power Line Construction,,,,,,,,False
IEP,Icahn Enterprises LP, Acquisition, Acquisition,,,,,,,,False
IESC,IES Holdings,Capital Goods,Engineering & Construction,,,,,,,,False
IEX,IDEX Corporation,Capital Goods,Fluid Controls,,,,,,,,False
IFBD,Infobird Co Ltd Ordinary Shares, Acquisition, Acquisition,,,,,,,,False
IFF,International Flavors & Fragrances,Basic Industries,Major Chemicals,,,,,,,,False
IFIN,InFinT Acquisition Corporation Class A Ordinary Shares, Acquisition, Acquisition,,,,,,,,False
IFN,India Fund (The),Finance,Finance/Investors Services,,,,,,,,False
IFRX,InflaRx NV,Health Care,Biotechnology: Pharmaceutical Preparations,,,,,,,,False
IFS,Intercorp Financial Services Common Shares,Finance,Commercial Banks,,,,,,,,False
IGA,Voya Global Advantage and Premium Opportunity Fund Common Shares of Beneficial Interest,Finance,Investment Managers,,,,,,,,False
IGAC,IG Acquisition Corp Class A, Acquisition, Acquisition,,,,,,,,False
IGACU,IG Acquisition Corp Unit, Acquisition, Acquisition,,,,,,,,False
IGAP,Integrity Applications,Health Care,Medical/Dental Instruments,,,,,,,,False
IGC,India Globalization Capital,Technology,Engineering & Construction,,,,,,,,False
IGD,Voya Global Equity Dividend and Premium Opportunity Fund,Finance,Trusts Except Educational Religious and Charitable,,,,,,,,False
IGI,Western Asset Investment Grade Defined Opportunity Trust,Finance,Investment Managers,,,,,,,,False
IGIC,International General Insurance Holdings Ltd Ordinary Share,Finance,Property-Casualty Insurers,,,,,,,,False
IGMS,IGM Biosciences,Health Care,Biotechnology: Pharmaceutical Preparations,,,,,,,,False
IGR,CBRE Global Real Estateome Fund Common Shares of Beneficial Interest,Finance,Finance Companies,,,,,,,,False
IGT,International Game Technology Ordinary Shares,Consumer Services,Movies/Entertainment,,,,,,,,False
IGTAU,Inception Growth Acquisition Limited Unit, Acquisition, Acquisition,,,,,,,,False
IH,iHuman American depositary shares each representing five Class A ordinary shares,Consumer Services,Other Consumer Services,,,,,,,,False
IHD,Voya Emerging Markets Highome Dividend Equity Fund Common Shares,Finance,Investment Managers,,,,,,,,False
IHG,Intercontinental Hotels Group American Depositary Shares (Each representing one Ordinary Share),Consumer Services,Hotels/Resorts,,,,,,,,False
IHIT,Invesco Highome 2023 Target Term Fund Common Shares of Beneficial Interest,Finance,Investment Managers,,,,,,,,False
IHRT,iHeartMedia Class A,Consumer Services,Broadcasting,,,,,,,,False
IHS,IHS Holding Limited Ordinary Shares, Acquisition, Acquisition,,,,,,,,False
IHT,InnSuites Hospitality Trust Shares of Beneficial Interest,Consumer Services,Real Estate Investment Trusts,,,,,,,,False
IHTA,Invesco Highome 2024 Target Term Fund Common Shares of Beneficial Interest No par value per share,Finance,Finance/Investors Services,,,,,,,,False
IIF,Morgan Stanley India Investment Fund,Finance,Trusts Except Educational Religious and Charitable,,,,,,,,False
III,Information Services Group Information Services Group,Technology,Retail: Computer Software & Peripheral Equipment,,,,,,,,False
IIII,INSU Acquisition Corp III Class A, Acquisition, Acquisition,,,,,,,,False
IIIIU,INSU Acquisition Corp III Unit, Acquisition, Acquisition,,,,,,,,False
IIIIW,INSU Acquisition Corp III Warrant, Acquisition, Acquisition,,,,,,,,False
IIIN,Insteel Industries, Acquisition, Acquisition,,,,,,,,False
IIIV,i3 Verticals Class A,Technology,EDP Services,,,,,,,,False
IIM,Invesco Value Municipalome Trust,Finance,Investment Managers,,,,,,,,False
IIN,Intricon Corporation,Health Care,Medical/Dental Instruments,,,,,,,,False
IINN,Inspira Technologies Oxy BHN Ltd Ordinary Shares,Health Care,Medical/Dental Instruments,,,,,,,,False
IINNW,Inspira Technologies Oxy BHN Ltd Warrant,Health Care,Medical/Dental Instruments,,,,,,,,False
IIPR,Innovative Industrial Properties,Consumer Services,Real Estate Investment Trusts,,,,,,,,False
IIVI,II-VIorporated,Capital Goods,Industrial Machinery/Components,,,,,,,,False
IIVIP,II-VIorporated 600% Series A Mandatory Convertible Preferred Stock,Capital Goods,Industrial Machinery/Components,,,,,,,,False
IKNA,Ikena Oncology,Health Care,Biotechnology: Pharmaceutical Preparations,,,,,,,,False
IKT,Inhibikase Therapeutics,Health Care,Biotechnology: Pharmaceutical Preparations,,,,,,,,False
ILMN,Illumina,Health Care,Medical Specialities,,,,,,,,False
ILPT,Industrial Logistics Properties Trust Common Shares of Beneficial Interest,Consumer Services,Real Estate Investment Trusts,,,,,,,,False
IMAB,I-MAB American Depositary Shares,Health Care,Biotechnology: Pharmaceutical Preparations,,,,,,,,False
IMAC,IMAC Holdings,Health Care,Medical Specialities,,,,,,,,False
IMAQ,International Media Acquisition Corp Class A, Acquisition, Acquisition,,,,,,,,False
IMAQU,International Media Acquisition Corp Unit, Acquisition, Acquisition,,,,,,,,False
IMAX,Imax Corporation, Acquisition, Acquisition,,,,,,,,False
IMBI,iMedia Brands Class A,Consumer Services,Catalog/Specialty Distribution,,,,,,,,False
IMBIL,iMedia Brands 85% Senior Notes Due 2026, Acquisition, Acquisition,,,,,,,,False
IMCC,IM Cannabis Corp Common Shares, Acquisition, Acquisition,,,,,,,,False
IMCR,Immunocore Holdings plc American Depositary Shares,Health Care,Biotechnology: Biological Products (No Diagnostic Substances),,,,,,,,False
IMGN,ImmunoGen,Health Care,Biotechnology: Pharmaceutical Preparations,,,,,,,,False
IMGO,Imago BioSciences,Health Care,Biotechnology: Pharmaceutical Preparations,,,,,,,,False
IMH,Impac Mortgage Holdings ,Finance,Finance: Consumer Services,,,,,,,,False
IMKTA,Ingles Marketsorporated Class A,Consumer Services,Food Chains,,,,,,,,False
IMMP,Immutep Limited American Depositary Shares,Health Care,Biotechnology: Pharmaceutical Preparations,,,,,,,,False
IMMR,Immersion Corporation,Technology,Computer peripheral equipment,,,,,,,,False
IMMX,Immix Biopharma,Consumer Durables,Specialty Chemicals,,,,,,,,False
IMNM,Immunome,Consumer Durables,Specialty Chemicals,,,,,,,,False
IMO,Imperial Oil Limited, Acquisition, Acquisition,,,,,,,,False
IMOS,ChipMOS TECHNOLOGIES American Depositary Shares,Technology,Semiconductors,,,,,,,,False
IMPL,Impel NeuroPharma,Health Care,Biotechnology: Pharmaceutical Preparations,,,,,,,,False
IMPP,Imperial Petroleum Common Shares, Acquisition, Acquisition,,,,,,,,False
IMPPP,Imperial Petroleum 875% Series A Cumulative Redeemable Perpetual Preferred Shares, Acquisition, Acquisition,,,,,,,,False
IMPX,AEA-Bridges Impact Corp Class A Ordinary Shares,Finance,Business Services,,,,,,,,False
IMRA,IMARA,Health Care,Biotechnology: Biological Products (No Diagnostic Substances),,,,,,,,False
IMRN,Immuron Limited American Depositary Shares,Health Care,Biotechnology: Pharmaceutical Preparations,,,,,,,,False
IMRX,Immuneering Corporation Class A,Health Care,Biotechnology: Pharmaceutical Preparations,,,,,,,,False
IMTE,Integrated Media Technology Limited Ordinary Shares,Consumer Non-Durables,Consumer Electronics/Appliances,,,,,,,,False
IMTX,Immatics NV Ordinary Shares,Health Care,Biotechnology: Biological Products (No Diagnostic Substances),,,,,,,,False
IMUX,Immunic,Health Care,Biotechnology: Pharmaceutical Preparations,,,,,,,,False
IMV,IMV Common Shares, Acquisition, Acquisition,,,,,,,,False
IMVT,Immunovant,Health Care,Biotechnology: Pharmaceutical Preparations,,,,,,,,False
IMXI,International Money Express,Technology,Retail: Computer Software & Peripheral Equipment,,,,,,,,False
INAB,IN8bio,Health Care,Biotechnology: Pharmaceutical Preparations,,,,,,,,False
INAQ,Insight Acquisition Corp Class A, Acquisition, Acquisition,,,,,,,,False
INBK,First Internet Bancorp,Finance,Major Banks,,,,,,,,False
INBKZ,First Internet Bancorp 60% Fixed-to-Floating Rate Subordinated Notes Due 2029,Finance,Major Banks,,,,,,,,False
INBX,Inhibrx,Health Care,Biotechnology: Pharmaceutical Preparations,,,,,,,,False
INCR,Intercure Ltd Ordinary Shares, Acquisition, Acquisition,,,,,,,,False
INCY,Incyte Corp,Health Care,Biotechnology: Commercial Physical & Biological Resarch,,,,,,,,False
INDB,Independent Bank Corp,Finance,Major Banks,,,,,,,,False
INDI,indie Semiconductor Class A,Technology,Semiconductors,,,,,,,,False
INDO,Indonesia Energy Corporation Limited Ordinary Shares,Energy,Oil & Gas Production,,,,,,,,False
INDP,Indaptus Therapeutics,Health Care,Biotechnology: Pharmaceutical Preparations,,,,,,,,False
INDT,INDUS Realty Trust (MD),Finance,Real Estate,,,,,,,,False
INFA,Informatica Class A,Technology,EDP Services,,,,,,,,False
INFI,Infinity Pharmaceuticals,Health Care,Biotechnology: Pharmaceutical Preparations,,,,,,,,False
INFN,Infinera Corporation,Public Utilities,Telecommunications Equipment,,,,,,,,True
INFU,InfuSystems Holdings,Health Care,Medical/Dental Instruments,,,,,,,,False
INFY,Infosys Limited American Depositary Shares,Technology,EDP Services,,,,,,,,False
ING,ING Group NV,Finance,Commercial Banks,,,,,,,,False
INGN,Inogen,Health Care,Industrial Specialties,,,,,,,,False
INGR,Ingredionorporated,Consumer Non-Durables,Farming/Seeds/Milling,,,,,,,,False
INKA,KludeIn I Acquisition Corp Class A, Acquisition, Acquisition,,,,,,,,False
INKT,MiNK Therapeutics,Consumer Durables,Specialty Chemicals,,,,,,,,False
INM,InMed Pharmaceuticals Common Shares, Acquisition, Acquisition,,,,,,,,False
INMB,INmune Bio,Health Care,Biotechnology: Pharmaceutical Preparations,,,,,,,,False
INMD,InMode Ltd Ordinary Shares,Health Care,Biotechnology: Electromedical & Electrotherapeutic Apparatus,,,,,,,,False
INN,Summit Hotel Properties,Consumer Services,Real Estate Investment Trusts,,,,,,,,False
INNV,InnovAge Holding Corp,Health Care,Hospital/Nursing Management,,,,,,,,False
INO,Inovio Pharmaceuticals,Health Care,Biotechnology: Biological Products (No Diagnostic Substances),,,,,,,,False
INOD,Innodata,Technology,EDP Services,,,,,,,,False
INPX,Inpixon,Technology,Computer Software: Prepackaged Software,,,,,,,,False
INSE,Inspired Entertainment, Acquisition, Acquisition,,,,,,,,False
INSG,Inseego Corp,Capital Goods,Telecommunications Equipment,,,,,,,,False
INSI,Insight Selectome Fund,Finance,Investment Managers,,,,,,,,False
INSM,Insmed,Health Care,Biotechnology: Pharmaceutical Preparations,,,,,,,,False
INSP,Inspire Medical Systems,Health Care,Biotechnology: Electromedical & Electrotherapeutic Apparatus,,,,,,,,False
INST,Instructure Holdings,Technology,Computer Software: Prepackaged Software,,,,,,,,False
INSW,International Seaways ,Technology,Semiconductors,,,,,,,,False
INT,World Fuel Services Corporation,Energy,Oil Refining/Marketing,,,,,,,,False
INTA,Intapp,Technology,Computer Software: Prepackaged Software,,,,,,,,False
INTC,Intel Corporation,Technology,Semiconductors,,,,,,,,False
INTE,Integral Acquisition Corporation 1 Class A, Acquisition, Acquisition,,,,,,,,True
INTEU,Integral Acquisition Corporation 1 Unit, Acquisition, Acquisition,,,,,,,,True
INTG,Intergroup Corporation (The),Consumer Services,Hotels/Resorts,,,,,,,,False
INTT,inTest Corporation,Technology,Semiconductors,,,,,,,,False
INTU,Intuit,Technology,Computer Software: Prepackaged Software,,,,,,,,False
INTZ,Intrusion,Miscellaneous,Diversified Manufacture,,,,,,,,False
INUV,Inuvo,Technology,Advertising,,,,,,,,False
INVA,Innoviva,Health Care,Biotechnology: Pharmaceutical Preparations,,,,,,,,False
INVE,Identiv,Technology,Computer peripheral equipment,,,,,,,,False
INVH,Invitation Homes,Consumer Services,Real Estate Investment Trusts,,,,,,,,False
INVO,INVO BioScience,Health Care,Medical/Dental Instruments,,,,,,,,False
INVZ,Innoviz Technologies Ltd Ordinary shares,Capital Goods,Auto Parts:OEM,,,,,,,,False
INZY,Inozyme Pharma,Health Care,Biotechnology: Pharmaceutical Preparations,,,,,,,,False
IO,Ion Geophysical Corporation,Energy,Oilfield Services/Equipment,,,,,,,,False
IOAC,Innovative International Acquisition Corp Class A Ordinary Shares, Acquisition, Acquisition,,,,,,,,False
IOACU,Innovative International Acquisition Corp Unit, Acquisition, Acquisition,,,,,,,,False
IOBT,IO Biotech,Health Care,Biotechnology: Pharmaceutical Preparations,,,,,,,,False
IONM,Assure Holdings Corp,Health Care,Assisted Living Services,,,,,,,,False
IONQ,IonQ,Capital Goods,Wholesale Distributors,,,,,,,,False
IONS,Ionis Pharmaceuticals,Health Care,Biotechnology: Pharmaceutical Preparations,,,,,,,,False
IOR,Income Opportunity Realty Investors,Finance,Diversified Financial Services,,,,,,,,False
IOSP,Innospec,Basic Industries,Industrial Specialties,,,,,,,,False
IOT,Samsara Class A,Technology,Retail: Computer Software & Peripheral Equipment,,,,,,,,False
IOVA,Iovance Biotherapeutics,Health Care,Biotechnology: Pharmaceutical Preparations,,,,,,,,False
IP,International Paper Company,Basic Industries,Containers/Packaging,,,,,,,,False
IPA,ImmunoPrecise Antibodies Ltd, Acquisition, Acquisition,,,,,,,,False
IPAR,Inter Parfums,Consumer Non-Durables,Package Goods/Cosmetics,,,,,,,,False
IPAX,Inflection Point Acquisition Corp Class A Ordinary Share, Acquisition, Acquisition,,,,,,,,False
IPAXU,Inflection Point Acquisition Corp Units, Acquisition, Acquisition,,,,,,,,False
IPDN,Professional Diversity Network,Technology,EDP Services,,,,,,,,False
IPG,Interpublic Group of Companies (The),Technology,Advertising,,,,,,,,False
IPGP,IPG Photonics Corporation,Technology,Semiconductors,,,,,,,,False
IPHA,Innate Pharma SA ADS,Health Care,Biotechnology: Pharmaceutical Preparations,,,,,,,,False
IPI,Intrepid Potash,Basic Industries,Major Chemicals,,,,,,,,False
IPOD,Social Capital Hedosophia Holdings Corp IV Class A Ordinary Shares,Finance,Business Services,,,,,,,,False
IPOF,Social Capital Hedosophia Holdings Corp VI Class A Ordinary Shares,Finance,Business Services,,,,,,,,False
IPSC,Century Therapeutics,Consumer Durables,Specialty Chemicals,,,,,,,,False
IPVA,InterPrivate II Acquisition Corp Class A, Acquisition, Acquisition,,,,,,,,False
IPVF,InterPrivate III Financial Partners Class A, Acquisition, Acquisition,,,,,,,,False
IPVI,InterPrivate IV InfraTech Partners Class A, Acquisition, Acquisition,,,,,,,,False
IPVIU,InterPrivate IV InfraTech Partners Units, Acquisition, Acquisition,,,,,,,,False
IPW,iPower,Consumer Services,Catalog/Specialty Distribution,,,,,,,,False
IPWR,Ideal Power,Capital Goods,Industrial Machinery/Components,,,,,,,,False
IQ,iQIYI American Depositary Shares,Technology,Internet and Information Services,,,,,,,,False
IQI,Invesco Quality Municipalome Trust,Finance,Finance Companies,,,,,,,,False
IQMD,Intelligent Medicine Acquisition Corp Class A, Acquisition, Acquisition,,,,,,,,False
IQMDU,Intelligent Medicine Acquisition Corp Unit, Acquisition, Acquisition,,,,,,,,False
IQMDW,Intelligent Medicine Acquisition Corp Warrant, Acquisition, Acquisition,,,,,,,,False
IQV,IQVIA Holdings,Health Care,Managed Health Care,,,,,,,,False
IR,Ingersoll Rand,Capital Goods,Industrial Machinery/Components,,,,,,,,False
IRBT,iRobot Corporation, Acquisition, Acquisition,,,,,,,,False
IRCP,IRSA Propiedades Comerciales SA American Depositary Shares,Consumer Services,Building operators,,,,,,,,False
IRDM,Iridium Communications,Consumer Services,Telecommunications Equipment,,,,,,,,False
IREN,Iris Energy Limited Ordinary Shares, Acquisition, Acquisition,,,,,,,,False
IRIX,IRIDEX Corporation,Health Care,Biotechnology: Electromedical & Electrotherapeutic Apparatus,,,,,,,,False
IRL,New Ireland Fund (The),Finance,Trusts Except Educational Religious and Charitable,,,,,,,,False
IRM,Iron Mountainorporated (Delaware)Common Stock REIT,Consumer Services,Real Estate Investment Trusts,,,,,,,,False
IRMD,iRadimed Corporation,Health Care,Medical/Dental Instruments,,,,,,,,False
IRNT,IronNet,Technology,EDP Services,,,,,,,,False
IROQ,IF Bancorp,Finance,Finance: Consumer Services,,,,,,,,False
IRRX,Integrated Rail and Resources Acquisition Corp Class A, Acquisition, Acquisition,,,,,,,,False
IRS,IRSA Inversiones Y Representaciones SA,Consumer Services,Homebuilding,,,,,,,,False
IRT,Independence Realty Trust,Consumer Services,Real Estate Investment Trusts,,,,,,,,False
IRTC,iRhythm Technologies,Health Care,Medical/Dental Instruments,,,,,,,,False
IRWD,Ironwood Pharmaceuticals Class A,Health Care,Biotechnology: Pharmaceutical Preparations,,,,,,,,False
IS,ironSource Ltd Class A Ordinary Shares, Acquisition, Acquisition,,,,,,,,False
ISAA,Iron Spark I Class A, Acquisition, Acquisition,,,,,,,,False
ISD,PGIM High Yield Bond Fund,Finance,Trusts Except Educational Religious and Charitable,,,,,,,,False
ISDR,Issuer Direct Corporation,Technology,EDP Services,,,,,,,,False
ISEE,IVERIC bio,Health Care,Biotechnology: Pharmaceutical Preparations,,,,,,,,False
ISIG,Insignia Systems,Technology,Advertising,,,,,,,,False
ISLE,Isleworth Healthcare Acquisition Corporation, Acquisition, Acquisition,,,,,,,,False
ISO,IsoPlexis Corporation,Health Care,Biotechnology: Electromedical & Electrotherapeutic Apparatus,,,,,,,,False
ISPC,iSpecimen,Health Care,Precision Instruments,,,,,,,,False
ISR,IsoRay (DE),Health Care,Medical/Dental Instruments,,,,,,,,False
ISRG,Intuitive Surgical,Health Care,Medical/Dental Instruments,,,,,,,,False
ISSC,Innovative Solutions and Support,Capital Goods,Military/Government/Technical,,,,,,,,False
ISTR,Investar Holding Corporation,Finance,Commercial Banks,,,,,,,,False
ISUN,iSun,Technology,Semiconductors,,,,,,,,False
IT,Gartner,Finance,Diversified Commercial Services,,,,,,,,False
ITAQU,Industrial Tech Acquisitions II Unit, Acquisition, Acquisition,,,,,,,,False
ITCB,Itau CorpBanca American Depositary Shares (each representing 1500 shares of no par value),Finance,Commercial Banks,,,,,,,,False
ITCI,Intra-Cellular Therapies,Health Care,Biotechnology: Pharmaceutical Preparations,,,,,,,,True
ITGR,Integer Holdings Corporation,Health Care,Medical/Dental Instruments,,,,,,,,False
ITHX,ITHAX Acquisition Corp Class A Ordinary Shares,Finance,Business Services,,,,,,,,False
ITHXU,ITHAX Acquisition Corp Unit,Finance,Business Services,,,,,,,,False
ITI,Iteris,Capital Goods,Telecommunications Equipment,,,,,,,,False
ITIC,Investors Title Company,Finance,Specialty Insurers,,,,,,,,False
ITOS,iTeos Therapeutics,Consumer Durables,Specialty Chemicals,,,,,,,,False
ITP,IT Tech Packaging,Basic Industries,Paper,,,,,,,,False
ITQ,Itiquira Acquisition Corp Class A Ordinary Shares,Finance,Business Services,,,,,,,,False
ITQRU,Itiquira Acquisition Corp Unit,Finance,Business Services,,,,,,,,False
ITRG,Integra Resources Corp Common Shares, Acquisition, Acquisition,,,,,,,,False
ITRI,Itron,Capital Goods,Electrical Products,,,,,,,,False
ITRM,Iterum Therapeutics plc Ordinary Share,Health Care,Biotechnology: Pharmaceutical Preparations,,,,,,,,False
ITRN,Ituran Location and Control Ltd Ordinary Shares,Technology,Electronic Components,,,,,,,,False
ITT,ITT ,Capital Goods,Fluid Controls,,,,,,,,False
ITUB,Itau Unibanco Banco Holding SA American Depositary Shares (Each repstg 500 Preferred shares),Finance,Commercial Banks,,,,,,,,False
ITW,Illinois Tool Works,Capital Goods,Industrial Machinery/Components,,,,,,,,False
IVA,Inventiva SA American Depository Shares,Consumer Services,Other Consumer Services,,,,,,,,False
IVAC,Intevac, Acquisition, Acquisition,,,,,,,,True
IVC,Invacare Corporation,Health Care,Industrial Specialties,,,,,,,,False
IVCBU,Investcorp Europe Acquisition Corp I Unit, Acquisition, Acquisition,,,,,,,,False
IVCPU,Swiftmerge Acquisition Corp Unit, Acquisition, Acquisition,,,,,,,,False
IVH,Delaware Ivy Highome Opportunities Fund,Finance,Investment Managers,,,,,,,,False
IVR,INVESCO MORTGAGE CAPITAL,Consumer Services,Real Estate Investment Trusts,,,,,,,,False
IVT,InvenTrust Properties Corp,Consumer Services,Real Estate Investment Trusts,,,,,,,,False
IVZ,Invesco Ltd,Finance,Investment Managers,,,,,,,,False
IX,Orix Corp Ads,Finance,Diversified Financial Services,,,,,,,,False
IXAQ,IX Acquisition Corp Class A Ordinary Share, Acquisition, Acquisition,,,,,,,,False
IXAQU,IX Acquisition Corp Unit, Acquisition, Acquisition,,,,,,,,False
IZEA,IZEA Worldwide,Technology,Advertising,,,,,,,,False
J,Jacobs Engineering Group,Capital Goods,Oilfield Services/Equipment,,,,,,,,False
JACK,Jack In The Box,Consumer Services,Restaurants,,,,,,,,False
JAGX,Jaguar Health,Health Care,Biotechnology: Pharmaceutical Preparations,,,,,,,,False
JAKK,JAKKS Pacific,Consumer Non-Durables,Recreational Products/Toys,,,,,,,,False
JAMF,Jamf Holding Corp,Technology,Computer Software: Prepackaged Software,,,,,,,,False
JAN,JanOne (NV),Public Utilities,Environmental Services,,,,,,,,False
JANX,Janux Therapeutics,Health Care,Biotechnology: Pharmaceutical Preparations,,,,,,,,False
JAQC,Jupiter Acquisition Corporation, Acquisition, Acquisition,,,,,,,,False
JATT,JATT Acquisition Corp Class A Ordinary Shares, Acquisition, Acquisition,,,,,,,,False
JAZZ,Jazz Pharmaceuticals plc (Ireland),Health Care,Biotechnology: Pharmaceutical Preparations,,,,,,,,False
JBGS,JBG SMITH Properties Common Shares ,Consumer Services,Real Estate Investment Trusts,,,,,,,,False
JBHT,JB Hunt Transport Services,Transportation,Trucking Freight/Courier Services,,,,,,,,False
JBI,Janus International Group, Acquisition, Acquisition,,,,,,,,False
JBK,Lehman ABS 350 350% Adjustable Corp Backed Tr Certs GS Cap I,Finance,Trusts Except Educational Religious and Charitable,,,,,,,,False
JBL,Jabil,Technology,Electrical Products,,,,,,,,False
JBLU,JetBlue Airways Corporation,Transportation,Air Freight/Delivery Services,,,,,,,,False
JBSS,John B Sanfilippo & Son,Consumer Non-Durables,Specialty Foods,,,,,,,,False
JBT,John Bean Technologies Corporation,Capital Goods,Diversified Manufacture,,,,,,,,False
JCE,Nuveen Core Equity Alpha Fund Nuveen Core Equity Alpha Fund Common Shares of Beneficial Interest,Finance,Trusts Except Educational Religious and Charitable,,,,,,,,False
JCI,Johnson Controls International plc Ordinary Share,Capital Goods,Auto Parts:OEM,,,,,,,,False
JCIC,Jack Creek Investment Corp Class A Ordinary Shares,Finance,Business Services,,,,,,,,False
JCICU,Jack Creek Investment Corp Units,Finance,Business Services,,,,,,,,False
JCO,Nuveen Credit Opportunities 2022 Target Term Fund Common Shares of Beneficial Interest,Finance,Trusts Except Educational Religious and Charitable,,,,,,,,False
JCTCF,Jewett-Cameron Trading Company Common Shares, Acquisition, Acquisition,,,,,,,,False
JD,JDcom American Depositary Shares,Miscellaneous,Diversified Commercial Services,,,,,,,,False
JEF,Jefferies Financial Group,Finance,Finance/Investors Services,,,,,,,,False
JELD,JELD-WEN Holding, Acquisition, Acquisition,,,,,,,,False
JEMD,Nuveen Emerging Markets Debt 2022 Target Term Fund Common Shares of Beneficial Interest $001 par value per share,Finance,Investment Managers,,,,,,,,False
JEQ,Aberdeen Japan Equity Fund ,Finance,Finance Companies,,,,,,,,False
JFIN,Jiayin Group American Depositary Shares,Finance,Finance: Consumer Services,,,,,,,,False
JFR,Nuveen Floating Rateome Fund,Finance,Trusts Except Educational Religious and Charitable,,,,,,,,False
JFU,9F American Depositary Shares,Finance,Finance: Consumer Services,,,,,,,,False
JG,Aurora Mobile Limited American Depositary Shares,Technology,EDP Services,,,,,,,,False
JGH,Nuveen Global Highome Fund Common Shares of Beneficial Interest,Finance,Investment Managers,,,,,,,,False
JHAA,Nuveen Corporateome 2023 Target Term Fund,Finance,Finance/Investors Services,,,,,,,,False
JHG,Janus Henderson Group plc Ordinary Shares,Finance,Investment Managers,,,,,,,,False
JHI,John Hancock Investors Trust,Finance,Trusts Except Educational Religious and Charitable,,,,,,,,False
JHS,John Hancockome Securities Trust,Finance,Finance Companies,,,,,,,,False
JHX,James Hardie Industries plc American Depositary Shares (Ireland),Capital Goods,Building Materials,,,,,,,,False
JILL,J Jill,Consumer Services,Clothing/Shoe/Accessory Stores,,,,,,,,False
JJSF,J & J Snack Foods Corp,Consumer Non-Durables,Specialty Foods,,,,,,,,False
JKHY,Jack Henry & Associates,Technology,Retail: Computer Software & Peripheral Equipment,,,,,,,,False
JKS,JinkoSolar Holding Company Limited American Depositary Shares (each representing 4 Common Shares),Technology,Semiconductors,,,,,,,,False
JLL,Jones Lang LaSalleorporated,Finance,Real Estate,,,,,,,,False
JLS,Nuveen Mortgage andome Fund,Finance,Investment Managers,,,,,,,,False
JMAC,Maxpro Capital Acquisition Corp Class A, Acquisition, Acquisition,,,,,,,,False
JMACU,Maxpro Capital Acquisition Corp Units, Acquisition, Acquisition,,,,,,,,False
JMIA,Jumia Technologies AG American Depositary Shares each representing two Ordinary Shares,Consumer Services,Catalog/Specialty Distribution,,,,,,,,False
JMM,Nuveen Multi-Marketome Fund (MA),Finance,Trusts Except Educational Religious and Charitable,,,,,,,,False
JNCE,Jounce Therapeutics,Health Care,Biotechnology: Pharmaceutical Preparations,,,,,,,,False
JNJ,Johnson & Johnson,Health Care,Biotechnology: Pharmaceutical Preparations,,,,,,,,False
JNPR,Juniper Networks,Technology,Computer peripheral equipment,,,,,,,,False
JOAN,JOANN,Consumer Non-Durables,Department/Specialty Retail Stores,,,,,,,,False
JOB,GEE Group,Technology,Diversified Commercial Services,,,,,,,,False
JOBY,Joby Aviation,Transportation,Aerospace,,,,,,,,False
JOE,St Joe Company (The),Consumer Services,Homebuilding,,,,,,,,False
JOF,Japan Smaller Capitalization Fund,Finance,Trusts Except Educational Religious and Charitable,,,,,,,,False
JOFF,JOFF Fintech Acquisition Corp Class A, Acquisition, Acquisition,,,,,,,,False
JOFFU,JOFF Fintech Acquisition Corp Unit, Acquisition, Acquisition,,,,,,,,False
JOUT,Johnson Outdoors Class A,Consumer Non-Durables,Recreational Products/Toys,,,,,,,,False
JP,Jupai Holdings Limited American Depositary Shares each representing six ordinary shares,Consumer Services,Other Consumer Services,,,,,,,,False
JPC,Nuveen Preferred &ome Opportunities Fund,Finance,Investment Managers,,,,,,,,False
JPI,Nuveen Preferred andome Term Fund Common Shares of Beneficial Interest,Finance,Finance Companies,,,,,,,,False
JPM,JP Morgan Chase & Co,Finance,Major Banks,,,,,,,,False
JPS,Nuveen Preferred &ome Securities Fund,Finance,Investment Managers,,,,,,,,False
JPT,Nuveen Preferred andome 2022 Term Fund Common Shares of Beneficial Interest,Finance,Trusts Except Educational Religious and Charitable,,,,,,,,False
JQC,Nuveen Credit Strategiesome Fund Shares of Beneficial Interest,Finance,Finance Companies,,,,,,,,False
JRI,Nuveen Real Assetome and Growth Fund Common Shares of Beneficial Interest,Finance,Finance Companies,,,,,,,,False
JRO,Nuveen Floating Rateome Opportuntiy Fund Shares of Beneficial Interest,Finance,Investment Managers,,,,,,,,False
JRS,Nuveen Real Estateome Fund Common Shares of Beneficial Interest,Finance,Finance/Investors Services,,,,,,,,False
JRSH,Jerash Holdings (US),Basic Industries,Industrial Specialties,,,,,,,,False
JRVR,James River Group Holdings Ltd Common Shares,Finance,Property-Casualty Insurers,,,,,,,,False
JSD,Nuveen Short Duration Credit Opportunities Fund Common Shares of Beneficial Interest,Finance,Finance Companies,,,,,,,,False
JSM,Navient Corporation 6% Senior Notes due December 15 2043,Finance,Finance: Consumer Services,,,,,,,,False
JSPR,Jasper Therapeutics,Health Care,Biotechnology: Pharmaceutical Preparations,,,,,,,,False
JT,Jianpu Technology American depositary shares,Technology,EDP Services,,,,,,,,False
JUGGU,Jaws Juggernaut Acquisition Corporation Unit, Acquisition, Acquisition,,,,,,,,False
JUN,Juniper II Corp Class A, Acquisition, Acquisition,,,,,,,,False
JUPW,Jupiter Wellness,Health Care,Biotechnology: Pharmaceutical Preparations,,,,,,,,False
JVA,Coffee Holding Co,Consumer Non-Durables,Specialty Foods,,,,,,,,False
JWAC,Jupiter Wellness Acquisition Corp Class A, Acquisition, Acquisition,,,,,,,,False
JWEL,Jowell Global Ltd Ordinary Shares,Consumer Services,Other Consumer Services,,,,,,,,False
JWN,Nordstrom,Consumer Services,Clothing/Shoe/Accessory Stores,,,,,,,,False
JWSM,Jaws Mustang Acquisition Corp Class A Ordinary Shares,Finance,Business Services,,,,,,,,False
JXN,Jackson Financial Class A ,Finance,Finance/Investors Services,,,,,,,,False
JYAC,Jiya Acquisition Corp Class A, Acquisition, Acquisition,,,,,,,,False
JYNT,The Joint Corp, Acquisition, Acquisition,,,,,,,,False
JZXN,Jiuzi Holdings,Consumer Durables,Automotive Aftermarket,,,,,,,,False
K,Kellogg Company,Consumer Non-Durables,Packaged Foods,,,,,,,,False
KACLU,Kairous Acquisition Corp Limited Unit, Acquisition, Acquisition,,,,,,,,False
KAHC,KKR Acquisition Holdings I Corp Class A, Acquisition, Acquisition,,,,,,,,False
KAI,Kadant,Technology,Industrial Machinery/Components,,,,,,,,False
KAII,Kismet Acquisition Two Corp Class A Ordinary Shares,Finance,Business Services,,,,,,,,False
KAIR,Kairos Acquisition Corp Class A Ordinary Shares,Finance,Business Services,,,,,,,,False
KAIRU,Kairos Acquisition Corp Unit,Finance,Business Services,,,,,,,,False
KALA,Kala Pharmaceuticals,Health Care,Biotechnology: Pharmaceutical Preparations,,,,,,,,False
KALU,Kaiser Aluminum Corporation,Basic Industries,Aluminum,,,,,,,,False
KALV,KalVista Pharmaceuticals,Health Care,Biotechnology: Pharmaceutical Preparations,,,,,,,,False
KAMN,Kaman Corporation,Capital Goods,Military/Government/Technical,,,,,,,,False
KAR,KAR Auction Services, Acquisition, Acquisition,,,,,,,,False
KARO,Karooooo Ltd Ordinary Shares,Technology,Computer Software: Prepackaged Software,,,,,,,,False
KAVL,Kaival Brands Innovations Group,Consumer Non-Durables,Farming/Seeds/Milling,,,,,,,,False
KB,KB Financial Group,Finance,Commercial Banks,,,,,,,,False
KBAL,Kimball International Class B,Consumer Durables,Industrial Specialties,,,,,,,,False
KBH,KB Home, Acquisition, Acquisition,,,,,,,,False
KBNT,Kubient,Technology,EDP Services,,,,,,,,False
KBR,KBR,Capital Goods,Oilfield Services/Equipment,,,,,,,,False
KC,Kingsoft Cloud Holdings Limited American Depositary Shares,Technology,Computer Software: Prepackaged Software,,,,,,,,False
KCGI,Kensington Capital Acquisition Corp V Class A Ordinary Shares, Acquisition, Acquisition,,,,,,,,False
KD,Kyndryl Holdings,Technology,EDP Services,,,,,,,,False
KDNY,Chinook Therapeutics,Health Care,Biotechnology: Pharmaceutical Preparations,,,,,,,,False
KDP,Keurig Dr Pepper,Consumer Non-Durables,Beverages (Production/Distribution),,,,,,,,False
KE,Kimball Electronics,Capital Goods,Industrial Machinery/Components,,,,,,,,False
KELYA,Kelly Services Class A,Technology,Diversified Commercial Services,,,,,,,,False
KELYB,Kelly Services Class B,Technology,Diversified Commercial Services,,,,,,,,False
KEN,Kenon Holdings Ltd Ordinary Shares,Public Utilities,Electric Utilities: Central,,,,,,,,False
KEP,Korea Electric Power Corporation,Consumer Durables,Electrical Products,,,,,,,,False
KEQU,Kewaunee Scientific Corporation,Capital Goods,Medical Specialities,,,,,,,,False
KERN,Akerna Corp,Health Care,Managed Health Care,,,,,,,,False
KEX,Kirby Corporation,Transportation,Marine Transportation,,,,,,,,False
KEY,KeyCorp,Finance,Major Banks,,,,,,,,False
KEYS,Keysight Technologies,Capital Goods,Industrial Machinery/Components,,,,,,,,False
KF,Korea Fund (The) New,Finance,Investment Managers,,,,,,,,False
KFFB,Kentucky First Federal Bancorp,Finance,Savings Institutions,,,,,,,,False
KFRC,Kforce,Technology,Diversified Commercial Services,,,,,,,,False
KFS,Kingsway Financial Services (DE), Acquisition, Acquisition,,,,,,,,False
KFY,Korn Ferry,Technology,Diversified Commercial Services,,,,,,,,False
KGC,Kinross Gold Corporation, Acquisition, Acquisition,,,,,,,,False
KHC,The Kraft Heinz Company,Consumer Non-Durables,Farming/Seeds/Milling,,,,,,,,False
KIDS,OrthoPediatrics Corp,Health Care,Medical/Dental Instruments,,,,,,,,False
KIII,Kismet Acquisition Three Corp Class A Ordinary Shares,Finance,Business Services,,,,,,,,False
KIIIU,Kismet Acquisition Three Corp Unit,Finance,Business Services,,,,,,,,False
KIM,Kimco Realty Corporation,Consumer Services,Real Estate Investment Trusts,,,,,,,,False
KIND,Nextdoor Holdings Class A,Consumer Services,EDP Services,,,,,,,,False
KINS,Kingstone Companies,Finance,Specialty Insurers,,,,,,,,False
KINZ,KINS Technology Group Class A, Acquisition, Acquisition,,,,,,,,False
KINZU,KINS Technology Group Unit, Acquisition, Acquisition,,,,,,,,False
KIO,KKRome Opportunities Fund Common Shares,Finance,Investment Managers,,,,,,,,False
KIQ,Kelso Technologies, Acquisition, Acquisition,,,,,,,,False
KIRK,Kirkland's COMMONSTOCK,Miscellaneous,Diversified Commercial Services,,,,,,,,False
KKR,KKR & Co,Finance,Investment Managers,,,,,,,,False
KKRS,KKR Group Finance Co IX LLC 4625% Subordinated Notes due 2061, Acquisition, Acquisition,,,,,,,,False
KLAC,KLA Corporation,Capital Goods,Electronic Components,,,,,,,,False
KLAQ,KL Acquisition Corp Class A, Acquisition, Acquisition,,,,,,,,False
KLDO,Kaleido Biosciences,Health Care,Biotechnology: Biological Products (No Diagnostic Substances),,,,,,,,False
KLIC,Kulicke and Soffa Industries,Technology,Semiconductors,,,,,,,,False
KLR,Kaleyra,Technology,Internet and Information Services,,,,,,,,False
KLTR,Kaltura,Technology,EDP Services,,,,,,,,False
KLXE,KLX Energy Services Holdings,Energy,Oilfield Services/Equipment,,,,,,,,False
KMB,Kimberly-Clark Corporation,Basic Industries,Paper,,,,,,,,False
KMDA,Kamada Ltd Ordinary Shares,Health Care,Biotechnology: Pharmaceutical Preparations,,,,,,,,False
KMF,Kayne Anderson NextGen Energy & Infrastructure,Finance,Investment Managers,,,,,,,,False
KMI,Kinder Morgan,Public Utilities,Natural Gas Distribution,,,,,,,,False
KMPH,KemPharm,Health Care,Biotechnology: Pharmaceutical Preparations,,,,,,,,False
KMPR,Kemper Corporation,Finance,Property-Casualty Insurers,,,,,,,,False
KMT,Kennametal,Capital Goods,Industrial Machinery/Components,,,,,,,,False
KMX,CarMax,Consumer Services,Other Specialty Stores,,,,,,,,False
KN,Knowles Corporation,Consumer Non-Durables,Consumer Electronics/Appliances,,,,,,,,False
KNBE,KnowBe4 Class A,Technology,Computer Software: Prepackaged Software,,,,,,,,False
KNDI,Kandi Technologies Group,Capital Goods,Auto Parts:OEM,,,,,,,,False
KNOP,KNOT Offshore Partners LP Common Units representing Limited Partner Interests,Transportation,Marine Transportation,,,,,,,,False
KNSA,Kiniksa Pharmaceuticals Ltd Class A,Health Care,Biotechnology: Pharmaceutical Preparations,,,,,,,,False
KNSL,Kinsale Capital Group,Finance,Property-Casualty Insurers,,,,,,,,False
KNTE,Kinnate Biopharma,Health Care,Biotechnology: Pharmaceutical Preparations,,,,,,,,False
KNX,Knight-Swift Transportation Holdings,Transportation,Trucking Freight/Courier Services,,,,,,,,False
KO,Coca-Cola Company (The),Consumer Non-Durables,Beverages (Production/Distribution),,,,,,,,False
KOD,Kodiak Sciences,Health Care,Biotechnology: Pharmaceutical Preparations,,,,,,,,False
KODK,Eastman Kodak Company Common New,Miscellaneous,Business Services,,,,,,,,False
KOF,Coca Cola Femsa SAB de CV  American Depositary Shares each representing 10 Units (each Unit consists of 3 Series B Shares and 5 Series L Shares),Consumer Non-Durables,Beverages (Production/Distribution),,,,,,,,False
KOP,Koppers Holdings Koppers Holdings,Basic Industries,Industrial Specialties,,,,,,,,False
KOPN,Kopin Corporation,Capital Goods,Industrial Machinery/Components,,,,,,,,False
KORE,KORE Group Holdings, Acquisition, Acquisition,,,,,,,,False
KOS,Kosmos Energy Ltd Common Shares (DE),Energy,Oil & Gas Production,,,,,,,,False
KOSS,Koss Corporation,Consumer Non-Durables,Consumer Electronics/Appliances,,,,,,,,False
KPLT,Katapult Holdings,Technology,EDP Services,,,,,,,,False
KPRX,Kiora Pharmaceuticals ,Health Care,Biotechnology: In Vitro & In Vivo Diagnostic Substances,,,,,,,,False
KPTI,Karyopharm Therapeutics,Miscellaneous,Diversified Commercial Services,,,,,,,,False
KR,Kroger Company (The),Consumer Services,Food Chains,,,,,,,,False
KRBP,Kiromic BioPharma,Consumer Durables,Specialty Chemicals,,,,,,,,False
KRC,Kilroy Realty Corporation,Consumer Services,Real Estate Investment Trusts,,,,,,,,False
KREF,KKR Real Estate Finance Trust,Consumer Services,Real Estate Investment Trusts,,,,,,,,False
KRG,Kite Realty Group Trust,Consumer Services,Real Estate Investment Trusts,,,,,,,,False
KRKR,36Kr Holdings American Depositary Shares,Miscellaneous,Business Services,,,,,,,,False
KRMD,Repro Med Systems,Health Care,Medical/Dental Instruments,,,,,,,,False
KRNL,Kernel Group Holdings Class A Ordinary Shares,Finance,Business Services,,,,,,,,False
KRNLU,Kernel Group Holdings Units,Finance,Business Services,,,,,,,,False
KRNT,Kornit Digital Ltd Ordinary Shares,Capital Goods,Industrial Machinery/Components,,,,,,,,False
KRNY,Kearny Financial Corp,Finance,Savings Institutions,,,,,,,,False
KRO,Kronos Worldwide,Basic Industries,Major Chemicals,,,,,,,,False
KRON,Kronos Bio,Consumer Durables,Specialty Chemicals,,,,,,,,False
KROS,Keros Therapeutics,Consumer Durables,Specialty Chemicals,,,,,,,,False
KRP,Kimbell Royalty Partners Common Units Representing Limited Partner Interests,Energy,Oil & Gas Production,,,,,,,,False
KRT,Karat Packaging,Capital Goods,Office Equipment/Supplies/Services,,,,,,,,False
KRTX,Karuna Therapeutics,Health Care,Biotechnology: Pharmaceutical Preparations,,,,,,,,False
KRUS,Kura Sushi USA Class A,Consumer Services,Restaurants,,,,,,,,False
KRYS,Krystal Biotech,Health Care,Biotechnology: Biological Products (No Diagnostic Substances),,,,,,,,False
KSI,Kadem Sustainable Impact Corporation Class A, Acquisition, Acquisition,,,,,,,,False
KSM,DWS Strategic Municipalome Trust,Finance,Trusts Except Educational Religious and Charitable,,,,,,,,False
KSPN,Kaspien Holdings,Consumer Services,Consumer Electronics/Video Chains,,,,,,,,False
KSS,Kohl's Corporation,Consumer Services,Department/Specialty Retail Stores,,,,,,,,False
KT,KT Corporation,Public Utilities,Telecommunications Equipment,,,,,,,,False
KTB,Kontoor Brands , Acquisition, Acquisition,,,,,,,,False
KTCC,Key Tronic Corporation,Technology,Computer peripheral equipment,,,,,,,,False
KTF,DWS Municipalome Trust,Finance,Finance Companies,,,,,,,,False
KTH,Structures Products Cp 8% CorTS Issued by Peco Energy Cap Tr II Preferred Stock,Finance,Investment Managers,,,,,,,,False
KTN,Structured Products Corp 8205% CorTS 8205% Corporate Backed Trust Securities (CorTS), Acquisition, Acquisition,,,,,,,,False
KTOS,Kratos Defense & Security Solutions,Consumer Non-Durables,Ordnance And Accessories,,,,,,,,False
KTRA,Kintara Therapeutics,Health Care,Biotechnology: Pharmaceutical Preparations,,,,,,,,False
KTTA,Pasithea Therapeutics Corp,Health Care,Biotechnology: Pharmaceutical Preparations,,,,,,,,False
KUKE,Kuke Music Holding Limited American Depositary Shares each representing one Ordinary Share,Consumer Services,Other Consumer Services,,,,,,,,False
KULR,KULR Technology Group, Acquisition, Acquisition,,,,,,,,False
KURA,Kura Oncology,Health Care,Biotechnology: Biological Products (No Diagnostic Substances),,,,,,,,False
KVHI,KVH Industries,Technology,Radio And Television Broadcasting And Communications Equipment,,,,,,,,False
KVSA,Khosla Ventures Acquisition Co Class A, Acquisition, Acquisition,,,,,,,,False
KVSC,Khosla Ventures Acquisition Co III Class A, Acquisition, Acquisition,,,,,,,,False
KW,Kennedy-Wilson Holdings,Consumer Services,Real Estate,,,,,,,,False
KWAC,Kingswood Acquisition Corp Class A, Acquisition, Acquisition,,,,,,,,False
KWR,Quaker Houghton,Basic Industries,Automotive Aftermarket,,,,,,,,False
KXIN,Kaixin Auto Holdings Ordinary Shares,Finance,Business Services,,,,,,,,False
KYMR,Kymera Therapeutics,Consumer Durables,Specialty Chemicals,,,,,,,,False
KYN,Kayne Anderson Energy Infrastructure Fund,Finance,Finance/Investors Services,,,,,,,,False
KZIA,Kazia Therapeutics Limited American Depositary Shares,Health Care,Biotechnology: Pharmaceutical Preparations,,,,,,,,False
KZR,Kezar Life Sciences,Health Care,Biotechnology: Pharmaceutical Preparations,,,,,,,,False
L,Loews Corporation,Finance,Property-Casualty Insurers,,,,,,,,False
LAAA,Lakeshore Acquisition I Corp Ordinary Shares, Acquisition, Acquisition,,,,,,,,False
LABP,Landos Biopharma,Consumer Durables,Specialty Chemicals,,,,,,,,False
LAC,Lithium Americas Corp Common Shares, Acquisition, Acquisition,,,,,,,,False
LAD,Lithia Motors,Consumer Services,Other Specialty Stores,,,,,,,,False
LADR,Ladder Capital Corp Class A,Consumer Services,Real Estate Investment Trusts,,,,,,,,False
LAIX,LAIX American Depositary Shares each  representing one Class A Ordinary Share,Miscellaneous,Service to the Health Industry,,,,,,,,False
LAKE,Lakeland Industries, Acquisition, Acquisition,,,,,,,,False
LAMR,Lamar Advertising Company Class A,Consumer Services,Real Estate Investment Trusts,,,,,,,,False
LANC,Lancaster Colony Corporation,Consumer Non-Durables,Packaged Foods,,,,,,,,False
LAND,Gladstone Land Corporation,Consumer Services,Real Estate Investment Trusts,,,,,,,,False
LANDM,Gladstone Land Corporation 500% Series D Cumulative Term Preferred Stock,Consumer Services,Real Estate Investment Trusts,,,,,,,,False
LANDO,Gladstone Land Corporation 600% Series B Cumulative Redeemable Preferred Stock,Consumer Services,Real Estate Investment Trusts,,,,,,,,False
LARK,Landmark Bancorp,Finance,Major Banks,,,,,,,,False
LASR,nLIGHT,Technology,Semiconductors,,,,,,,,False
LAUR,Laureate Education,Miscellaneous,Service to the Health Industry,,,,,,,,False
LAW,CS Disco,Technology,Computer Software: Prepackaged Software,,,,,,,,False
LAWS,Lawson Products,Capital Goods,Industrial Machinery/Components,,,,,,,,False
LAX,8i Acquisition 2 Corp Ordinary Shares, Acquisition, Acquisition,,,,,,,,False
LAXXU,8i Acquisition 2 Corp Unit, Acquisition, Acquisition,,,,,,,,False
LAZ,Lazard LTD Lazard LTD Class A,Finance,Investment Managers,,,,,,,,False
LAZR,Luminar Technologies  Class A,Technology,EDP Services,,,,,,,,False
LAZY,Lazydays Holdings,Consumer Services,Other Specialty Stores,,,,,,,,False
LBAI,Lakeland Bancorp,Finance,Major Banks,,,,,,,,False
LBC,Luther Burbank Corporation,Finance,Commercial Banks,,,,,,,,False
LBPH,Longboard Pharmaceuticals,Health Care,Biotechnology: Pharmaceutical Preparations,,,,,,,,False
LBPS,4D pharma plc American Depositary Shares,Health Care,Biotechnology: Pharmaceutical Preparations,,,,,,,,False
LBRDA,Liberty Broadband Corporation Class A,Consumer Services,Telecommunications Equipment,,,,,,,,False
LBRDK,Liberty Broadband Corporation Class C,Consumer Services,Telecommunications Equipment,,,,,,,,False
LBRDP,Liberty Broadband Corporation Series A Cumulative Redeemable Preferred Stock,Consumer Services,Telecommunications Equipment,,,,,,,,False
LBRT,Liberty Oilfield Services Class A,Energy,Oilfield Services/Equipment,,,,,,,,False
LBTYA,Liberty Global plc Class A Ordinary Shares,Consumer Services,Television Services,,,,,,,,False
LBTYB,Liberty Global plc Class B Ordinary Shares,Consumer Services,Television Services,,,,,,,,False
LBTYK,Liberty Global plc Class C Ordinary Shares,Consumer Services,Television Services,,,,,,,,False
LC,LendingClub Corporation,Finance,Finance Companies,,,,,,,,False
LCA,Landcadia Holdings IV Class A, Acquisition, Acquisition,,,,,,,,False
LCAA,L Catterton Asia Acquisition Corp Class A Ordinary Shares,Finance,Business Services,,,,,,,,False
LCAAU,L Catterton Asia Acquisition Corp Units,Finance,Business Services,,,,,,,,False
LCAHU,Landcadia Holdings IV Units, Acquisition, Acquisition,,,,,,,,False
LCAP,Lionheart Acquisition Corp II Class A, Acquisition, Acquisition,,,,,,,,False
LCAPU,Lionheart Acquisition Corp II Unit, Acquisition, Acquisition,,,,,,,,False
LCI,Lannett Co,Health Care,Biotechnology: Pharmaceutical Preparations,,,,,,,,False
LCID,Lucid Group,Capital Goods,Auto Manufacturing,,,,,,,,False
LCII,LCI Industries,Capital Goods,Auto Parts:OEM,,,,,,,,False
LCNB,LCNB Corporation,Finance,Major Banks,,,,,,,,False
LCTX,Lineage Cell Therapeutics,Health Care,Biotechnology: Biological Products (No Diagnostic Substances),,,,,,,,False
LCUT,Lifetime Brands,Consumer Durables,Home Furnishings,,,,,,,,False
LCW,Learn CW Investment Corporation Class A Ordinary Shares, Acquisition, Acquisition,,,,,,,,False
LDHA,LDH Growth Corp I Class A Ordinary Shares,Finance,Business Services,,,,,,,,False
LDHAU,LDH Growth Corp I Units,Finance,Business Services,,,,,,,,False
LDI,loanDepot Class A,Finance,Finance: Consumer Services,,,,,,,,False
LDOS,Leidos Holdings,Technology,EDP Services,,,,,,,,False
LDP,Cohen & Steers Limited Duration Preferred andome Fund,Finance,Finance Companies,,,,,,,,False
LE,Lands' End,Consumer Services,Clothing/Shoe/Accessory Stores,,,,,,,,False
LEA,Lear Corporation,Capital Goods,Auto Parts:OEM,,,,,,,,False
LEAP,Ribbit LEAP Ltd Class A Ordinary Shares,Finance,Business Services,,,,,,,,False
LECO,Lincoln Electric Holdings Common Shares,Capital Goods,Industrial Machinery/Components,,,,,,,,False
LEDS,SemiLEDS Corporation,Technology,Semiconductors,,,,,,,,False
LEE,Lee Enterprisesorporated,Consumer Services,Newspapers/Magazines,,,,,,,,False
LEG,Leggett & Plattorporated,Consumer Durables,Home Furnishings,,,,,,,,False
LEGA,Lead Edge Growth Opportunities Ltd Class A Ordinary Shares,Finance,Business Services,,,,,,,,False
LEGAU,Lead Edge Growth Opportunities Ltd Units,Finance,Business Services,,,,,,,,False
LEGH,Legacy Housing Corporation (TX),Basic Industries,Homebuilding,,,,,,,,False
LEGN,Legend Biotech Corporation American Depositary Shares,Health Care,Biotechnology: Pharmaceutical Preparations,,,,,,,,False
LEJU,Leju Holdings Limited American Depositary Shares each representing one Ordinary share,Finance,Real Estate,,,,,,,,False
LEN,Lennar Corporation Class A,Consumer Services,Building operators,,,,,,,,False
LEO,BNY Mellon Strategic Municipals,Finance,Trusts Except Educational Religious and Charitable,,,,,,,,False
LESL,Leslie's,Consumer Services,,,,,,,,,False
LEU,Centrus Energy Corp Class A, Acquisition, Acquisition,,,,,,,,False
LEV,The Lion Electric Company Common Shares, Acquisition, Acquisition,,,,,,,,False
LEVI,Levi Strauss & Co Class A,Basic Industries,Industrial Specialties,,,,,,,,False
LEXX,Lexaria Bioscience Corp,Health Care,Biotechnology: Pharmaceutical Preparations,,,,,,,,False
LFAC,LF Capital Acquisition Corp II Class A, Acquisition, Acquisition,,,,,,,,False
LFACU,LF Capital Acquisition Corp II Units, Acquisition, Acquisition,,,,,,,,False
LFC,China Life Insurance Company Limited American Depositary Shares,Finance,Life Insurance,,,,,,,,False
LFG,Archaea Energy Class A, Acquisition, Acquisition,,,,,,,,False
LFMD,LifeMD,Miscellaneous,Diversified Commercial Services,,,,,,,,False
LFMDP,LifeMD 8875% Series A Cumulative Perpetual Preferred Stock,Miscellaneous,Diversified Commercial Services,,,,,,,,False
LFST,LifeStance Health Group,Health Care,Hospital/Nursing Management,,,,,,,,False
LFT,Lument Finance Trust,Consumer Services,Real Estate Investment Trusts,,,,,,,,False
LFTR,Lefteris Acquisition Corp Class A, Acquisition, Acquisition,,,,,,,,False
LFTRW,Lefteris Acquisition Corp Warrant, Acquisition, Acquisition,,,,,,,,False
LFUS,Littelfuse,Technology,Electronic Components,,,,,,,,False
LFVN,Lifevantage Corporation (Delaware),Consumer Non-Durables,Farming/Seeds/Milling,,,,,,,,False
LGAC,Lazard Growth Acquisition Corp I Ordinary Shares,Finance,Business Services,,,,,,,,False
LGACU,Lazard Growth Acquisition Corp I Units,Finance,Business Services,,,,,,,,False
LGHL,Lion Group Holding Ltd American Depositary Share,Finance,Investment Bankers/Brokers/Service,,,,,,,,False
LGI,Lazard Global Total Return andome Fund, Acquisition, Acquisition,,,,,,,,False
LGIH,LGI Homes,Capital Goods,Homebuilding,,,,,,,,False
LGL,LGL Group (The),Capital Goods,Industrial Machinery/Components,,,,,,,,False
LGND,Ligand Pharmaceuticalsorporated,Health Care,Biotechnology: Pharmaceutical Preparations,,,,,,,,False
LGO,Largo Common Shares, Acquisition, Acquisition,,,,,,,,False
LGST,Semper Paratus Acquisition Corporation Class A Ordinary Shares, Acquisition, Acquisition,,,,,,,,False
LGSTU,Semper Paratus Acquisition Corporation Unit, Acquisition, Acquisition,,,,,,,,False
LGTO,Legato Merger Corp II, Acquisition, Acquisition,,,,,,,,False
LGTOU,Legato Merger Corp II Unit, Acquisition, Acquisition,,,,,,,,False
LGV,Longview Acquisition Corp II Class A, Acquisition, Acquisition,,,,,,,,False
LGVC,LAMF Global Ventures Corp I Class A Ordinary Shares, Acquisition, Acquisition,,,,,,,,False
LGVCU,LAMF Global Ventures Corp I Unit, Acquisition, Acquisition,,,,,,,,False
LGVN,Longeveron Class A,Consumer Durables,Specialty Chemicals,,,,,,,,False
LH,Laboratory Corporation of America Holdings,Health Care,Medical Specialities,,,,,,,,False
LHAA,Lerer Hippeau Acquisition Corp Class A, Acquisition, Acquisition,,,,,,,,False
LHC,Leo Holdings Corp II Class A Ordinary Shares,Finance,Business Services,,,,,,,,False
LHCG,LHC Group,Health Care,Medical/Nursing Services,,,,,,,,False
LHDX,Lucira Health,Health Care,Biotechnology: Electromedical & Electrotherapeutic Apparatus,,,,,,,,False
LHX,L3Harris Technologies,Capital Goods,Industrial Machinery/Components,,,,,,,,False
LI,Li Auto American Depositary Shares,Capital Goods,Auto Manufacturing,,,,,,,,False
LIAN,LianBio American Depositary Shares, Acquisition, Acquisition,,,,,,,,False
LIBY,Liberty Resources Acquisition Corp Class A, Acquisition, Acquisition,,,,,,,,False
LIBYU,Liberty Resources Acquisition Corp Unit, Acquisition, Acquisition,,,,,,,,False
LIBYW,Liberty Resources Acquisition Corp Warrant, Acquisition, Acquisition,,,,,,,,False
LICY,Li-Cycle Holdings Corp Common Shares, Acquisition, Acquisition,,,,,,,,False
LIDR,AEye Class A,Capital Goods,Auto Parts:OEM,,,,,,,,False
LIDRW,AEye Warrant,Capital Goods,Auto Parts:OEM,,,,,,,,False
LIFE,aTyr Pharma,Health Care,Biotechnology: Biological Products (No Diagnostic Substances),,,,,,,,False
LII,Lennox International,Capital Goods,Industrial Machinery/Components,,,,,,,,False
LILA,Liberty Latin America Ltd Class A,Consumer Services,Television Services,,,,,,,,False
LILAK,Liberty Latin America Ltd Class C,Consumer Services,Television Services,,,,,,,,False
LILM,Lilium NV Class A Ordinary Shares, Acquisition, Acquisition,,,,,,,,False
LILMW,Lilium NV Warrants, Acquisition, Acquisition,,,,,,,,False
LIN,Linde plc Ordinary Share,Basic Industries,Major Chemicals,,,,,,,,False
LINC,Lincoln Educational Services Corporation,Miscellaneous,Service to the Health Industry,,,,,,,,False
LIND,Lindblad Expeditions Holdings, Acquisition, Acquisition,,,,,,,,False
LINK,Interlink Electronics,Capital Goods,Industrial Machinery/Components,,,,,,,,False
LION,Lionheart III Corp Class A, Acquisition, Acquisition,,,,,,,,False
LIONU,Lionheart III Corp Unit, Acquisition, Acquisition,,,,,,,,False
LIQT,LiqTech International,Capital Goods,Industrial Machinery/Components,,,,,,,,False
LITB,LightInTheBox Holding Co Ltd American Depositary Shares each representing 2 ordinary shares,Consumer Services,Catalog/Specialty Distribution,,,,,,,,False
LITE,Lumentum Holdings,Technology,Computer peripheral equipment,,,,,,,,False
LITM,Snow Lake Resources Ltd Common Shares, Acquisition, Acquisition,,,,,,,,False
LITT,Logistics Innovation Technologies Corp Class A, Acquisition, Acquisition,,,,,,,,False
LIVE,Live Venturesorporated,Capital Goods,Recreational Products/Toys,,,,,,,,False
LIVN,LivaNova PLC Ordinary Shares,Health Care,Biotechnology: Electromedical & Electrotherapeutic Apparatus,,,,,,,,False
LIXT,Lixte Biotechnology Holdings,Health Care,Biotechnology: Pharmaceutical Preparations,,,,,,,,False
LIXTW,Lixte Biotechnology Holdings Warrants,Health Care,Biotechnology: Pharmaceutical Preparations,,,,,,,,False
LIZI,LIZHI American Depositary Shares,Technology,Computer Software: Programming Data Processing,,,,,,,,False
LJAQU,LightJump Acquisition Corporation Unit, Acquisition, Acquisition,,,,,,,,False
LJPC,La Jolla Pharmaceutical Company (DE),Health Care,Biotechnology: Biological Products (No Diagnostic Substances),,,,,,,,False
LKCO,Luokung Technology Corp Ordinary Shares,Consumer Services,Telecommunications Equipment,,,,,,,,False
LKFN,Lakeland Financial Corporation,Finance,Major Banks,,,,,,,,False
LKQ,LKQ Corporation,Capital Goods,Automotive Aftermarket,,,,,,,,False
LL,LL Flooring Holdings,Consumer Services,RETAIL: Building Materials,,,,,,,,False
LLL,JX Luxventure Limited,Consumer Non-Durables,Apparel,,,,,,,,False
LLNW,Limelight Networks, Acquisition, Acquisition,,,,,,,,False
LLY,Eli Lilly,Health Care,Biotechnology: Pharmaceutical Preparations,,,,,,,,False
LMACA,Liberty Media Acquisition Corporation Series A, Acquisition, Acquisition,,,,,,,,False
LMACU,Liberty Media Acquisition Corporation Unit, Acquisition, Acquisition,,,,,,,,False
LMACW,Liberty Media Acquisition Corporation Warrants, Acquisition, Acquisition,,,,,,,,False
LMAO,LMF Acquisition Opportunities Class A, Acquisition, Acquisition,,,,,,,,False
LMAOU,LMF Acquisition Opportunities Unit, Acquisition, Acquisition,,,,,,,,False
LMAT,LeMaitre Vascular,Health Care,Medical/Dental Instruments,,,,,,,,False
LMB,Limbach Holdings,Consumer Services,Military/Government/Technical,,,,,,,,False
LMDX,LumiraDx Limited Common Shares,Health Care,Biotechnology: In Vitro & In Vivo Diagnostic Substances,,,,,,,,False
LMFA,LM Funding America,Finance,Finance: Consumer Services,,,,,,,,False
LMND,Lemonade,Finance,Property-Casualty Insurers,,,,,,,,False
LMNL,Liminal BioSciences Common Shares, Acquisition, Acquisition,,,,,,,,False
LMNR,Limoneira Co, Acquisition, Acquisition,,,,,,,,False
LMPX,LMP Automotive Holdings, Acquisition, Acquisition,,,,,,,,False
LMST,Limestone Bancorp,Finance,Major Banks,,,,,,,,False
LMT,Lockheed Martin Corporation,Capital Goods,Aerospace,,,,,,,,False
LNC,Lincoln National Corporation,Finance,Life Insurance,,,,,,,,False
LND,Brasilagro Brazilian Agric Real Estate Co Sponsored ADR (Brazil), Acquisition, Acquisition,,,,,,,,False
LNDC,Landec Corporation (DE),Consumer Non-Durables,Farming/Seeds/Milling,,,,,,,,False
LNFA,L&amp;F Acquisition Corp Class A Ordinary Shares,Finance,Business Services,,,,,,,,False
LNG,Cheniere Energy,Public Utilities,Oil/Gas Transmission,,,,,,,,False
LNN,Lindsay Corporation,Capital Goods,Industrial Machinery/Components,,,,,,,,False
LNSR,LENSAR,Health Care,Medical Electronics,,,,,,,,False
LNT,Alliant Energy Corporation,Public Utilities,Power Generation,,,,,,,,False
LNTH,Lantheus Holdings,Health Care,Medical Specialities,,,,,,,,False
LOAN,Manhattan Bridge Capital,Consumer Services,Real Estate Investment Trusts,,,,,,,,False
LOB,Live Oak Bancshares,Finance,Commercial Banks,,,,,,,,False
LOCC,Live Oak Crestview Climate Acquisition Corp Class A, Acquisition, Acquisition,,,,,,,,False
LOCL,Local Bounti Corporation, Acquisition, Acquisition,,,,,,,,False
LOCO,El Pollo Loco Holdings,Consumer Services,Restaurants,,,,,,,,False
LODE,Comstock Mining,Finance,Real Estate,,,,,,,,False
LOGC,LogicBio Therapeutics,Health Care,Biotechnology: Biological Products (No Diagnostic Substances),,,,,,,,False
LOGI,Logitech International SA Ordinary Shares,Technology,Computer peripheral equipment,,,,,,,,False
LOKM,Live Oak Mobility Acquisition Corp Class A, Acquisition, Acquisition,,,,,,,,False
LOMA,Loma Negra Compania Industrial Argentina Sociedad Anonima ADS,Capital Goods,Building Materials,,,,,,,,False
LOOP,Loop Industries, Acquisition, Acquisition,,,,,,,,False
LOPE,Grand Canyon Education,Miscellaneous,Service to the Health Industry,,,,,,,,False
LOTZ,CarLotz Class A,Consumer Services,Other Specialty Stores,,,,,,,,False
LOV,Spark Networks American Depositary Shares (each representing one-tenth of an Ordinary Share),Miscellaneous,Other Consumer Services,,,,,,,,False
LOVE,The Lovesac Company, Acquisition, Acquisition,,,,,,,,False
LOW,Lowe's Companies,Consumer Services,RETAIL: Building Materials,,,,,,,,False
LPCN,Lipocine,Health Care,Biotechnology: Pharmaceutical Preparations,,,,,,,,False
LPG,Dorian LPG Ltd,Transportation,Marine Transportation,,,,,,,,False
LPI,Laredo Petroleum,Energy,Oil & Gas Production,,,,,,,,False
LPL,LG Display Co Ltd AMERICAN DEPOSITORY SHARES,Capital Goods,Industrial Machinery/Components,,,,,,,,False
LPLA,LPL Financial Holdings,Finance,Investment Bankers/Brokers/Service,,,,,,,,False
LPRO,Open Lending Corporation Class A,Finance,Finance: Consumer Services,,,,,,,,False
LPSN,LivePerson,Technology,EDP Services,,,,,,,,False
LPTH,LightPath Technologies Class A,Capital Goods,Electronic Components,,,,,,,,False
LPTX,Leap Therapeutics,Health Care,Biotechnology: Biological Products (No Diagnostic Substances),,,,,,,,False
LPX,Louisiana-Pacific Corporation, Acquisition, Acquisition,,,,,,,,False
LQDA,Liquidia Corporation,Health Care,Biotechnology: Biological Products (No Diagnostic Substances),,,,,,,,False
LQDT,Liquidity Services,Consumer Services,Catalog/Specialty Distribution,,,,,,,,False
LRCX,Lam Research Corporation,Technology,Industrial Machinery/Components,,,,,,,,False
LRFC,Logan Ridge Finance Corporation,Finance,Trusts Except Educational Religious and Charitable,,,,,,,,False
LRMR,Larimar Therapeutics,Health Care,Biotechnology: Pharmaceutical Preparations,,,,,,,,False
LRN,Stride,Miscellaneous,Other Consumer Services,,,,,,,,False
LSBK,Lake Shore Bancorp,Finance,Savings Institutions,,,,,,,,False
LSCC,Lattice Semiconductor Corporation,Technology,Semiconductors,,,,,,,,False
LSEA,Landsea Homes Corporation, Acquisition, Acquisition,,,,,,,,False
LSF,Laird Superfood,Consumer Non-Durables,Specialty Foods,,,,,,,,False
LSI,Life Storage,Consumer Services,Real Estate Investment Trusts,,,,,,,,False
LSPD,Lightspeed Commerce Subordinate Voting Shares, Acquisition, Acquisition,,,,,,,,False
LSPRU,Larkspur Health Acquisition Corp Unit, Acquisition, Acquisition,,,,,,,,False
LSTR,Landstar System,Transportation,Trucking Freight/Courier Services,,,,,,,,False
LSXMA,Liberty Media Corporation Series A Liberty SiriusXM,Consumer Services,Broadcasting,,,,,,,,False
LSXMB,Liberty Media Corporation Series B Liberty SiriusXM,Consumer Services,Broadcasting,,,,,,,,False
LSXMK,Liberty Media Corporation Series C Liberty SiriusXM,Consumer Services,Broadcasting,,,,,,,,False
LTBR,Lightbridge Corporation,Miscellaneous,Business Services,,,,,,,,False
LTC,LTC Properties,Consumer Services,Real Estate Investment Trusts,,,,,,,,False
LTCH,Latch,Technology,EDP Services,,,,,,,,False
LTCHW,Latch Warrant expiring 6/4/2026,Technology,EDP Services,,,,,,,,True
LTH,Life Time Group Holdings,Consumer Services,Hotels/Resorts,,,,,,,,False
LTHM,Livent Corporation,Basic Industries,Industrial Specialties,,,,,,,,False
LTRN,Lantern Pharma,Health Care,Biotechnology: Pharmaceutical Preparations,,,,,,,,False
LTRPA,Liberty TripAdvisor Holdings Series A, Acquisition, Acquisition,,,,,,,,False
LTRPB,Liberty TripAdvisor Holdings Series B, Acquisition, Acquisition,,,,,,,,False
LTRX,Lantronix,Capital Goods,Telecommunications Equipment,,,,,,,,False
LTRY,Lotterycom,Consumer Services,Services-Misc Amusement & Recreation,,,,,,,,False
LU,Lufax Holding Ltd American Depositary Shares two of which representing one Ordinary Share,Finance,Finance: Consumer Services,,,,,,,,False
LUB,Luby's,Consumer Services,Restaurants,,,,,,,,False
LUCD,Lucid Diagnostics,Health Care,Biotechnology: Electromedical & Electrotherapeutic Apparatus,,,,,,,,False
LULU,lululemon athletica, Acquisition, Acquisition,,,,,,,,False
LUMN,Lumen Technologies,Public Utilities,Telecommunications Equipment,,,,,,,,False
LUMO,Lumos Pharma,Health Care,Biotechnology: Pharmaceutical Preparations,,,,,,,,False
LUNA,Luna Innovationsorporated,Health Care,Biotechnology: Commercial Physical & Biological Resarch,,,,,,,,False
LUNG,Pulmonx Corporation,Health Care,Industrial Specialties,,,,,,,,False
LUV,Southwest Airlines Company,Transportation,Air Freight/Delivery Services,,,,,,,,False
LUXA,Lux Health Tech Acquisition Corp Class A, Acquisition, Acquisition,,,,,,,,False
LUXAU,Lux Health Tech Acquisition Corp Units, Acquisition, Acquisition,,,,,,,,False
LUXAW,Lux Health Tech Acquisition Corp Warrants, Acquisition, Acquisition,,,,,,,,False
LVACU,LAVA Medtech Acquisition Corp Unit, Acquisition, Acquisition,,,,,,,,False
LVLU,Lulu's Fashion Lounge Holdings,Consumer Non-Durables,Apparel,,,,,,,,False
LVO,LiveOne,Consumer Services,Movies/Entertainment,,,,,,,,False
LVOX,LiveVox Holding Class A,Technology,EDP Services,,,,,,,,False
LVRA,Levere Holdings Corp Class A Ordinary Shares,Finance,Business Services,,,,,,,,False
LVS,Las Vegas Sands Corp,Consumer Services,Hotels/Resorts,,,,,,,,False
LVTX,LAVA Therapeutics NV Ordinary Shares,Health Care,Biotechnology: Pharmaceutical Preparations,,,,,,,,False
LW,Lamb Weston Holdings ,Consumer Non-Durables,Specialty Foods,,,,,,,,False
LWAY,Lifeway Foods,Consumer Non-Durables,Specialty Foods,,,,,,,,False
LWLG,Lightwave Logic,Consumer Non-Durables,Plastic Products,,,,,,,,False
LX,LexinFintech Holdings Ltd American Depositary Shares,Finance,Finance: Consumer Services,,,,,,,,False
LXEH,Lixiang Education Holding Co Ltd American Depositary Shares,Consumer Services,Other Consumer Services,,,,,,,,False
LXFR,Luxfer Holdings PLC Ordinary Shares,Capital Goods,Metal Fabrications,,,,,,,,False
LXP,LXP Industrial Trust (Maryland REIT),Consumer Services,Real Estate Investment Trusts,,,,,,,,False
LXRX,Lexicon Pharmaceuticals,Health Care,Biotechnology: Biological Products (No Diagnostic Substances),,,,,,,,False
LXU,LSB Industries,Basic Industries,Industrial Specialties,,,,,,,,False
LYB,LyondellBasell Industries NV Ordinary Shares Class A (Netherlands),Basic Industries,Major Chemicals,,,,,,,,False
LYEL,Lyell Immunopharma,Health Care,Biotechnology: Pharmaceutical Preparations,,,,,,,,False
LYFT,Lyft Class A,Technology,EDP Services,,,,,,,,False
LYG,Lloyds Banking Group Plc American Depositary Shares,Finance,Commercial Banks,,,,,,,,False
LYL,Dragon Victory International Limited Ordinary Shares,Finance,Finance/Investors Services,,,,,,,,False
LYLT,Loyalty Ventures,Technology,EDP Services,,,,,,,,False
LYRA,Lyra Therapeutics,Consumer Durables,Specialty Chemicals,,,,,,,,False
LYTS,LSI Industries,Consumer Durables,Building Products,,,,,,,,False
LYV,Live Nation Entertainment,Consumer Services,Movies/Entertainment,,,,,,,,False
LZ,LegalZoomcom,Technology,EDP Services,,,,,,,,False
LZB,La-Z-Boyorporated,Consumer Durables,Home Furnishings,,,,,,,,False
M,Macy's,Consumer Services,Department/Specialty Retail Stores,,,,,,,,False
MA,Mastercardorporated,Miscellaneous,Business Services,,,,,,,,False
MAA,Mid-America Apartment Communities,Consumer Services,Real Estate Investment Trusts,,,,,,,,False
MAAQ,Mana Capital Acquisition Corp, Acquisition, Acquisition,,,,,,,,False
MAAQU,Mana Capital Acquisition Corp Unit, Acquisition, Acquisition,,,,,,,,False
MAC,Macerich Company (The),Consumer Services,Real Estate Investment Trusts,,,,,,,,False
MACA,Moringa Acquisition Corp Class A Ordinary Shares,Finance,Business Services,,,,,,,,False
MACAU,Moringa Acquisition Corp Units,Finance,Business Services,,,,,,,,False
MACC,Mission Advancement Corp Class A, Acquisition, Acquisition,,,,,,,,False
MACK,Merrimack Pharmaceuticals,Health Care,Biotechnology: Pharmaceutical Preparations,,,,,,,,False
MAG,MAG Silver Corporation Ordinary Shares, Acquisition, Acquisition,,,,,,,,False
MAIN,Main Street Capital Corporation,Finance,Finance/Investors Services,,,,,,,,False
MAN,ManpowerGroup,Technology,Professional Services,,,,,,,,False
MANH,Manhattan Associates,Technology,Computer Software: Prepackaged Software,,,,,,,,False
MANT,ManTech International Corporation $001 Par Value,Technology,EDP Services,,,,,,,,False
MANU,Manchester United Ltd Class A Ordinary Shares,Consumer Services,Movies/Entertainment,,,,,,,,False
MAPS,WM Technology Class A ,Technology,Computer Software: Prepackaged Software,,,,,,,,False
MAQC,Maquia Capital Acquisition Corporation Class A, Acquisition, Acquisition,,,,,,,,False
MAQCU,Maquia Capital Acquisition Corporation Unit, Acquisition, Acquisition,,,,,,,,False
MAR,Marriott International Class A,Consumer Services,Hotels/Resorts,,,,,,,,False
MARA,Marathon Digital Holdings,Finance,Investment Managers,,,,,,,,False
MARK,Remark Holdings,Consumer Services,Telecommunications Equipment,,,,,,,,False
MARPS,Marine Petroleum Trust Units of Beneficial Interest,Energy,Oilfield Services/Equipment,,,,,,,,False
MAS,Masco Corporation,Capital Goods,Building Products,,,,,,,,False
MASI,Masimo Corporation,Health Care,Medical/Dental Instruments,,,,,,,,False
MASS,908 Devices,Health Care,Medical/Dental Instruments,,,,,,,,False
MAT,Mattel,Consumer Non-Durables,Recreational Products/Toys,,,,,,,,False
MATW,Matthews International Corporation Class A, Acquisition, Acquisition,,,,,,,,False
MATX,Matson,Transportation,Marine Transportation,,,,,,,,False
MAV,Pioneer Municipal Highome Advantage Fund,Finance,Finance Companies,,,,,,,,False
MAX,MediaAlpha Class A,Capital Goods,Industrial Machinery/Components,,,,,,,,False
MAXN,Maxeon Solar Technologies Ltd Ordinary Shares,Finance,Investment Managers,,,,,,,,False
MAXR,Maxar Technologies,Capital Goods,Telecommunications Equipment,,,,,,,,False
MAYS,J W Mays,Consumer Services,Building operators,,,,,,,,False
MBAC,M3-Brigade Acquisition II Corp Class A, Acquisition, Acquisition,,,,,,,,False
MBCN,Middlefield Banc Corp,Finance,Major Banks,,,,,,,,False
MBI,MBIA,Finance,Property-Casualty Insurers,,,,,,,,False
MBII,Marrone Bio Innovations,Basic Industries,Major Chemicals,,,,,,,,False
MBIN,Merchants Bancorp,Finance,Major Banks,,,,,,,,False
MBINN,Merchants Bancorp Depositary Shares Preferred Series C,Finance,Major Banks,,,,,,,,False
MBINO,Merchants Bancorp Depositary Shares Each Representing a 1/40th Interest in a Share of Series B  Fixed-to-Floating Rate,Finance,Major Banks,,,,,,,,False
MBINP,Merchants Bancorp 700% Fixed-to-Floating Rate Series A Non-Cumulative Perpetual Preferred Stock,Finance,Major Banks,,,,,,,,False
MBIO,Mustang Bio,Health Care,Biotechnology: Biological Products (No Diagnostic Substances),,,,,,,,False
MBNKP,Medallion Bank Fixed-to-Floating Rate Non-Cumulative Perpetual Preferred Stock Series F,Finance,Commercial Banks,,,,,,,,False
MBOT,Microbot Medical,Health Care,Medical/Dental Instruments,,,,,,,,False
MBRX,Moleculin Biotech,Health Care,Biotechnology: Pharmaceutical Preparations,,,,,,,,False
MBSC,M3-Brigade Acquisition III Corp Class A, Acquisition, Acquisition,,,,,,,,False
MBT,Mobile TeleSystems Public Joint Stock Company American Depositary Shares (Each representing 2 Shares of),Public Utilities,Telecommunications Equipment,,,,,,,,False
MBTC,Nocturne Acquisition Corporation Ordinary Shares,Finance,Business Services,,,,,,,,False
MBUU,Malibu Boats Class A,Consumer Non-Durables,Recreational Products/Toys,,,,,,,,False
MBWM,Mercantile Bank Corporation,Finance,Major Banks,,,,,,,,False
MC,Moelis & Company Class A,Finance,Investment Bankers/Brokers/Service,,,,,,,,False
MCAA,Mountain & Co I Acquisition Corp Class A Ordinary Shares, Acquisition, Acquisition,,,,,,,,False
MCAAU,Mountain & Co I Acquisition Corp Unit, Acquisition, Acquisition,,,,,,,,False
MCAE,Mountain Crest Acquisition Corp III, Acquisition, Acquisition,,,,,,,,False
MCAEU,Mountain Crest Acquisition Corp III Unit, Acquisition, Acquisition,,,,,,,,False
MCAF,Mountain Crest Acquisition Corp IV, Acquisition, Acquisition,,,,,,,,False
MCAFU,Mountain Crest Acquisition Corp IV Unit, Acquisition, Acquisition,,,,,,,,False
MCAG,Mountain Crest Acquisition Corp V,Consumer Services,Other Pharmaceuticals,,,,,,,,True
MCAGU,Mountain Crest Acquisition Corp V Unit,Consumer Services,Other Pharmaceuticals,,,,,,,,True
MCB,Metropolitan Bank Holding Corp,Finance,Major Banks,,,,,,,,False
MCBC,Macatawa Bank Corporation,Finance,Major Banks,,,,,,,,False
MCBS,MetroCity Bankshares,Finance,Major Banks,,,,,,,,False
MCD,McDonald's Corporation,Consumer Services,Restaurants,,,,,,,,False
MCFT,MasterCraft Boat Holdings,Consumer Non-Durables,Recreational Products/Toys,,,,,,,,False
MCG,Membership Collective Group Class A,Consumer Services,Hotels/Resorts,,,,,,,,False
MCHP,Microchip Technologyorporated,Technology,Semiconductors,,,,,,,,False
MCHX,Marchex Class B,Miscellaneous,Business Services,,,,,,,,False
MCI,Barings Corporate Investors,Finance,Trusts Except Educational Religious and Charitable,,,,,,,,False
MCK,McKesson Corporation,Health Care,Other Pharmaceuticals,,,,,,,,False
MCLD,mCloud Technologies Corp Common Shares, Acquisition, Acquisition,,,,,,,,False
MCN,Madison Covered Call & Equity Strategy Fund, Acquisition, Acquisition,,,,,,,,False
MCO,Moody's Corporation,Technology,Advertising,,,,,,,,False
MCR,MFS Charterome Trust,Finance,Trusts Except Educational Religious and Charitable,,,,,,,,False
MCRB,Seres Therapeutics,Health Care,Biotechnology: Pharmaceutical Preparations,,,,,,,,False
MCRI,Monarch Casino & Resort,Consumer Services,Movies/Entertainment,,,,,,,,False
MCS,Marcus Corporation (The),Consumer Services,Movies/Entertainment,,,,,,,,False
MCW,Mister Car Wash, Acquisition, Acquisition,,,,,,,,False
MCY,Mercury General Corporation,Finance,Property-Casualty Insurers,,,,,,,,False
MD,Mednax,Health Care,Medical Specialities,,,,,,,,False
MDB,MongoDB Class A,Technology,Retail: Computer Software & Peripheral Equipment,,,,,,,,False
MDC,MDC Holdings,Capital Goods,Homebuilding,,,,,,,,False
MDGL,Madrigal Pharmaceuticals,Health Care,Biotechnology: Pharmaceutical Preparations,,,,,,,,False
MDGS,Medigus Ltd American Depositary Shares,Health Care,Medical/Dental Instruments,,,,,,,,False
MDH,MDH Acquisition Corp Class A, Acquisition, Acquisition,,,,,,,,False
MDIA,Mediaco Holding Class A ,Consumer Services,Broadcasting,,,,,,,,False
MDJH,MDJM LTD Ordinary Share,Finance,Real Estate,,,,,,,,False
MDLZ,Mondelez International Class A,Consumer Non-Durables,Meat/Poultry/Fish,,,,,,,,False
MDNA,Medicenna Therapeutics Corp Common Shares, Acquisition, Acquisition,,,,,,,,False
MDRR,Medalist Diversified REIT,Consumer Services,Real Estate Investment Trusts,,,,,,,,False
MDRRP,Medalist Diversified REIT Series A Cumulative Redeemable Preferred Stock,Consumer Services,Real Estate Investment Trusts,,,,,,,,False
MDRX,Allscripts Healthcare Solutions,Technology,EDP Services,,,,,,,,False
MDT,Medtronic plc Ordinary Shares,Health Care,Biotechnology: Electromedical & Electrotherapeutic Apparatus,,,,,,,,False
MDU,MDU Resources Group (Holding Company), Acquisition, Acquisition,,,,,,,,False
MDVL,MedAvail Holdings,Health Care,Biotechnology: Pharmaceutical Preparations,,,,,,,,False
MDWD,MediWound Ltd Ordinary Shares,Consumer Durables,Specialty Chemicals,,,,,,,,False
MDWT,Midwest Holding,Finance,Life Insurance,,,,,,,,False
MDXG,MiMedx Group,Health Care,Biotechnology: Pharmaceutical Preparations,,,,,,,,False
MDXH,MDxHealth SA American Depositary Shares, Acquisition, Acquisition,,,,,,,,False
ME,23andMe Holding Co Class A,Health Care,Precision Instruments,,,,,,,,False
MEAC,Mercury Ecommerce Acquisition Corp Class A, Acquisition, Acquisition,,,,,,,,False
MEACU,Mercury Ecommerce Acquisition Corp Unit, Acquisition, Acquisition,,,,,,,,False
MEC,Mayville Engineering Company,Capital Goods,Metal Fabrications,,,,,,,,False
MED,MEDIFAST,Miscellaneous,Other Consumer Services,,,,,,,,False
MEDP,Medpace Holdings,Health Care,Biotechnology: Commercial Physical & Biological Resarch,,,,,,,,False
MEDS,TRxADE HEALTH, Acquisition, Acquisition,,,,,,,,False
MEG,Montrose Environmental Group, Acquisition, Acquisition,,,,,,,,False
MEGI,MainStay CBRE Global Infrastructure Megatrends Fund Common Shares, Acquisition, Acquisition,,,,,,,,False
MEI,Methode Electronics,Capital Goods,Electrical Products,,,,,,,,False
MEIP,MEI Pharma,Health Care,Biotechnology: Pharmaceutical Preparations,,,,,,,,False
MEKA,MELI Kaszek Pioneer Corp Class A Ordinary Shares, Acquisition, Acquisition,,,,,,,,False
MELI,MercadoLibre,Consumer Services,Catalog/Specialty Distribution,,,,,,,,False
MEOA,Minority Equality Opportunities Acquisition Class A, Acquisition, Acquisition,,,,,,,,False
MEOAU,Minority Equality Opportunities Acquisition Units, Acquisition, Acquisition,,,,,,,,False
MEOH,Methanex Corporation, Acquisition, Acquisition,,,,,,,,False
MERC,Mercer International,Basic Industries,Paper,,,,,,,,False
MESA,Mesa Air Group,Transportation,Air Freight/Delivery Services,,,,,,,,False
MESO,Mesoblast Limited American Depositary Shares,Health Care,Biotechnology: Biological Products (No Diagnostic Substances),,,,,,,,False
MET,MetLife,Finance,Life Insurance,,,,,,,,False
META,Meta,Technology,Internet and Information Services,,,,,,,,False
METC,Ramaco Resources,Energy,Coal Mining,,,,,,,,False
METCL,Ramaco Resources 900% Senior Notes due 2026, Acquisition, Acquisition,,,,,,,,False
METX,Meten Holding Group Ltd Ordinary Shares,Consumer Services,Other Consumer Services,,,,,,,,False
MF,Missfresh Limited American Depositary Shares, Acquisition, Acquisition,,,,,,,,False
MFA,MFA Financial,Consumer Services,Real Estate Investment Trusts,,,,,,,,False
MFC,Manulife Financial Corporation,Technology,Advertising,,,,,,,,False
MFD,Macquarie First Trust Global,Finance,Trusts Except Educational Religious and Charitable,,,,,,,,False
MFG,Mizuho Financial Group Sponosred ADR (Japan),Finance,Major Banks,,,,,,,,False
MFGP,Micro Focus Intl PLC ADS each representing One Ord Sh,Technology,Computer Software: Prepackaged Software,,,,,,,,False
MFH,Mercurity Fintech Holding ADS,Technology,EDP Services,,,,,,,,False
MFIN,Medallion Financial Corp,Finance,Diversified Financial Services,,,,,,,,False
MFM,MFS Municipalome Trust,Finance,Finance Companies,,,,,,,,False
MFV,MFS Special Value Trust,Finance,Trusts Except Educational Religious and Charitable,,,,,,,,False
MG,Mistras Group,Miscellaneous,Diversified Manufacture,,,,,,,,False
MGA,Magna International,Capital Goods,Auto Parts:OEM,,,,,,,,False
MGEE,MGE Energy, Acquisition, Acquisition,,,,,,,,False
MGF,MFS Government Marketsome Trust,Finance,Trusts Except Educational Religious and Charitable,,,,,,,,False
MGI,Moneygram International,Miscellaneous,Business Services,,,,,,,,False
MGIC,Magic Software Enterprises Ltd Ordinary Shares,Technology,Computer Software: Prepackaged Software,,,,,,,,False
MGM,MGM Resorts International,Consumer Services,Hotels/Resorts,,,,,,,,False
MGNI,Magnite,Technology,Advertising,,,,,,,,False
MGNX,MacroGenics,Health Care,Biotechnology: Pharmaceutical Preparations,,,,,,,,False
MGP,MGM Growth Properties LLC Class A common shares representing limited liability company interests,Consumer Services,Real Estate Investment Trusts,,,,,,,,False
MGPI,MGP Ingredients,Consumer Non-Durables,Beverages (Production/Distribution),,,,,,,,False
MGR,Affiliated Managers Group 5875% Junior Subordinated Notes due 2059,Finance,Investment Managers,,,,,,,,False
MGRB,Affiliated Managers Group 4750% Junior Subordinated Notes due 2060,Finance,Investment Managers,,,,,,,,False
MGRC,McGrath RentCorp,Technology,Diversified Commercial Services,,,,,,,,False
MGRD,Affiliated Managers Group 4200% Junior Subordinated Notes due 2061,Finance,Investment Managers,,,,,,,,False
MGTA,Magenta Therapeutics,Health Care,Biotechnology: Pharmaceutical Preparations,,,,,,,,False
MGTX,MeiraGTx Holdings plc Ordinary Shares,Health Care,Biotechnology: Biological Products (No Diagnostic Substances),,,,,,,,False
MGU,Macquarie Global Infrastructure Total Return Fund,Finance,Trusts Except Educational Religious and Charitable,,,,,,,,False
MGY,Magnolia Oil & Gas Corporation Class A,Energy,Oil & Gas Production,,,,,,,,False
MGYR,Magyar Bancorp,Finance,Major Banks,,,,,,,,False
MHD,Blackrock MuniHoldings Fund,Finance,Trusts Except Educational Religious and Charitable,,,,,,,,False
MHF,Western Asset Municipal Highome Fund,Finance,Finance/Investors Services,,,,,,,,False
MHH,Mastech Digital,Consumer Services,Professional Services,,,,,,,,False
MHI,Pioneer Municipal Highome Fund,Finance,Investment Managers,,,,,,,,False
MHK,Mohawk Industries,Consumer Durables,Home Furnishings,,,,,,,,False
MHLA,Maiden Holdings Ltd 6625% Notes due 2046,Finance,Property-Casualty Insurers,,,,,,,,False
MHLD,Maiden Holdings Ltd,Finance,Property-Casualty Insurers,,,,,,,,False
MHN,Blackrock MuniHoldings New York Quality Fund,Finance,Finance Companies,,,,,,,,False
MHNC,Maiden Holdings North America Ltd 775% Notes due 2043,Finance,Property-Casualty Insurers,,,,,,,,False
MHO,M/I Homes,Capital Goods,Homebuilding,,,,,,,,False
MIC,Macquarie Infrastructure Holdings LLC Common Unit,Transportation,Aerospace,,,,,,,,False
MICT,MICT,Technology,EDP Peripherals,,,,,,,,False
MIDD,Middleby Corporation (The),Capital Goods,Diversified Manufacture,,,,,,,,False
MIGI,Mawson Infrastructure Group,Technology,EDP Services,,,,,,,,False
MILE,Metromile,Finance,Property-Casualty Insurers,,,,,,,,False
MIME,Mimecast Limited Ordinary Shares,Technology,EDP Services,,,,,,,,False
MIMO,Airspan Networks Holdings,Consumer Services,Telecommunications Equipment,,,,,,,,False
MIN,MFS Intermediateome Trust,Finance,Trusts Except Educational Religious and Charitable,,,,,,,,False
MIND,MIND Technology (DE),Capital Goods,Industrial Machinery/Components,,,,,,,,False
MINDP,MIND Technology Series A 900% Series A Cumulative Preferred Stock (DE),Capital Goods,Industrial Machinery/Components,,,,,,,,False
MINM,Minim,Consumer Services,Telecommunications Equipment,,,,,,,,False
MIO,Pioneer Municipal Highome Opportunities Fund, Acquisition, Acquisition,,,,,,,,False
MIR,Mirion Technologies Class A,Technology,Industrial Machinery/Components,,,,,,,,False
MIRM,Mirum Pharmaceuticals,Health Care,Biotechnology: Pharmaceutical Preparations,,,,,,,,False
MIRO,Miromatrix Medical,Health Care,Biotechnology: Biological Products (No Diagnostic Substances),,,,,,,,False
MIST,Milestone Pharmaceuticals Common Shares, Acquisition, Acquisition,,,,,,,,False
MIT,Mason Industrial Technology Class A, Acquisition, Acquisition,,,,,,,,False
MITA,Coliseum Acquisition Corp Class A Ordinary Share, Acquisition, Acquisition,,,,,,,,False
MITAU,Coliseum Acquisition Corp Unit, Acquisition, Acquisition,,,,,,,,False
MITC,MeaTech 3D Ltd American Depositary Shares,Consumer Non-Durables,Packaged Foods,,,,,,,,False
MITK,Mitek Systems,Technology,Computer Software: Prepackaged Software,,,,,,,,False
MITO,Stealth BioTherapeutics Corp ADS,Health Care,Biotechnology: Pharmaceutical Preparations,,,,,,,,False
MITQ,Moving iMage Technologies,Capital Goods,Telecommunications Equipment,,,,,,,,False
MITT,AG Mortgage Investment Trust,Consumer Services,Real Estate Investment Trusts,,,,,,,,False
MIXT,MiX Telematics Limited American Depositary Shares each representing 25 Ordinary Shares,Technology,Computer Software: Prepackaged Software,,,,,,,,True
MIY,Blackrock MuniYield Michigan Quality Fund,Finance,Finance Companies,,,,,,,,False
MKC,McCormick & Companyorporated,Consumer Non-Durables,Farming/Seeds/Milling,,,,,,,,False
MKD,Molecular Data American Depositary Shares,Miscellaneous,Business Services,,,,,,,,False
MKFG,Markforged Holding Corporation,Technology,Retail: Computer Software & Peripheral Equipment,,,,,,,,True
MKL,Markel Corporation,Finance,Property-Casualty Insurers,,,,,,,,False
MKSI,MKS Instruments,Capital Goods,Industrial Machinery/Components,,,,,,,,False
MKTW,MarketWise Class A,Technology,Computer Software: Prepackaged Software,,,,,,,,False
MKTWW,MarketWise Warrant,Technology,Computer Software: Prepackaged Software,,,,,,,,False
MKTX,MarketAxess Holdings,Finance,Investment Bankers/Brokers/Service,,,,,,,,False
ML,MoneyLion Class A,Technology,Retail: Computer Software & Peripheral Equipment,,,,,,,,True
MLAB,Mesa Laboratories,Capital Goods,Industrial Machinery/Components,,,,,,,,False
MLAC,Malacca Straits Acquisition Company Limited Class A Ordinary Shares,Finance,Business Services,,,,,,,,False
MLACU,Malacca Straits Acquisition Company Limited Units,Finance,Business Services,,,,,,,,False
MLAI,McLaren Technology Acquisition Corp Class A, Acquisition, Acquisition,,,,,,,,False
MLAIU,McLaren Technology Acquisition Corp Unit, Acquisition, Acquisition,,,,,,,,False
MLCO,Melco Resorts & Entertainment Limited American Depositary Shares,Consumer Services,Hotels/Resorts,,,,,,,,False
MLI,Mueller Industries,Basic Industries,Metal Fabrications,,,,,,,,False
MLKN,MillerKnoll,Capital Goods,Wholesale Distributors,,,,,,,,False
MLM,Martin Marietta Materials,Capital Goods,Building Materials,,,,,,,,False
MLNK,MeridianLink, Acquisition, Acquisition,,,,,,,,False
MLP,Maui Land & Pineapple Company,Finance,Real Estate,,,,,,,,False
MLR,Miller Industries,Capital Goods,Construction/Ag Equipment/Trucks,,,,,,,,False
MLSS,Milestone Scientific,Health Care,Industrial Specialties,,,,,,,,False
MLVF,Malvern Bancorp,Finance,Banks,,,,,,,,False
MMAT,Meta Materials,Technology,Semiconductors,,,,,,,,False
MMC,Marsh & McLennan Companies,Finance,Specialty Insurers,,,,,,,,False
MMD,MainStay MacKay DefinedTerm Municipal Opportunities Fund,Finance,Investment Managers,,,,,,,,False
MMI,Marcus & Millichap,Finance,Real Estate,,,,,,,,False
MMLP,Martin Midstream Partners LP Limited Partnership,Energy,Oil Refining/Marketing,,,,,,,,False
MMM,3M Company, Acquisition, Acquisition,,,,,,,,False
MMMB,MamaMancini's Holdings,Consumer Non-Durables,Farming/Seeds/Milling,,,,,,,,False
MMP,Magellan Midstream Partners LP Limited Partnership,Energy,Oil & Gas Production,,,,,,,,False
MMS,Maximus,Miscellaneous,Business Services,,,,,,,,False
MMSI,Merit Medical Systems,Health Care,Medical/Dental Instruments,,,,,,,,False
MMT,MFS Multimarketome Trust,Finance,Trusts Except Educational Religious and Charitable,,,,,,,,False
MMU,Western Asset Managed Municipals Fund,Finance,Investment Managers,,,,,,,,False
MMX,Maverix Metals Common Shares, Acquisition, Acquisition,,,,,,,,False
MMYT,MakeMyTrip Limited Ordinary Shares,Technology,Internet and Information Services,,,,,,,,False
MN,Manning & Napier Class A,Finance,Investment Managers,,,,,,,,False
MNDO,MIND CTI Ltd Ordinary Shares,Technology,EDP Services,,,,,,,,False
MNDT,Mandiant,Technology,Computer Software: Prepackaged Software,,,,,,,,False
MNDY,mondaycom Ltd Ordinary Shares, Acquisition, Acquisition,,,,,,,,False
MNKD,MannKind Corporation,Health Care,Biotechnology: Pharmaceutical Preparations,,,,,,,,False
MNMD,Mind Medicine (MindMed) Subordinate Voting Shares, Acquisition, Acquisition,,,,,,,,False
MNOV,Medicinova,Health Care,Biotechnology: Pharmaceutical Preparations,,,,,,,,False
MNP,Western Asset Municipal Partners Fund,Finance,Trusts Except Educational Religious and Charitable,,,,,,,,False
MNPR,Monopar Therapeutics,Health Care,Biotechnology: Pharmaceutical Preparations,,,,,,,,False
MNRL,Brigham Minerals Class A,Energy,Oil & Gas Production,,,,,,,,False
MNRO,Monro, Acquisition, Acquisition,,,,,,,,False
MNSB,MainStreet Bancshares,Finance,Major Banks,,,,,,,,False
MNSBP,MainStreet Bancshares Depositary Shares,Finance,Major Banks,,,,,,,,False
MNSO,MINISO Group Holding Limited American Depositary Shares each representing four Class A Ordinary Shares,Consumer Services,Department/Specialty Retail Stores,,,,,,,,False
MNST,Monster Beverage Corporation,Consumer Non-Durables,Beverages (Production/Distribution),,,,,,,,False
MNTK,Montauk Renewables, Acquisition, Acquisition,,,,,,,,False
MNTN,Everest Consolidator Acquisition Corporation, Acquisition, Acquisition,,,,,,,,False
MNTS,Momentus Class A, Acquisition, Acquisition,,,,,,,,False
MNTV,Momentive Global,Technology,EDP Services,,,,,,,,False
MNTX,Manitex International,Consumer Durables,Home Furnishings,,,,,,,,False
MO,Altria Group,Consumer Non-Durables,Farming/Seeds/Milling,,,,,,,,False
MOBQ,Mobiquity Technologies,Technology,Advertising,,,,,,,,False
MOD,Modine Manufacturing Company,Capital Goods,Auto Parts:OEM,,,,,,,,False
MODN,Model N,Technology,EDP Services,,,,,,,,False
MODV,ModivCare, Acquisition, Acquisition,,,,,,,,False
MOFG,MidWestOne Financial Gp,Finance,Major Banks,,,,,,,,False
MOGO,Mogo Common Shares, Acquisition, Acquisition,,,,,,,,False
MOGU,MOGU American Depositary Shares (each  representing 25 Class A Ordinary Shares),Miscellaneous,Business Services,,,,,,,,False
MOH,Molina Healthcare,Health Care,Medical Specialities,,,,,,,,False
MOHO,ECMOHO Limited American Depositary Shares,Consumer Services,Catalog/Specialty Distribution,,,,,,,,False
MOLN,Molecular Partners AG American Depositary Shares, Acquisition, Acquisition,,,,,,,,False
MOMO,Hello Group American Depositary Shares,Technology,Computer Software: Prepackaged Software,,,,,,,,False
MON,Monument Circle Acquisition Corp Class A, Acquisition, Acquisition,,,,,,,,False
MONCU,Monument Circle Acquisition Corp Unit, Acquisition, Acquisition,,,,,,,,False
MOR,MorphoSys AG American Depositary Shares,Health Care,Biotechnology: Pharmaceutical Preparations,,,,,,,,False
MORF,Morphic Holding,Health Care,Biotechnology: Pharmaceutical Preparations,,,,,,,,False
MORN,Morningstar,Technology,Advertising,,,,,,,,False
MOS,Mosaic Company (The),Basic Industries,Agricultural Chemicals,,,,,,,,False
MOTS,Motus GI Holdings,Health Care,Biotechnology: Electromedical & Electrotherapeutic Apparatus,,,,,,,,False
MOV,Movado Group,Consumer Non-Durables,Consumer Specialties,,,,,,,,False
MOVE,Movano,Health Care,Biotechnology: Electromedical & Electrotherapeutic Apparatus,,,,,,,,False
MOXC,Moxian (BVI), Acquisition, Acquisition,,,,,,,,False
MP,MP Materials Corp,Basic Industries,Metal Mining,,,,,,,,False
MPA,Blackrock MuniYield Pennsylvania Quality Fund,Finance,Finance Companies,,,,,,,,False
MPAA,Motorcar Parts  of America,Capital Goods,Auto Parts:OEM,,,,,,,,False
MPAC,Model Performance Acquisition Corp Class A Ordinary Share,Finance,Business Services,,,,,,,,False
MPACU,Model Performance Acquisition Corp Units,Finance,Business Services,,,,,,,,False
MPB,Mid Penn Bancorp,Finance,Major Banks,,,,,,,,False
MPC,Marathon Petroleum,Energy,Integrated oil Companies,,,,,,,,False
MPLN,MultiPlan Corporation Class A,Health Care,Medical Specialities,,,,,,,,False
MPLX,MPLX LP Common Units Representing Limited Partner Interests,Energy,Oil & Gas Production,,,,,,,,False
MPRA,Mercato Partners Acquisition Corporation Class A, Acquisition, Acquisition,,,,,,,,False
MPRAU,Mercato Partners Acquisition Corporation Unit, Acquisition, Acquisition,,,,,,,,False
MPV,Barings Participation Investors,Finance,Finance Companies,,,,,,,,False
MPW,Medical Properties Trust,Consumer Services,Real Estate Investment Trusts,,,,,,,,False
MPWR,Monolithic Power Systems,Technology,Semiconductors,,,,,,,,False
MPX,Marine Products Corporation,Consumer Non-Durables,Recreational Products/Toys,,,,,,,,False
MQ,Marqeta Class A,Technology,EDP Services,,,,,,,,False
MQT,Blackrock MuniYield Quality Fund II,Finance,Investment Managers,,,,,,,,False
MQY,Blackrock MuniYield Quality Fund,Finance,Investment Managers,,,,,,,,False
MRAI,Marpai Class A,Health Care,Managed Health Care,,,,,,,,False
MRAM,Everspin Technologies,Technology,Electronic Components,,,,,,,,False
MRBK,Meridian Corporation,Finance,Major Banks,,,,,,,,False
MRC,MRC Global,Capital Goods,Fluid Controls,,,,,,,,False
MRCC,Monroe Capital Corporation,Finance,Investment Managers,,,,,,,,False
MRCY,Mercury Systems, Acquisition, Acquisition,,,,,,,,False
MREO,Mereo BioPharma Group plc American Depositary Shares,Health Care,Biotechnology: Pharmaceutical Preparations,,,,,,,,False
MRIN,Marin Softwareorporated,Technology,Computer Software: Prepackaged Software,,,,,,,,False
MRK,Merck & Company (new),Health Care,Biotechnology: Pharmaceutical Preparations,,,,,,,,False
MRKR,Marker Therapeutics,Health Care,Biotechnology: Pharmaceutical Preparations,,,,,,,,False
MRM,MEDIROM Healthcare Technologies American Depositary Share,Consumer Services,Other Consumer Services,,,,,,,,False
MRNA,Moderna,Health Care,Biotechnology: Biological Products (No Diagnostic Substances),,,,,,,,False
MRNS,Marinus Pharmaceuticals,Health Care,Biotechnology: Pharmaceutical Preparations,,,,,,,,False
MRO,Marathon Oil Corporation,Energy,Oil & Gas Production,,,,,,,,False
MRSN,Mersana Therapeutics,Health Care,Biotechnology: Pharmaceutical Preparations,,,,,,,,False
MRTN,Marten Transport Ltd,Transportation,Trucking Freight/Courier Services,,,,,,,,False
MRTX,Mirati Therapeutics,Health Care,Biotechnology: Pharmaceutical Preparations,,,,,,,,False
MRUS,Merus NV Common Shares,Health Care,Biotechnology: Pharmaceutical Preparations,,,,,,,,False
MRVI,Maravai LifeSciences Holdings Class A,Health Care,Biotechnology: Pharmaceutical Preparations,,,,,,,,False
MRVL,Marvell Technology,Technology,Semiconductors,,,,,,,,False
MS,Morgan Stanley,Finance,Investment Bankers/Brokers/Service,,,,,,,,False
MSA,MSA Safetyorporated,Miscellaneous,Diversified Manufacture,,,,,,,,False
MSAC,Medicus Sciences Acquisition Corp Class A Ordinary Share,Finance,Business Services,,,,,,,,False
MSB,Mesabi Trust,Basic Industries,Steel/Iron Ore,,,,,,,,False
MSBI,Midland States Bancorp,Finance,Major Banks,,,,,,,,False
MSC,Studio City International Holdings Limited American depositary shares each representing four  Class A ordinary shares,Consumer Services,Hotels/Resorts,,,,,,,,False
MSCI,MSCI,Technology,Advertising,,,,,,,,False
MSD,Morgan Stanley Emerging Markets Debt Fund,Finance,Trusts Except Educational Religious and Charitable,,,,,,,,False
MSDA,MSD Acquisition Corp Class A Ordinary Shares,Finance,Business Services,,,,,,,,False
MSDAU,MSD Acquisition Corp Unit,Finance,Business Services,,,,,,,,False
MSEX,Middlesex Water Company,Public Utilities,Water Supply,,,,,,,,False
MSFT,Microsoft Corporation,Technology,Computer Software: Prepackaged Software,,,,,,,,False
MSGE,Madison Square Garden Entertainment Corp Class A ,Consumer Services,Movies/Entertainment,,,,,,,,False
MSGM,Motorsport Games Class A, Acquisition, Acquisition,,,,,,,,False
MSGS,Madison Square Garden Sports Corp Class A (New),Consumer Services,Hotels/Resorts,,,,,,,,False
MSI,Motorola Solutions,Technology,Radio And Television Broadcasting And Communications Equipment,,,,,,,,False
MSM,MSC Industrial Direct Company,Capital Goods,Industrial Machinery/Components,,,,,,,,False
MSN,Emerson Radio Corporation,Consumer Non-Durables,Consumer Electronics/Appliances,,,,,,,,False
MSP,Datto Holding Corp,Technology,Computer Software: Prepackaged Software,,,,,,,,False
MSTR,MicroStrategyorporated Class A,Technology,Computer Software: Prepackaged Software,,,,,,,,False
MSVB,Mid-Southern Bancorp,Finance,Major Banks,,,,,,,,False
MT,Arcelor Mittal NY Registry Shares NEW,Basic Industries,Steel/Iron Ore,,,,,,,,False
MTA,Metalla Royalty & Streaming Ltd Common Shares, Acquisition, Acquisition,,,,,,,,False
MTAC,MedTech Acquisition Corporation Class A, Acquisition, Acquisition,,,,,,,,False
MTACU,MedTech Acquisition Corporation Unit, Acquisition, Acquisition,,,,,,,,False
MTACW,MedTech Acquisition Corporation Warrant, Acquisition, Acquisition,,,,,,,,False
MTAL,Metals Acquisition Corp Class A Ordinary Shares, Acquisition, Acquisition,,,,,,,,False
MTB,M&T Bank Corporation,Finance,Major Banks,,,,,,,,False
MTBC,CareCloud,Health Care,Managed Health Care,,,,,,,,False
MTBCP,CareCloud 11% Series A Cumulative Redeemable Perpetual Preferred Stock,Health Care,Managed Health Care,,,,,,,,False
MTC,MMTec Common Shares,Technology,Computer Software: Prepackaged Software,,,,,,,,False
MTCH,Match Group, Acquisition, Acquisition,,,,,,,,False
MTCN,ArcelorMittal 550% Mandatorily Convertible Subordinated Notes due 2023,Basic Industries,Steel/Iron Ore,,,,,,,,False
MTCR,Metacrine,Consumer Durables,Specialty Chemicals,,,,,,,,False
MTD,Mettler-Toledo International,Health Care,Medical Specialities,,,,,,,,False
MTDR,Matador Resources Company,Energy,Oil & Gas Production,,,,,,,,False
MTEM,Molecular Templates,Health Care,Biotechnology: Biological Products (No Diagnostic Substances),,,,,,,,False
MTEX,Mannatechorporated,Consumer Durables,Specialty Chemicals,,,,,,,,False
MTG,MGIC Investment Corporation,Finance,Property-Casualty Insurers,,,,,,,,False
MTH,Meritage Homes Corporation,Capital Goods,Homebuilding,,,,,,,,False
MTL,Mechel PAO American Depositary Shares (Each rep 1 common shares),Basic Industries,Steel/Iron Ore,,,,,,,,False
MTLS,Materialise NV American Depositary Shares,Technology,Computer Software: Prepackaged Software,,,,,,,,False
MTN,Vail Resorts,Consumer Services,Movies/Entertainment,,,,,,,,False
MTNB,Matinas Biopharma Holdings,Health Care,Biotechnology: Pharmaceutical Preparations,,,,,,,,False
MTOR,Meritor,Capital Goods,Auto Parts:OEM,,,,,,,,False
MTP,Midatech Pharma PLC American Depositary Shs,Health Care,Biotechnology: Pharmaceutical Preparations,,,,,,,,False
MTR,Mesa Royalty Trust,Energy,Oil & Gas Production,,,,,,,,False
MTRN,Materion Corporation, Acquisition, Acquisition,,,,,,,,False
MTRX,Matrix Service Company,Consumer Services,Military/Government/Technical,,,,,,,,False
MTRY,Monterey Bio Acquisition Corporation, Acquisition, Acquisition,,,,,,,,False
MTRYU,Monterey Bio Acquisition Corporation Unit, Acquisition, Acquisition,,,,,,,,False
MTRYW,Monterey Bio Acquisition Corporation Warrant, Acquisition, Acquisition,,,,,,,,False
MTSI,MACOM Technology Solutions Holdings,Technology,Semiconductors,,,,,,,,False
MTTR,Matterport Class A,Technology,Computer Software: Prepackaged Software,,,,,,,,False
MTW,Manitowoc Company (The),Capital Goods,Construction/Ag Equipment/Trucks,,,,,,,,False
MTX,Minerals Technologies,Basic Industries,Major Chemicals,,,,,,,,False
MTZ,MasTec,Basic Industries,Water Sewer Pipeline Comm & Power Line Construction,,,,,,,,False
MU,Micron Technology,Technology,Semiconductors,,,,,,,,False
MUA,Blackrock MuniAssets Fund,Finance,Trusts Except Educational Religious and Charitable,,,,,,,,False
MUC,Blackrock MuniHoldings California Quality Fund ,Finance,Finance Companies,,,,,,,,False
MUDS,Mudrick Capital Acquisition Corporation II Class A, Acquisition, Acquisition,,,,,,,,False
MUDSW,Mudrick Capital Acquisition Corporation II Warrant, Acquisition, Acquisition,,,,,,,,False
MUE,Blackrock MuniHoldings Quality Fund II,Finance,Trusts Except Educational Religious and Charitable,,,,,,,,False
MUFG,Mitsubishi UFJ Financial Group,Finance,Commercial Banks,,,,,,,,False
MUI,BlackRock Municipalome Fund,Finance,Trusts Except Educational Religious and Charitable,,,,,,,,False
MUJ,Blackrock MuniHoldings New Jersey Quality Fund,Finance,Trusts Except Educational Religious and Charitable,,,,,,,,False
MULN,Mullen Automotive,Capital Goods,Auto Manufacturing,,,,,,,,False
MUR,Murphy Oil Corporation,Energy,Oil & Gas Production,,,,,,,,False
MUSA,Murphy USA,Public Utilities,Natural Gas Distribution,,,,,,,,False
MUX,McEwen Mining,Basic Industries,Precious Metals,,,,,,,,False
MVBF,MVB Financial Corp,Finance,Savings Institutions,,,,,,,,False
MVF,Blackrock MuniVest Fund,Finance,Finance/Investors Services,,,,,,,,False
MVIS,MicroVision,Capital Goods,Industrial Machinery/Components,,,,,,,,False
MVO,MV Oil Trust Units of Beneficial Interests,Energy,Oil & Gas Production,,,,,,,,False
MVST,Microvast Holdings,Capital Goods,Industrial Machinery/Components,,,,,,,,False
MVT,Blackrock MuniVest Fund II ,Finance,Trusts Except Educational Religious and Charitable,,,,,,,,False
MWA,MUELLER WATER PRODUCTS,Capital Goods,Office Equipment/Supplies/Services,,,,,,,,False
MX,Magnachip Semiconductor Corporation,Technology,Semiconductors,,,,,,,,False
MXC,Mexco Energy Corporation,Energy,Oil & Gas Production,,,,,,,,False
MXCT,MaxCyte,Health Care,Biotechnology: Electromedical & Electrotherapeutic Apparatus,,,,,,,,False
MXE,Mexico Equity andome Fund (The),Finance,Finance Companies,,,,,,,,False
MXF,Mexico Fund (The),Finance,Trusts Except Educational Religious and Charitable,,,,,,,,False
MXL,MaxLinear,Technology,Semiconductors,,,,,,,,False
MYD,Blackrock MuniYield Fund ,Finance,Trusts Except Educational Religious and Charitable,,,,,,,,False
MYE,Myers Industries,Capital Goods,Auto Parts:OEM,,,,,,,,False
MYFW,First Western Financial,Finance,Major Banks,,,,,,,,False
MYGN,Myriad Genetics,Health Care,Biotechnology: In Vitro & In Vivo Diagnostic Substances,,,,,,,,False
MYI,Blackrock MuniYield Quality Fund III,Finance,Finance Companies,,,,,,,,False
MYMD,MyMD Pharmaceuticals,Consumer Durables,Specialty Chemicals,,,,,,,,False
MYN,Blackrock MuniYield New York Quality FundCommon Stock,Finance,Finance Companies,,,,,,,,False
MYNA,Mynaric AG American Depository Shares, Acquisition, Acquisition,,,,,,,,False
MYNZ,Mainz Biomed BV Ordinary Shares, Acquisition, Acquisition,,,,,,,,False
MYO,Myomo,Health Care,Industrial Specialties,,,,,,,,False
MYOV,Myovant Sciences Ltd Common Shares,Health Care,Biotechnology: Pharmaceutical Preparations,,,,,,,,False
MYPS,PLAYSTUDIOS  Class A,Technology,EDP Services,,,,,,,,False
MYPSW,PLAYSTUDIOS Warrant,Technology,EDP Services,,,,,,,,False
MYRG,MYR Group,Basic Industries,Water Sewer Pipeline Comm & Power Line Construction,,,,,,,,False
MYSZ,My Size,Technology,Retail: Computer Software & Peripheral Equipment,,,,,,,,False
MYTE,MYT Netherlands Parent BV American Depositary Shares each representing one Ordinary Share,Consumer Services,Catalog/Specialty Distribution,,,,,,,,False
NAAC,North Atlantic Acquisition Corporation Class A Ordinary Share,Finance,Business Services,,,,,,,,False
NAACU,North Atlantic Acquisition Corporation Unit,Finance,Business Services,,,,,,,,False
NABL,N-able,Technology,EDP Services,,,,,,,,False
NAC,Nuveen California Quality Municipalome Fund,Finance,Investment Managers,,,,,,,,False
NAD,Nuveen Quality Municipalome Fund,Finance,Investment Managers,,,,,,,,False
NAII,Natural Alternatives International,Consumer Non-Durables,Food Distributors,,,,,,,,False
NAK,Northern Dynasty Minerals Ltd, Acquisition, Acquisition,,,,,,,,False
NAN,Nuveen New York Quality Municipalome Fund,Finance,Investment Managers,,,,,,,,False
NAOV,NanoVibronix,Health Care,Industrial Specialties,,,,,,,,False
NAPA,The Duckhorn Portfolio,Consumer Non-Durables,Beverages (Production/Distribution),,,,,,,,False
NARI,Inari Medical,Health Care,Biotechnology: Electromedical & Electrotherapeutic Apparatus,,,,,,,,False
NAT,Nordic American Tankers Limited,Transportation,Marine Transportation,,,,,,,,False
NATH,Nathan's Famous,Consumer Services,Restaurants,,,,,,,,False
NATI,National Instruments Corporation,Technology,Computer Software: Prepackaged Software,,,,,,,,False
NATR,Nature's Sunshine Products,Consumer Non-Durables,Farming/Seeds/Milling,,,,,,,,False
NAUT,Nautilus Biotechnolgy,Health Care,Biotechnology: Pharmaceutical Preparations,,,,,,,,False
NAVB,Navidea Biopharmaceuticals,Health Care,Biotechnology: In Vitro & In Vivo Diagnostic Substances,,,,,,,,False
NAVI,Navient Corporation,Finance,Finance: Consumer Services,,,,,,,,False
NAZ,Nuveen Arizona Quality Municipalome Fund,Finance,Finance/Investors Services,,,,,,,,False
NBB,Nuveen Taxable Municipalome Fund Common Shares of Beneficial Interest,Finance,Finance Companies,,,,,,,,False
NBEV,NewAge (Delaware),Consumer Non-Durables,Beverages (Production/Distribution),,,,,,,,False
NBH,Neuberger Berman Municipal Fund,Finance,Finance/Investors Services,,,,,,,,False
NBHC,National Bank Holdings Corporation,Finance,Major Banks,,,,,,,,False
NBIX,Neurocrine Biosciences,Health Care,Biotechnology: Biological Products (No Diagnostic Substances),,,,,,,,False
NBN,Northeast Bank,Finance,Major Banks,,,,,,,,False
NBO,Neuberger Berman New York Municipal Fund,Finance,Finance/Investors Services,,,,,,,,False
NBR,Nabors Industries Ltd,Energy,Oil & Gas Production,,,,,,,,False
NBRV,Nabriva Therapeutics plc Ordinary Shares Ireland,Health Care,Biotechnology: Pharmaceutical Preparations,,,,,,,,False
NBSE,NeuBase Therapeutics ,Health Care,Biotechnology: Pharmaceutical Preparations,,,,,,,,False
NBST,Newbury Street Acquisition Corporation, Acquisition, Acquisition,,,,,,,,True
NBTB,NBT Bancorp,Finance,Major Banks,,,,,,,,False
NBTX,Nanobiotix SA American Depositary Shares,Health Care,Biotechnology: Pharmaceutical Preparations,,,,,,,,False
NBW,Neuberger Berman California Municipal Fund,Finance,Finance/Investors Services,,,,,,,,False
NBXG,Neuberger Berman Next Generation Connectivity Fund, Acquisition, Acquisition,,,,,,,,False
NBY,NovaBay Pharmaceuticals,Health Care,Biotechnology: Pharmaceutical Preparations,,,,,,,,False
NC,NACCO Industries, Acquisition, Acquisition,,,,,,,,False
NCA,Nuveen California Municipal Value Fund,Finance,Investment Managers,,,,,,,,False
NCAC,Newcourt Acquisition Corp Class A Ordinary Share, Acquisition, Acquisition,,,,,,,,False
NCACU,Newcourt Acquisition Corp Unit, Acquisition, Acquisition,,,,,,,,False
NCBS,Nicolet Bankshares,Finance,Major Banks,,,,,,,,False
NCLH,Norwegian Cruise Line Holdings Ltd Ordinary Shares,Transportation,Marine Transportation,,,,,,,,False
NCMI,National CineMedia,Technology,Advertising,,,,,,,,False
NCNA,NuCana plc American Depositary Share,Health Care,Biotechnology: Pharmaceutical Preparations,,,,,,,,False
NCNO,nCino,Technology,Computer Software: Prepackaged Software,,,,,,,,False
NCR,NCR Corporation,Miscellaneous,Office Equipment/Supplies/Services,,,,,,,,False
NCSM,NCS Multistage Holdings,Energy,Oilfield Services/Equipment,,,,,,,,False
NCTY,The9 Limited American Depository Shares,Technology,Computer Software: Prepackaged Software,,,,,,,,False
NCV,Virtus AllianzGI Convertible &ome Fund Common Shares of Beneficial Interest,Finance,Finance Companies,,,,,,,,False
NCZ,Virtus AllianzGI Convertible &ome Fund II Common Shares of Beneficial Interest,Finance,Finance Companies,,,,,,,,False
NDAC,NightDragon Acquisition Corp Class A, Acquisition, Acquisition,,,,,,,,False
NDACU,NightDragon Acquisition Corp SCALE Units, Acquisition, Acquisition,,,,,,,,False
NDAQ,Nasdaq,Finance,Investment Bankers/Brokers/Service,,,,,,,,False
NDLS,Noodles & Company Class A,Consumer Services,Restaurants,,,,,,,,False
NDMO,Nuveen Dynamic Municipal Opportunities Fund Common Shares of Beneficial Interest,Finance,Trusts Except Educational Religious and Charitable,,,,,,,,False
NDP,Tortoise Energy Independence Fund,Finance,Finance/Investors Services,,,,,,,,False
NDRA,ENDRA Life Sciences,Health Care,Medical Specialities,,,,,,,,False
NDSN,Nordson Corporation,Capital Goods,Industrial Machinery/Components,,,,,,,,False
NE,Noble Corporation plc Ordinary Shares,Energy,Oil & Gas Production,,,,,,,,False
NEA,Nuveen AMT-Free Quality Municipalome Fund Common Shares of Beneficial Interest Par Value $01,Finance,Finance/Investors Services,,,,,,,,False
NECB,NorthEast Community Bancorp,Finance,Savings Institutions,,,,,,,,False
NEE,NextEra Energy,Public Utilities,Electric Utilities: Central,,,,,,,,False
NEGG,Newegg Commerce Common Shares, Acquisition, Acquisition,,,,,,,,False
NEM,Newmont Corporation,Basic Industries,Precious Metals,,,,,,,,False
NEN,New England Realty Associates Limited Partnership Class A Depositary Receipts Evidencing Units of Limited Partnership,Finance,Real Estate,,,,,,,,False
NEO,NeoGenomics,Health Care,Precision Instruments,,,,,,,,False
NEOG,Neogen Corporation,Health Care,Biotechnology: In Vitro & In Vivo Diagnostic Substances,,,,,,,,False
NEON,Neonode,Capital Goods,Industrial Machinery/Components,,,,,,,,False
NEP,NextEra Energy Partners LP Common Units representing limited partner interests,Energy,Electric Utilities: Central,,,,,,,,False
NEPH,Nephros,Health Care,Medical/Dental Instruments,,,,,,,,False
NEPT,Neptune Wellness Solutions, Acquisition, Acquisition,,,,,,,,False
NERV,Minerva Neurosciences,Health Care,Biotechnology: Pharmaceutical Preparations,,,,,,,,False
NESR,National Energy Services Reunited Corp Ordinary Shares,Finance,Business Services,,,,,,,,False
NET,Cloudflare Class A,Technology,EDP Services,,,,,,,,False
NETC,Nabors Energy Transition Corp Class A, Acquisition, Acquisition,,,,,,,,False
NETI,Eneti,Transportation,Marine Transportation,,,,,,,,False
NEU,NewMarket Corp,Basic Industries,Major Chemicals,,,,,,,,False
NEV,Nuveen Enhanced Municipal Value Fund Common Shares of Beneficial Interest,Finance,Trusts Except Educational Religious and Charitable,,,,,,,,False
NEW,Puxin Limited American Depositary Shares each representing two Ordinary Shares,Miscellaneous,Service to the Health Industry,,,,,,,,False
NEWP,New Pacific Metals Corp Common Shares, Acquisition, Acquisition,,,,,,,,False
NEWR,New Relic,Technology,Computer Software: Prepackaged Software,,,,,,,,False
NEWT,Newtek Business Services Corp (Maryland),Finance,Finance/Investors Services,,,,,,,,False
NEWTL,Newtek Business Services Corp 575% Notes due 2024,Finance,Finance/Investors Services,,,,,,,,False
NEWTZ,Newtek Business Services Corp 550% Notes Due 2026, Acquisition, Acquisition,,,,,,,,False
NEX,NexTier Oilfield Solutions,Energy,Oilfield Services/Equipment,,,,,,,,False
NEXA,Nexa Resources SA Common Shares,Basic Industries,Precious Metals,,,,,,,,False
NEXI,NexImmune,Consumer Durables,Specialty Chemicals,,,,,,,,False
NEXT,NextDecade Corporation,Energy,Oil & Gas Production,,,,,,,,False
NFBK,Northfield Bancorp (Delaware),Finance,Major Banks,,,,,,,,False
NFE,New Fortress Energy Class A,Public Utilities,Oil/Gas Transmission,,,,,,,,False
NFG,National Fuel Gas Company,Energy,Oil & Gas Production,,,,,,,,False
NFGC,New Found Gold Corp Common Shares, Acquisition, Acquisition,,,,,,,,False
NFJ,Virtus Dividend Interest & Premium Strategy Fund Common Shares of Beneficial Interest,Finance,Trusts Except Educational Religious and Charitable,,,,,,,,False
NFLX,Netflix,Consumer Services,Movies/Entertainment,,,,,,,,False
NFNT,Infinite Acquisition Corp Class A Ordinary Shares, Acquisition, Acquisition,,,,,,,,False
NFYS,Enphys Acquisition Corp Class A Ordinary Shares, Acquisition, Acquisition,,,,,,,,False
NG,Novagold Resources, Acquisition, Acquisition,,,,,,,,False
NGC,Northern Genesis Acquisition Corp III, Acquisition, Acquisition,,,,,,,,False
NGD,New Gold, Acquisition, Acquisition,,,,,,,,False
NGG,National Grid Transco PLC National Grid PLC (NEW) American Depositary Shares,Public Utilities,Natural Gas Distribution,,,,,,,,False
NGL,NGL ENERGY PARTNERS LP Common Units representing Limited Partner Interests, Acquisition, Acquisition,,,,,,,,False
NGM,NGM Biopharmaceuticals,Health Care,Biotechnology: Biological Products (No Diagnostic Substances),,,,,,,,False
NGMS,NeoGames SA Ordinary Shares,Consumer Services,Services-Misc Amusement & Recreation,,,,,,,,False
NGS,Natural Gas Services Group,Energy,Metal Fabrications,,,,,,,,False
NGVC,Natural Grocers by Vitamin Cottage,Consumer Services,Food Chains,,,,,,,,False
NGVT,Ingevity Corporation ,Basic Industries,Industrial Specialties,,,,,,,,False
NH,NantHealth,Health Care,Managed Health Care,,,,,,,,False
NHC,National HealthCare Corporation,Health Care,Hospital/Nursing Management,,,,,,,,False
NHI,National Health Investors,Consumer Services,Real Estate Investment Trusts,,,,,,,,False
NHIC,NewHold Investment Corp II Class A, Acquisition, Acquisition,,,,,,,,False
NHICU,NewHold Investment Corp II Unit, Acquisition, Acquisition,,,,,,,,False
NHS,Neuberger Berman High Yield Strategies Fund,Finance,Trusts Except Educational Religious and Charitable,,,,,,,,False
NHTC,Natural Health Trends Corp,Miscellaneous,Diversified Commercial Services,,,,,,,,False
NI,NiSource,Public Utilities,Power Generation,,,,,,,,False
NICE,NICE Ltd American Depositary Shares,Technology,Computer Software: Prepackaged Software,,,,,,,,False
NICK,Nicholas Financial, Acquisition, Acquisition,,,,,,,,False
NID,Nuveen Intermediate Duration Municipal Term Fund Common Shares of Beneficial Interest,Finance,Finance Companies,,,,,,,,False
NIE,Virtus AllianzGI Equity & Convertibleome Fund Common Shares of Beneficial Interest,Finance,Investment Managers,,,,,,,,False
NILE,BitNile Holdings,Finance,Investment Bankers/Brokers/Service,,,,,,,,False
NIM,Nuveen Select Maturities Municipal Fund,Finance,Trusts Except Educational Religious and Charitable,,,,,,,,False
NIMC,NiSource Series A Corporate Units,Public Utilities,Power Generation,,,,,,,,False
NINE,Nine Energy Service,Energy,Oilfield Services/Equipment,,,,,,,,False
NIO,NIO American depositary shares each  representing one Class A ordinary share,Capital Goods,Auto Manufacturing,,,,,,,,False
NIQ,Nuveenn Intermediate Duration Quality Municipal Term Fund Common Shares of Beneficial Interest,Finance,Finance/Investors Services,,,,,,,,False
NISN,NiSun International Enterprise Development Group Co Ltd Class A Common Shares,Capital Goods,Metal Fabrications,,,,,,,,False
NIU,Niu Technologies American Depositary Shares,Capital Goods,Auto Manufacturing,,,,,,,,False
NJR,NewJersey Resources Corporation,Public Utilities,Oil/Gas Transmission,,,,,,,,False
NKE,Nike,Consumer Non-Durables,Shoe Manufacturing,,,,,,,,False
NKG,Nuveen Georgia Quality Municipalome Fund ,Finance,Finance/Investors Services,,,,,,,,False
NKLA,Nikola Corporation,Capital Goods,Construction/Ag Equipment/Trucks,,,,,,,,False
NKSH,National Bankshares,Finance,Major Banks,,,,,,,,False
NKTR,Nektar Therapeutics ,Health Care,Biotechnology: Pharmaceutical Preparations,,,,,,,,False
NKTX,Nkarta,Health Care,Biotechnology: Pharmaceutical Preparations,,,,,,,,False
NKX,Nuveen California AMT-Free Quality Municipalome Fund,Finance,Finance/Investors Services,,,,,,,,False
NL,NL Industries,Consumer Services,Diversified Commercial Services,,,,,,,,False
NLIT,Northern Lights Acquisition Corp Class A, Acquisition, Acquisition,,,,,,,,False
NLOK,NortonLifeLock,Technology,Computer Software: Prepackaged Software,,,,,,,,False
NLS,Nautilus,Consumer Non-Durables,Recreational Products/Toys,,,,,,,,False
NLSN,Nielsen NV Ordinary Shares,Miscellaneous,Business Services,,,,,,,,False
NLSP,NLS Pharmaceutics Ltd Ordinary Shares,Health Care,Biotechnology: Pharmaceutical Preparations,,,,,,,,False
NLSPW,NLS Pharmaceutics Ltd Warrant,Health Care,Biotechnology: Pharmaceutical Preparations,,,,,,,,False
NLTX,Neoleukin Therapeutics,Health Care,Biotechnology: Pharmaceutical Preparations,,,,,,,,False
NLY,Annaly Capital Management,Consumer Services,Real Estate Investment Trusts,,,,,,,,False
NM,Navios Maritime Holdings,Transportation,Marine Transportation,,,,,,,,False
NMAI,Nuveen Multi-Assetome Fund Common Shares of Beneficial Interest, Acquisition, Acquisition,,,,,,,,False
NMCO,Nuveen Municipal Credit Opportunities Fund Common Shares,Finance,Finance/Investors Services,,,,,,,,False
NMFC,New Mountain Finance Corporation,Finance,Finance/Investors Services,,,,,,,,False
NMG,Nouveau Monde Graphite Common Shares, Acquisition, Acquisition,,,,,,,,False
NMI,Nuveen Municipalome Fund,Finance,Trusts Except Educational Religious and Charitable,,,,,,,,False
NMIH,NMI Holdings Class A,Finance,Property-Casualty Insurers,,,,,,,,False
NML,Neuberger Berman MLP and Energyome Fund,Finance,Finance/Investors Services,,,,,,,,False
NMM,Navios Maritime Partners LP Common Units Representing Limited Partner Interests,Transportation,Marine Transportation,,,,,,,,False
NMMC,North Mountain Merger Corp Class A, Acquisition, Acquisition,,,,,,,,False
NMMCU,North Mountain Merger Corp Unit, Acquisition, Acquisition,,,,,,,,False
NMR,Nomura Holdings ADR American Depositary Shares,Finance,Investment Bankers/Brokers/Service,,,,,,,,False
NMRD,Nemaura Medical,Health Care,Medical Specialities,,,,,,,,False
NMRK,Newmark Group Class A,Finance,Real Estate,,,,,,,,False
NMS,Nuveen Minnesota Quality Municipalome Fund ,Finance,Finance Companies,,,,,,,,False
NMT,Nuveen Massachusetts Quality Municipalome Fund,Finance,Finance/Investors Services,,,,,,,,False
NMTC,NeuroOne Medical Technologies Corporation,Health Care,Medical Specialities,,,,,,,,False
NMTR,9 Meters Biopharma,Health Care,Biotechnology: Biological Products (No Diagnostic Substances),,,,,,,,False
NMZ,Nuveen Municipal Highome Opportunity Fund $001 par value per share,Finance,Finance/Investors Services,,,,,,,,False
NN,NextNav,Capital Goods,Industrial Machinery/Components,,,,,,,,False
NNBR,NN, Acquisition, Acquisition,,,,,,,,False
NNDM,Nano Dimension Ltd American Depositary Shares,Technology,Electrical Products,,,,,,,,False
NNI,Nelnet,Finance,Finance: Consumer Services,,,,,,,,False
NNN,National Retail Properties,Consumer Services,Real Estate Investment Trusts,,,,,,,,False
NNOX,NANO-X IMAGING LTD Ordinary Shares,Health Care,Medical Electronics,,,,,,,,False
NNVC,NanoViricides,Health Care,Biotechnology: Pharmaceutical Preparations,,,,,,,,False
NNY,Nuveen New York Municipal Value Fund,Finance,Investment Managers,,,,,,,,False
NOA,North American Construction Group Ltd Common Shares (no par), Acquisition, Acquisition,,,,,,,,False
NOAC,Natural Order Acquisition Corp, Acquisition, Acquisition,,,,,,,,False
NOACU,Natural Order Acquisition Corp Unit, Acquisition, Acquisition,,,,,,,,False
NOACW,Natural Order Acquisition Corp Warrant, Acquisition, Acquisition,,,,,,,,False
NOAH,Noah Holdings Limited,Finance,Investment Managers,,,,,,,,False
NOC,Northrop Grumman Corporation,Miscellaneous,Diversified Manufacture,,,,,,,,False
NODK,NI Holdings,Finance,Property-Casualty Insurers,,,,,,,,False
NOG,Northern Oil and Gas,Energy,Oil & Gas Production,,,,,,,,False
NOK,Nokia Corporation Sponsored American Depositary Shares,Technology,Radio And Television Broadcasting And Communications Equipment,,,,,,,,False
NOM,Nuveen Missouri Quality Municipalome Fund ,Finance,Investment Managers,,,,,,,,False
NOMD,Nomad Foods Limited Ordinary Shares,Consumer Non-Durables,Specialty Foods,,,,,,,,False
NOTV,Inotiv,Health Care,Biotechnology: Pharmaceutical Preparations,,,,,,,,False
NOV,NOV,Energy,Metal Fabrications,,,,,,,,False
NOVA,Sunnova Energy International,Public Utilities,Electric Utilities: Central,,,,,,,,False
NOVN,Novan,Health Care,Biotechnology: Pharmaceutical Preparations,,,,,,,,False
NOVT,Novanta, Acquisition, Acquisition,,,,,,,,False
NOVV,Nova Vision Acquisition Corp Ordinary share, Acquisition, Acquisition,,,,,,,,False
NOVVU,Nova Vision Acquisition Corp Unit, Acquisition, Acquisition,,,,,,,,False
NOW,ServiceNow,Technology,Computer Software: Prepackaged Software,,,,,,,,False
NP,Neenah,Basic Industries,Paper,,,,,,,,False
NPAB,New Providence Acquisition Corp II Class A, Acquisition, Acquisition,,,,,,,,True
NPABU,New Providence Acquisition Corp II Unit, Acquisition, Acquisition,,,,,,,,True
NPCE,Neuropace,Health Care,Medical Specialities,,,,,,,,False
NPCT,Nuveen Core Plus Impact Fund Common Shares of Beneficial Interest, Acquisition, Acquisition,,,,,,,,False
NPFD,Nuveen Variable Rate Preferred &ome Fund Common Shares, Acquisition, Acquisition,,,,,,,,False
NPK,National Presto Industries,Consumer Non-Durables,Military/Government/Technical,,,,,,,,False
NPO,EnPro Industries, Acquisition, Acquisition,,,,,,,,False
NPTN,NeoPhotonics Corporation,Technology,Semiconductors,,,,,,,,False
NPV,Nuveen Virginia Quality Municipalome Fund,Finance,Investment Managers,,,,,,,,False
NQP,Nuveen Pennsylvania Quality Municipalome Fund,Finance,Trusts Except Educational Religious and Charitable,,,,,,,,False
NR,Newpark Resources,Energy,Metal Fabrications,,,,,,,,False
NRAC,Noble Rock Acquisition Corporation Class A Ordinary Share,Finance,Business Services,,,,,,,,False
NRACU,Noble Rock Acquisition Corporation Unit,Finance,Business Services,,,,,,,,False
NRBO,NeuroBo Pharmaceuticals,Health Care,Biotechnology: Pharmaceutical Preparations,,,,,,,,False
NRC,National Research Corporation (Delaware),Health Care,Managed Health Care,,,,,,,,False
NRDS,NerdWallet Class A,Technology,Advertising,,,,,,,,False
NRDY,Nerdy Class A,Technology,Computer Software: Prepackaged Software,,,,,,,,False
NREF,NexPoint Real Estate Finance,Consumer Services,Real Estate Investment Trusts,,,,,,,,False
NRG,NRG Energy,Public Utilities,Electric Utilities: Central,,,,,,,,False
NRGX,PIMCO Energy and Tactical Credit Opportunities Fund Common Shares of Beneficial Interest,Finance,Finance/Investors Services,,,,,,,,False
NRIM,Northrim BanCorp,Finance,Savings Institutions,,,,,,,,False
NRIX,Nurix Therapeutics,Health Care,Biotechnology: Pharmaceutical Preparations,,,,,,,,False
NRK,Nuveen New York AMT-Free Quality Municipalome Fund ,Finance,Trusts Except Educational Religious and Charitable,,,,,,,,False
NRO,Neuberger Berman Real Estate Securitiesome Fund Neuberger Berman Real Estate Securitiesome Fund,Finance,Finance/Investors Services,,,,,,,,False
NRP,Natural Resource Partners LP Limited Partnership,Energy,Coal Mining,,,,,,,,False
NRSN,NeuroSense Therapeutics Ltd Ordinary Shares, Acquisition, Acquisition,,,,,,,,False
NRT,North European Oil Royality Trust,Energy,Oil & Gas Production,,,,,,,,False
NRUC,National Rural Utilities Cooperative Finance Corporation 5500% Subordinated Notes due 2064 (Subordinated Deferrable Interest Notes), Acquisition, Acquisition,,,,,,,,False
NRXP,NRX Pharmaceuticals,Health Care,Biotechnology: Pharmaceutical Preparations,,,,,,,,False
NRZ,New Residential Investment Corp,Consumer Services,Real Estate Investment Trusts,,,,,,,,False
NS,Nustar Energy LP  Common Units, Acquisition, Acquisition,,,,,,,,False
NSA,National Storage Affiliates Trust Common Shares of Beneficial Interest,Consumer Services,Real Estate Investment Trusts,,,,,,,,False
NSC,Norfolk Southern Corporation,Transportation,Railroads,,,,,,,,False
NSEC,National Security Group,Finance,Property-Casualty Insurers,,,,,,,,False
NSIT,Insight Enterprises,Technology,EDP Services,,,,,,,,False
NSL,Nuveen Seniorome Fund,Finance,Trusts Except Educational Religious and Charitable,,,,,,,,False
NSP,Insperity,Technology,Professional Services,,,,,,,,False
NSPR,InspireMD,Health Care,Medical/Dental Instruments,,,,,,,,False
NSR,Nomad Royalty Company Ltd Common Shares, Acquisition, Acquisition,,,,,,,,False
NSS,NuStar Logistics LP 7625% Fixed-to-Floating Rate Subordinated Notes due 2043, Acquisition, Acquisition,,,,,,,,False
NSSC,NAPCO Security Technologies,Miscellaneous,Diversified Manufacture,,,,,,,,False
NSTB,Northern Star Investment Corp II Class A, Acquisition, Acquisition,,,,,,,,False
NSTC,Northern Star Investment Corp III Class A, Acquisition, Acquisition,,,,,,,,False
NSTD,Northern Star Investment Corp IV Class A, Acquisition, Acquisition,,,,,,,,False
NSTG,NanoString Technologies,Health Care,Biotechnology: Biological Products (No Diagnostic Substances),,,,,,,,False
NSYS,Nortech Systemsorporated,Capital Goods,Industrial Machinery/Components,,,,,,,,False
NTAP,NetApp,Technology,Electronic Components,,,,,,,,False
NTB,Bank of NT Butterfield & Son Limited (The) Voting Ordinary Shares,Finance,Commercial Banks,,,,,,,,False
NTCO,Natura &Co Holding SA American Depositary Shares ,Consumer Non-Durables,Package Goods/Cosmetics,,,,,,,,False
NTCT,NetScout Systems,Technology,EDP Services,,,,,,,,False
NTES,NetEase American Depositary Shares,Miscellaneous,Business Services,,,,,,,,False
NTG,Tortoise Midstream Energy Fund,Finance,Finance Companies,,,,,,,,False
NTGR,NETGEAR,Public Utilities,Telecommunications Equipment,,,,,,,,False
NTIC,Northern Technologies International Corporation,Basic Industries,Major Chemicals,,,,,,,,False
NTIP,Network-1 Technologies, Acquisition, Acquisition,,,,,,,,False
NTLA,Intellia Therapeutics,Health Care,Biotechnology: In Vitro & In Vivo Diagnostic Substances,,,,,,,,False
NTNX,Nutanix Class A,Technology,EDP Services,,,,,,,,False
NTP,Nam Tai Property,Capital Goods,Industrial Machinery/Components,,,,,,,,False
NTR,Nutrien Ltd Common Shares,Capital Goods,Aerospace,,,,,,,,False
NTRA,Natera,Health Care,Medical Specialities,,,,,,,,False
NTRB,Nutriband,Health Care,Biotechnology: Pharmaceutical Preparations,,,,,,,,False
NTRBW,Nutriband Warrant,Health Care,Biotechnology: Pharmaceutical Preparations,,,,,,,,False
NTRS,Northern Trust Corporation,Finance,Trusts Except Educational Religious and Charitable,,,,,,,,False
NTRSO,Northern Trust Corporation Depositary Shares Each Representing a 1/1000th Interest in a Share of Series E Non-Cumulative Perpetual Preferred Stock,Finance,Trusts Except Educational Religious and Charitable,,,,,,,,False
NTST,NetSTREIT Corp,Consumer Services,Real Estate Investment Trusts,,,,,,,,False
NTUS,Natus Medicalorporated,Health Care,Biotechnology: Electromedical & Electrotherapeutic Apparatus,,,,,,,,False
NTWK,NetSol Technologies Common  Stock,Technology,Computer Software: Prepackaged Software,,,,,,,,False
NTZ,Natuzzi SpA,Consumer Durables,Home Furnishings,,,,,,,,False
NU,Nu Holdings Ltd Class A Ordinary Shares, Acquisition, Acquisition,,,,,,,,False
NUE,Nucor Corporation,Basic Industries,Steel/Iron Ore,,,,,,,,False
NUO,Nuveen Ohio Quality Municipalome Fund,Finance,Finance/Investors Services,,,,,,,,False
NURO,NeuroMetrix,Health Care,Medical/Dental Instruments,,,,,,,,False
NUS,Nu Skin Enterprises,Health Care,Other Pharmaceuticals,,,,,,,,False
NUV,Nuveen Municipal Value Fund,Finance,Trusts Except Educational Religious and Charitable,,,,,,,,False
NUVA,NuVasive,Health Care,Medical/Dental Instruments,,,,,,,,False
NUVB,Nuvation Bio Class A,Health Care,Biotechnology: Pharmaceutical Preparations,,,,,,,,False
NUVL,Nuvalent Class A,Health Care,Biotechnology: Pharmaceutical Preparations,,,,,,,,False
NUW,Nuveen AMT-Free Municipal Value Fund,Finance,Investment Managers,,,,,,,,False
NUWE,Nuwellis,Health Care,Biotechnology: Electromedical & Electrotherapeutic Apparatus,,,,,,,,False
NUZE,NuZee,Consumer Non-Durables,Farming/Seeds/Milling,,,,,,,,False
NVAX,Novavax,Health Care,Biotechnology: Biological Products (No Diagnostic Substances),,,,,,,,False
NVCN,Neovasc Common Shares, Acquisition, Acquisition,,,,,,,,False
NVCR,NovoCure Limited Ordinary Shares,Health Care,Medical/Dental Instruments,,,,,,,,False
NVDA,NVIDIA Corporation,Technology,Semiconductors,,,,,,,,False
NVEC,NVE Corporation,Technology,Semiconductors,,,,,,,,False
NVEE,NV5 Global,Consumer Services,Military/Government/Technical,,,,,,,,False
NVEI,Nuvei Corporation Subordinate Voting Shares, Acquisition, Acquisition,,,,,,,,False
NVFY,Nova Lifestyle,Consumer Durables,Home Furnishings,,,,,,,,False
NVG,Nuveen AMT-Free Municipal Creditome Fund ,Finance,Investment Managers,,,,,,,,False
NVGS,Navigator Holdings Ltd Ordinary Shares (Marshall Islands),Transportation,Marine Transportation,,,,,,,,False
NVIV,InVivo Therapeutics Holdings Corp,Health Care,Biotechnology: Biological Products (No Diagnostic Substances),,,,,,,,False
NVMI,Nova Ltd Ordinary Shares,Capital Goods,Electronic Components,,,,,,,,False
NVNO,enVVeno Medical Corporation,Health Care,Medical/Dental Instruments,,,,,,,,False
NVNOW,enVVeno Medical Corporation Warrants,Health Care,Medical/Dental Instruments,,,,,,,,False
NVO,Novo Nordisk A/S,Health Care,Biotechnology: Pharmaceutical Preparations,,,,,,,,False
NVOS,Novo Integrated Sciences,Health Care,Assisted Living Services,,,,,,,,False
NVR,NVR,Capital Goods,Homebuilding,,,,,,,,False
NVRO,Nevro Corp,Health Care,Biotechnology: Electromedical & Electrotherapeutic Apparatus,,,,,,,,False
NVS,Novartis AG,Health Care,Biotechnology: Pharmaceutical Preparations,,,,,,,,False
NVSA,New Vista Acquisition Corp Class A Ordinary Shares,Finance,Business Services,,,,,,,,False
NVSAU,New Vista Acquisition Corp Unit,Finance,Business Services,,,,,,,,False
NVST,Envista Holdings Corporation,Health Care,Medical/Dental Instruments,,,,,,,,False
NVT,nVent Electric plc Ordinary Shares ,Capital Goods,Electrical Products,,,,,,,,False
NVTA,Invitae Corporation,Health Care,Medical Specialities,,,,,,,,False
NVTS,Navitas Semiconductor Corporation,Technology,Semiconductors,,,,,,,,False
NVVE,Nuvve Holding Corp,Energy,Oil Refining/Marketing,,,,,,,,False
NWBI,Northwest Bancshares,Finance,Major Banks,,,,,,,,False
NWE,NorthWestern Corporation,Public Utilities,Power Generation,,,,,,,,False
NWFL,Norwood Financial Corp,Finance,Major Banks,,,,,,,,False
NWG,NatWest Group plc American Depositary Shares,Finance,Commercial Banks,,,,,,,,False
NWL,Newell Brands,Consumer Non-Durables,Plastic Products,,,,,,,,False
NWLI,National Western Life Group Class A,Finance,Life Insurance,,,,,,,,False
NWN,Northwest Natural Holding Company,Public Utilities,Oil/Gas Transmission,,,,,,,,False
NWPX,Northwest Pipe Company,Basic Industries,Steel/Iron Ore,,,,,,,,False
NWS,News Corporation Class B,Consumer Services,Broadcasting,,,,,,,,False
NWSA,News Corporation Class A,Consumer Services,Broadcasting,,,,,,,,False
NX,Quanex Building Products Corporation,Basic Industries,Metal Fabrications,,,,,,,,False
NXC,Nuveen California Select Tax-Freeome Portfolio,Finance,Investment Managers,,,,,,,,False
NXDT,NexPoint Diversified Real Estate Trust,Finance,Investment Managers,,,,,,,,False
NXE,Nexgen Energy Ltd Common Shares, Acquisition, Acquisition,,,,,,,,False
NXGL,NexGel,Health Care,Medical/Dental Instruments,,,,,,,,False
NXGN,NextGen Healthcare,Health Care,Managed Health Care,,,,,,,,False
NXJ,Nuveen New Jersey Qualified Municipal Fund ,Finance,Finance/Investors Services,,,,,,,,False
NXN,Nuveen New York Select Tax-Freeome Portfolio,Finance,Trusts Except Educational Religious and Charitable,,,,,,,,False
NXP,Nuveen Select Tax Freeome Portfolio,Finance,Trusts Except Educational Religious and Charitable,,,,,,,,False
NXPI,NXP Semiconductors NV,Technology,Semiconductors,,,,,,,,False
NXRT,NexPoint Residential Trust,Consumer Services,Real Estate Investment Trusts,,,,,,,,False
NXST,Nexstar Media Group Class A,Consumer Services,Broadcasting,,,,,,,,False
NXTC,NextCure,Health Care,Biotechnology: Pharmaceutical Preparations,,,,,,,,False
NXTP,NextPlay Technologies,Technology,EDP Services,,,,,,,,False
NYC,New York City REIT Class A,Consumer Services,Real Estate Investment Trusts,,,,,,,,False
NYCB,New York Community Bancorp,Finance,Banks,,,,,,,,False
NYMT,New York Mortgage Trust,Consumer Services,Real Estate Investment Trusts,,,,,,,,False
NYMTL,New York Mortgage Trust 6875% Series F Fixed-to-Floating Rate Cumulative Redeemable Preferred Stock $001 par value per share,Consumer Services,Real Estate Investment Trusts,,,,,,,,False
NYMTM,New York Mortgage Trust 7875% Series E Fixed-to-Floating Rate Cumulative Redeemable Preferred Stock,Consumer Services,Real Estate Investment Trusts,,,,,,,,False
NYMTN,New York Mortgage Trust 800% Series D Fixed-to-Floating Rate Cumulative Redeemable Preferred Stock,Consumer Services,Real Estate Investment Trusts,,,,,,,,False
NYMTZ,New York Mortgage Trust 7000% Series G Cumulative Redeemable Preferred Stock $001 par value per share,Consumer Services,Real Estate Investment Trusts,,,,,,,,False
NYMX,Nymox Pharmaceutical Corporation (Bahamas),Health Care,Biotechnology: In Vitro & In Vivo Diagnostic Substances,,,,,,,,False
NYT,New York Times Company (The),Consumer Services,Newspapers/Magazines,,,,,,,,False
NYXH,Nyxoah SA Ordinary Shares, Acquisition, Acquisition,,,,,,,,False
NZF,Nuveen Municipal Creditome Fund ,Finance,Finance Companies,,,,,,,,False
O,Realtyome Corporation,Consumer Services,Real Estate Investment Trusts,,,,,,,,False
OACB,Oaktree Acquisition Corp II Class A Ordinary Shares,Finance,Business Services,,,,,,,,False
OAS,Oasis Petroleum,Energy,Oil & Gas Production,,,,,,,,False
OB,Outbrain,Capital Goods,Industrial Machinery/Components,,,,,,,,False
OBCI,Ocean Bio-Chem, Acquisition, Acquisition,,,,,,,,False
OBLG,Oblong,Technology,Computer Software: Prepackaged Software,,,,,,,,False
OBNK,Origin Bancorp,Finance,Commercial Banks,,,,,,,,False
OBSV,ObsEva SA Ordinary Shares,Health Care,Biotechnology: Pharmaceutical Preparations,,,,,,,,False
OBT,Orange County Bancorp,Finance,Major Banks,,,,,,,,False
OC,Owens Corning New, Acquisition, Acquisition,,,,,,,,False
OCA,Omnichannel Acquisition Corp Class A, Acquisition, Acquisition,,,,,,,,False
OCAX,OCA Acquisition Corp Class A, Acquisition, Acquisition,,,,,,,,False
OCAXU,OCA Acquisition Corp Unit, Acquisition, Acquisition,,,,,,,,False
OCC,Optical Cable Corporation,Basic Industries,Telecommunications Equipment,,,,,,,,False
OCCI,OFS Credit Company,Finance,Trusts Except Educational Religious and Charitable,,,,,,,,False
OCCIN,OFS Credit Company 525% Series E Term Preferred Stock Due 2026,Finance,Trusts Except Educational Religious and Charitable,,,,,,,,False
OCCIO,OFS Credit Company 6125% Series C Term Preferred Stock,Finance,Trusts Except Educational Religious and Charitable,,,,,,,,False
OCDX,Ortho Clinical Diagnostics Holdings plc Ordinary Shares,Health Care,Biotechnology: In Vitro & In Vivo Diagnostic Substances,,,,,,,,False
OCFC,OceanFirst Financial Corp,Finance,Savings Institutions,,,,,,,,False
OCFCP,OceanFirst Financial Corp Depositary Shares,Finance,Savings Institutions,,,,,,,,False
OCFT,OneConnect Financial Technology Co Ltd American Depositary Shares each representing three ordinary shares,Technology,Computer Software: Programming Data Processing,,,,,,,,False
OCG,Oriental Culture Holding LTD Ordinary Shares,Consumer Services,Other Consumer Services,,,,,,,,False
OCGN,Ocugen,Health Care,Biotechnology: Pharmaceutical Preparations,,,,,,,,False
OCN,Ocwen Financial Corporation NEW,Finance,Finance: Consumer Services,,,,,,,,False
OCSL,Oaktree Specialty Lending Corporation,Finance,Finance: Consumer Services,,,,,,,,False
OCUL,Ocular Therapeutix,Health Care,Biotechnology: Pharmaceutical Preparations,,,,,,,,False
OCUP,Ocuphire Pharma,Health Care,Biotechnology: Pharmaceutical Preparations,,,,,,,,False
OCX,Oncocyte Corporation,Health Care,Biotechnology: Pharmaceutical Preparations,,,,,,,,False
ODC,Oil-Dri Corporation Of America,Basic Industries,Industrial Specialties,,,,,,,,False
ODFL,Old Dominion Freight Line,Transportation,Trucking Freight/Courier Services,,,,,,,,False
ODP,The ODP Corporation,Miscellaneous,Diversified Commercial Services,,,,,,,,False
OEC,Orion Engineered Carbons SA Common Shares,Basic Industries,Specialty Chemicals,,,,,,,,False
OEG,Orbital Energy Group, Acquisition, Acquisition,,,,,,,,False
OEPW,One Equity Partners Open Water I Corp Class A, Acquisition, Acquisition,,,,,,,,False
OEPWU,One Equity Partners Open Water I Corp Unit, Acquisition, Acquisition,,,,,,,,False
OESX,Orion Energy Systems,Consumer Durables,Building Products,,,,,,,,False
OFC,Corporate Office Properties Trust,Consumer Services,Real Estate Investment Trusts,,,,,,,,False
OFED,Oconee Federal Financial Corp,Finance,Savings Institutions,,,,,,,,False
OFG,OFG Bancorp,Finance,Major Banks,,,,,,,,False
OFIX,Orthofix Medical (DE),Health Care,Medical/Dental Instruments,,,,,,,,False
OFLX,Omega Flex,Capital Goods,Building Products,,,,,,,,False
OFS,OFS Capital Corporation,Finance,Finance/Investors Services,,,,,,,,False
OFSSH,OFS Capital Corporation 495% Notes due 2028,Finance,Finance Companies,,,,,,,,False
OG,Onion Global Limited American Depositary Shares (each ten (10) ADSs representing one (1) Class A Ordinary Share),Consumer Services,Catalog/Specialty Distribution,,,,,,,,False
OGE,OGE Energy Corp,Public Utilities,Electric Utilities: Central,,,,,,,,False
OGEN,Oragenics,Health Care,Biotechnology: Pharmaceutical Preparations,,,,,,,,False
OGI,Organigram Holdings Common Shares, Acquisition, Acquisition,,,,,,,,False
OGN,Organon & Co ,Health Care,Biotechnology: Pharmaceutical Preparations,,,,,,,,False
OGS,ONE Gas,Public Utilities,Oil/Gas Transmission,,,,,,,,False
OHAA,OPY Acquisition Corp I Class A, Acquisition, Acquisition,,,,,,,,False
OHAAU,OPY Acquisition Corp I Units, Acquisition, Acquisition,,,,,,,,False
OHI,Omega Healthcare Investors,Consumer Services,Real Estate Investment Trusts,,,,,,,,False
OHPA,Orion Acquisition Corp Class A, Acquisition, Acquisition,,,,,,,,False
OHPAU,Orion Acquisition Corp Unit, Acquisition, Acquisition,,,,,,,,False
OI,O-I Glass,Consumer Durables,Containers/Packaging,,,,,,,,False
OIA,Invesco Municipalome Opportunities Trust,Finance,Finance Companies,,,,,,,,False
OII,Oceaneering International,Energy,Oilfield Services/Equipment,,,,,,,,False
OIIM,O2Micro International Limited American Depositary Shares,Technology,Semiconductors,,,,,,,,False
OIS,Oil States International,Energy,Metal Fabrications,,,,,,,,False
OKE,ONEOK,Public Utilities,Oil & Gas Production,,,,,,,,False
OKTA,Okta Class A,Technology,EDP Services,,,,,,,,False
OLB,The OLB Group,Technology,EDP Services,,,,,,,,False
OLED,Universal Display Corporation,Technology,Semiconductors,,,,,,,,False
OLITU,OmniLit Acquisition Corp Units, Acquisition, Acquisition,,,,,,,,False
OLK,Olink Holding AB (publ) American Depositary Shares,Capital Goods,Biotechnology: Laboratory Analytical Instruments,,,,,,,,False
OLLI,Ollie's Bargain Outlet Holdings,Consumer Services,Department/Specialty Retail Stores,,,,,,,,False
OLMA,Olema Pharmaceuticals,Health Care,Biotechnology: Pharmaceutical Preparations,,,,,,,,False
OLN,Olin Corporation,Basic Industries,Industrial Specialties,,,,,,,,False
OLO,Olo Class A,Technology,Computer Software: Prepackaged Software,,,,,,,,False
OLP,One Liberty Properties,Consumer Services,Real Estate Investment Trusts,,,,,,,,False
OLPX,Olaplex Holdings,Miscellaneous,Diversified Commercial Services,,,,,,,,False
OM,Outset Medical,Health Care,Biotechnology: Electromedical & Electrotherapeutic Apparatus,,,,,,,,False
OMAB,Grupo Aeroportuario del Centro Norte SAB de CV ADS,Transportation,Aerospace,,,,,,,,False
OMC,Omnicom Group,Technology,Advertising,,,,,,,,False
OMCL,Omnicell ($0001 par value),Health Care,Managed Health Care,,,,,,,,False
OMEG,Omega Alpha SPAC Class A Ordinary Shares,Finance,Business Services,,,,,,,,False
OMER,Omeros Corporation,Health Care,Biotechnology: Pharmaceutical Preparations,,,,,,,,False
OMEX,Odyssey Marine Exploration,Consumer Services,Marine Transportation,,,,,,,,False
OMF,OneMain Holdings,Finance,Finance: Consumer Services,,,,,,,,False
OMGA,Omega Therapeutics,Health Care,Biotechnology: Pharmaceutical Preparations,,,,,,,,False
OMI,Owens & Minor,Health Care,Medical Specialities,,,,,,,,False
OMIC,Singular Genomics Systems,Health Care,Medical/Dental Instruments,,,,,,,,False
OMQS,OMNIQ Corp,Technology,EDP Services,,,,,,,,False
ON,ON Semiconductor Corporation,Technology,Semiconductors,,,,,,,,False
ONB,Old National Bancorp,Finance,Major Banks,,,,,,,,False
ONCR,Oncorus,Consumer Durables,Specialty Chemicals,,,,,,,,False
ONCS,OncoSec Medicalorporated,Health Care,Biotechnology: In Vitro & In Vivo Diagnostic Substances,,,,,,,,False
ONCT,Oncternal Therapeutics,Health Care,Biotechnology: Pharmaceutical Preparations,,,,,,,,False
ONCY,Oncolytics Biotech Common Shares, Acquisition, Acquisition,,,,,,,,False
ONDS,Ondas Holdings,Capital Goods,Telecommunications Equipment,,,,,,,,False
ONE,OneSmart International Education Group Limited ADS,Miscellaneous,Service to the Health Industry,,,,,,,,False
ONEM,1Life Healthcare,Technology,Computer Software: Prepackaged Software,,,,,,,,False
ONEW,OneWater Marine Class A,Basic Industries,Homebuilding,,,,,,,,False
ONL,Orion Office REIT,Consumer Services,Real Estate Investment Trusts,,,,,,,,False
ONON,On Holding AG Class A Ordinary Shares, Acquisition, Acquisition,,,,,,,,False
ONTF,ON24,Technology,Computer Software: Prepackaged Software,,,,,,,,False
ONTO,Onto Innovation,Technology,Semiconductors,,,,,,,,False
ONTX,Onconova Therapeutics,Health Care,Biotechnology: Pharmaceutical Preparations,,,,,,,,False
ONVO,Organovo Holdings,Health Care,Biotechnology: Biological Products (No Diagnostic Substances),,,,,,,,False
ONYX,Onyx Acquisition Co I Class A Ordinary Shares, Acquisition, Acquisition,,,,,,,,False
ONYXU,Onyx Acquisition Co I Unit, Acquisition, Acquisition,,,,,,,,False
OOMA,Ooma,Consumer Services,Telecommunications Equipment,,,,,,,,False
OP,OceanPal, Acquisition, Acquisition,,,,,,,,False
OPA,Magnum Opus Acquisition Limited Class A Ordinary Shares, Acquisition, Acquisition,,,,,,,,False
OPAD,Offerpad Solutions Class A,Finance,Real Estate,,,,,,,,False
OPBK,OP Bancorp,Finance,Commercial Banks,,,,,,,,False
OPCH,Option Care Health,Health Care,Medical/Nursing Services,,,,,,,,False
OPEN,Opendoor Technologies,Finance,Real Estate,,,,,,,,False
OPFI,OppFi Class A,Technology,EDP Services,,,,,,,,False
OPGN,OpGen,Health Care,Medical Specialities,,,,,,,,False
OPHC,OptimumBank Holdings,Finance,Major Banks,,,,,,,,False
OPI,Office Propertiesome Trust Common Shares of Beneficial Interest,Consumer Services,Real Estate Investment Trusts,,,,,,,,False
OPINL,Office Propertiesome Trust 6375% Senior Notes due 2050,Consumer Services,Real Estate Investment Trusts,,,,,,,,False
OPK,OPKO Health,Health Care,Biotechnology: In Vitro & In Vivo Diagnostic Substances,,,,,,,,False
OPNT,Opiant Pharmaceuticals,Health Care,Biotechnology: Pharmaceutical Preparations,,,,,,,,False
OPOF,Old Point Financial Corporation,Finance,Major Banks,,,,,,,,False
OPP,RiverNorth/DoubleLine Strategic Opportunity Fund,Finance,Finance/Investors Services,,,,,,,,False
OPRA,Opera Limited American Depositary Shares,Technology,Computer Software: Prepackaged Software,,,,,,,,False
OPRT,Oportun Financial Corporation,Finance,Finance Companies,,,,,,,,False
OPRX,OptimizeRx Corporation,Health Care,Managed Health Care,,,,,,,,False
OPT,Opthea Limited American Depositary Shares,Health Care,Biotechnology: Biological Products (No Diagnostic Substances),,,,,,,,False
OPTN,OptiNose,Health Care,Biotechnology: Pharmaceutical Preparations,,,,,,,,False
OPTT,Ocean Power Technologies,Capital Goods,Industrial Machinery/Components,,,,,,,,False
OPY,Oppenheimer Holdings Class A (DE),Finance,Investment Bankers/Brokers/Service,,,,,,,,False
OR,Osisko Gold Royalties Ltd Common Shares, Acquisition, Acquisition,,,,,,,,False
ORA,Ormat Technologies,Public Utilities,Electric Utilities: Central,,,,,,,,False
ORAN,Orange,Public Utilities,Telecommunications Equipment,,,,,,,,False
ORC,Orchid Island Capital,Consumer Services,Real Estate Investment Trusts,,,,,,,,False
ORCC,Owl Rock Capital Corporation,Finance,Diversified Financial Services,,,,,,,,False
ORCL,Oracle Corporation,Technology,Computer Software: Prepackaged Software,,,,,,,,False
ORGN,Origin Materials,Basic Industries,Industrial Specialties,,,,,,,,False
ORGO,Organogenesis Holdings Class A,Health Care,Biotechnology: Pharmaceutical Preparations,,,,,,,,False
ORGS,Orgenesis,Health Care,Biotechnology: Pharmaceutical Preparations,,,,,,,,False
ORI,Old Republic International Corporation,Finance,Specialty Insurers,,,,,,,,False
ORIA,Orion Biotech Opportunities Corp Class A Ordinary Share,Finance,Business Services,,,,,,,,False
ORIAU,Orion Biotech Opportunities Corp Units, Acquisition, Acquisition,,,,,,,,False
ORIC,Oric Pharmaceuticals,Health Care,Biotechnology: Pharmaceutical Preparations,,,,,,,,False
ORLA,Orla Mining Ltd Common Shares, Acquisition, Acquisition,,,,,,,,False
ORLY,O'Reilly Automotive,Consumer Services,Other Specialty Stores,,,,,,,,False
ORMP,Oramed Pharmaceuticals,Health Care,Biotechnology: Pharmaceutical Preparations,,,,,,,,False
ORN,Orion Group Holdings Common,Capital Goods,Oilfield Services/Equipment,,,,,,,,False
ORPH,Orphazyme A/S American Depositary Shares,Technology,Computer Software: Prepackaged Software,,,,,,,,False
ORRF,Orrstown Financial Services,Finance,Major Banks,,,,,,,,False
ORTX,Orchard Therapeutics plc American Depositary Shares,Health Care,Biotechnology: Biological Products (No Diagnostic Substances),,,,,,,,False
OSBC,Old Second Bancorp,Finance,Major Banks,,,,,,,,False
OSCR,Oscar Health Class A,Finance,Accident &Health Insurance,,,,,,,,False
OSG,Overseas Shipholding Group Class A,Energy,Oil & Gas Production,,,,,,,,False
OSH,Oak Street Health,Health Care,Assisted Living Services,,,,,,,,False
OSI,Osiris Acquisition Corp Class A, Acquisition, Acquisition,,,,,,,,False
OSIS,OSI Systems (DE),Capital Goods,Industrial Machinery/Components,,,,,,,,False
OSK,Oshkosh Corporation (Holding Company)Common Stock,Capital Goods,Auto Manufacturing,,,,,,,,False
OSPN,OneSpan,Technology,EDP Services,,,,,,,,False
OSS,One Stop Systems,Technology,Computer Manufacturing,,,,,,,,False
OSTK,Overstockcom,Consumer Services,Catalog/Specialty Distribution,,,,,,,,False
OSTR,Oyster Enterprises Acquisition Corp Class A, Acquisition, Acquisition,,,,,,,,False
OSTRU,Oyster Enterprises Acquisition Corp Unit, Acquisition, Acquisition,,,,,,,,False
OSTRW,Oyster Enterprises Acquisition Corp Warrant, Acquisition, Acquisition,,,,,,,,False
OSUR,OraSure Technologies,Health Care,Medical/Dental Instruments,,,,,,,,False
OSW,OneSpaWorld Holdings Limited Common Shares,Consumer Services,Hotels/Resorts,,,,,,,,False
OTEC,OceanTech Acquisitions I Corp Class A, Acquisition, Acquisition,,,,,,,,False
OTECU,OceanTech Acquisitions I Corp Units, Acquisition, Acquisition,,,,,,,,False
OTECW,OceanTech Acquisitions I Corp Warrant, Acquisition, Acquisition,,,,,,,,False
OTEX,Open Text Corporation Common Shares, Acquisition, Acquisition,,,,,,,,False
OTIC,Otonomy,Health Care,Biotechnology: Pharmaceutical Preparations,,,,,,,,False
OTIS,Otis Worldwide Corporation , Acquisition, Acquisition,,,,,,,,False
OTLK,Outlook Therapeutics,Health Care,Biotechnology: Pharmaceutical Preparations,,,,,,,,False
OTLY,Oatly Group AB American Depositary Shares, Acquisition, Acquisition,,,,,,,,False
OTMO,Otonomo Technologies Ltd Ordinary shares, Acquisition, Acquisition,,,,,,,,False
OTRA,OTR Acquisition Corp Class A, Acquisition, Acquisition,,,,,,,,False
OTRAU,OTR Acquisition Corp Unit, Acquisition, Acquisition,,,,,,,,False
OTRK,Ontrak,Technology,Retail: Computer Software & Peripheral Equipment,,,,,,,,False
OTRKP,Ontrak 950% Series A Cumulative Perpetual Preferred Stock,Technology,Retail: Computer Software & Peripheral Equipment,,,,,,,,False
OTTR,Otter Tail Corporation,Public Utilities,Electric Utilities: Central,,,,,,,,False
OUST,Ouster,Capital Goods,Industrial Machinery/Components,,,,,,,,False
OUT,OUTFRONT Media,Consumer Services,Real Estate Investment Trusts,,,,,,,,False
OVBC,Ohio Valley Banc Corp,Finance,Major Banks,,,,,,,,False
OVID,Ovid Therapeutics,Health Care,Biotechnology: Pharmaceutical Preparations,,,,,,,,False
OVLY,Oak Valley Bancorp (CA),Finance,Major Banks,,,,,,,,False
OVV,Ovintiv (DE),Energy,Oil & Gas Production,,,,,,,,False
OWL,Blue Owl Capital Class A,Finance,Investment Managers,,,,,,,,False
OWLT,Owlet Class A,Health Care,Biotechnology: Electromedical & Electrotherapeutic Apparatus,,,,,,,,False
OXAC,Oxbridge Acquisition Corp Class A Ordinary Shares, Acquisition, Acquisition,,,,,,,,False
OXACU,Oxbridge Acquisition Corp Unit, Acquisition, Acquisition,,,,,,,,False
OXBR,Oxbridge Re Holdings Limited Ordinary Shares,Finance,Property-Casualty Insurers,,,,,,,,False
OXLC,Oxford Lane Capital Corp,Finance,Investment Managers,,,,,,,,False
OXLCL,Oxford Lane Capital Corp 675% Notes due 2031,Finance,Finance Companies,,,,,,,,False
OXLCM,Oxford Lane Capital Corp 675% Series 2024 Term Preferred Stock,Finance,Investment Managers,,,,,,,,False
OXLCO,Oxford Lane Capital Corp Preferred Stock Shares 600% Series 2029,Finance,Investment Managers,,,,,,,,False
OXLCP,Oxford Lane Capital Corp 625% Series 2027 Term Preferred Shares,Finance,Investment Managers,,,,,,,,False
OXLCZ,Oxford Lane Capital Corp 500% Notes due 2027,Finance,Finance Companies,,,,,,,,False
OXM,Oxford Industries,Consumer Non-Durables,Apparel,,,,,,,,False
OXSQ,Oxford Square Capital Corp,Finance,Investment Bankers/Brokers/Service,,,,,,,,False
OXSQG,Oxford Square Capital Corp 550% Notes due 2028, Acquisition, Acquisition,,,,,,,,False
OXSQL,Oxford Square Capital Corp 650% Notes due 2024, Acquisition, Acquisition,,,,,,,,False
OXSQZ,Oxford Square Capital Corp 625% Notes due 2026,Finance,Investment Bankers/Brokers/Service,,,,,,,,False
OXUS,Oxus Acquisition Corp Class A Ordinary Shares, Acquisition, Acquisition,,,,,,,,False
OXUSU,Oxus Acquisition Corp Unit, Acquisition, Acquisition,,,,,,,,False
OXY,Occidental Petroleum Corporation,Energy,Oil & Gas Production,,,,,,,,False
OYST,Oyster Point Pharma,Health Care,Biotechnology: Pharmaceutical Preparations,,,,,,,,False
OZ,Belpointe PREP LLC Class A Units, Acquisition, Acquisition,,,,,,,,False
OZK,Bank OZK,Finance,Major Banks,,,,,,,,False
OZKAP,Bank OZK 4625% Series A Non-Cumulative Perpetual Preferred Stock,Finance,Major Banks,,,,,,,,False
OZON,Ozon Holdings PLC American Depositary Shares each ADS representing one ordinary share,Consumer Services,Catalog/Specialty Distribution,,,,,,,,False
PAA,Plains All American Pipeline LP Common Units representing Limited Partner Interests,Energy,Oil & Gas Production,,,,,,,,False
PAAS,Pan American Silver Corp, Acquisition, Acquisition,,,,,,,,False
PAC,Grupo Aeroportuario Del Pacifico SA B de CV Grupo Aeroportuario Del Pacifico SA de CV (each representing 10 Series B shares), Acquisition, Acquisition,,,,,,,,False
PACB,Pacific Biosciences of California,Capital Goods,Biotechnology: Laboratory Analytical Instruments,,,,,,,,False
PACK,Ranpak Holdings Corp Class A,Basic Industries,Containers/Packaging,,,,,,,,False
PACW,PacWest Bancorp,Finance,Major Banks,,,,,,,,False
PACX,Pioneer Merger Corp Class A Ordinary Share,Finance,Business Services,,,,,,,,False
PACXU,Pioneer Merger Corp Unit,Finance,Business Services,,,,,,,,False
PAFO,Pacifico Acquisition Corp, Acquisition, Acquisition,,,,,,,,False
PAFOU,Pacifico Acquisition Corp Units, Acquisition, Acquisition,,,,,,,,False
PAG,Penske Automotive Group,Consumer Services,Other Specialty Stores,,,,,,,,False
PAGP,Plains GP Holdings LP Class A Units representing Limited Partner Interests,Energy,Oil & Gas Production,,,,,,,,False
PAGS,PagSeguro Digital Ltd Class A Common Shares,Technology,EDP Services,,,,,,,,False
PAHC,Phibro Animal Health Corporation Class A, Acquisition, Acquisition,,,,,,,,False
PAI,Western Asset Investment Gradeome Fund,Finance,Trusts Except Educational Religious and Charitable,,,,,,,,False
PALI,Palisade Bio,Health Care,Biotechnology: Pharmaceutical Preparations,,,,,,,,False
PALT,Paltalk,Technology,EDP Services,,,,,,,,False
PAM,Pampa Energia SA Pampa Energia SA,Public Utilities,Electric Utilities: Central,,,,,,,,False
PANL,Pangaea Logistics Solutions Ltd Common Shares,Transportation,Marine Transportation,,,,,,,,False
PANW,Palo Alto Networks,Technology,EDP Services,,,,,,,,False
PAQC,Provident Acquisition Corp Class A Ordinary Shares,Finance,Business Services,,,,,,,,False
PAQCU,Provident Acquisition Corp Units,Finance,Business Services,,,,,,,,False
PAR,PAR Technology Corporation,Technology,Computer Software: Prepackaged Software,,,,,,,,False
PARR,Par Pacific Holdings ,Energy,Integrated oil Companies,,,,,,,,False
PASG,Passage Bio,Health Care,Biotechnology: Pharmaceutical Preparations,,,,,,,,False
PATH,UiPath Class A,Technology,Computer Software: Prepackaged Software,,,,,,,,False
PATI,Patriot Transportation Holding,Transportation,Trucking Freight/Courier Services,,,,,,,,False
PATK,Patrick Industries,Consumer Services,Other Specialty Stores,,,,,,,,False
PAVM,PAVmed,Health Care,Industrial Specialties,,,,,,,,False
PAX,Patria Investments Limited Class A Common Shares,Finance,Investment Managers,,,,,,,,False
PAY,Paymentus Holdings Class A,Technology,Retail: Computer Software & Peripheral Equipment,,,,,,,,False
PAYA,Paya Holdings Class A,Technology,Computer Software: Prepackaged Software,,,,,,,,False
PAYC,Paycom Software,Technology,Computer Software: Prepackaged Software,,,,,,,,False
PAYO,Payoneer Global,Technology,EDP Services,,,,,,,,False
PAYS,Paysign,Technology,EDP Services,,,,,,,,False
PAYX,Paychex,Miscellaneous,Business Services,,,,,,,,False
PB,Prosperity Bancshares,Finance,Major Banks,,,,,,,,False
PBA,Pembina Pipeline Corp Ordinary Shares (Canada),Energy,Oil & Gas Production,,,,,,,,False
PBAXU,Phoenix Biotech Acquisition Corp Unit, Acquisition, Acquisition,,,,,,,,False
PBBK,PB Bankshares,Finance,Banks,,,,,,,,False
PBF,PBF Energy Class A,Energy,Integrated oil Companies,,,,,,,,False
PBFS,Pioneer Bancorp,Finance,Commercial Banks,,,,,,,,False
PBFX,PBF Logistics LP Common Units representing limited partner interests, Acquisition, Acquisition,,,,,,,,False
PBH,Prestige Consumer Healthcare,Health Care,Biotechnology: Pharmaceutical Preparations,,,,,,,,False
PBHC,Pathfinder Bancorp (MD),Finance,Banks,,,,,,,,False
PBI,Pitney Bowes,Transportation,Oil Refining/Marketing,,,,,,,,False
PBIP,Prudential Bancorp,Finance,Banks,,,,,,,,False
PBLA,Panbela Therapeutics,Health Care,Biotechnology: Pharmaceutical Preparations,,,,,,,,False
PBPB,Potbelly Corporation,Consumer Services,Restaurants,,,,,,,,False
PBR,Petroleo Brasileiro SA- Petrobras,Energy,Oil & Gas Production,,,,,,,,False
PBT,Permian Basin Royalty Trust,Energy,Oil & Gas Production,,,,,,,,False
PBTS,Powerbridge Technologies Co Ltd Ordinary Shares,Technology,EDP Services,,,,,,,,False
PBYI,Puma Biotechnology,Health Care,Biotechnology: Pharmaceutical Preparations,,,,,,,,False
PCAR,PACCAR,Capital Goods,Auto Manufacturing,,,,,,,,False
PCB,PCB Bancorp,Finance,Major Banks,,,,,,,,False
PCCT,Perception Capital Corp II Class A Ordinary Shares, Acquisition, Acquisition,,,,,,,,False
PCCTU,Perception Capital Corp II Units, Acquisition, Acquisition,,,,,,,,False
PCF,Highome Securities Fund,Finance,Trusts Except Educational Religious and Charitable,,,,,,,,False
PCG,Pacific Gas & Electric Co,Public Utilities,Power Generation,,,,,,,,False
PCGU,Pacific Gas & Electric Co Equity Unit,Public Utilities,Power Generation,,,,,,,,False
PCH,PotlatchDeltic Corporation,Consumer Services,Real Estate Investment Trusts,,,,,,,,False
PCK,Pimco California Municipalome Fund II Common Shares of Beneficial Interest,Finance,Trusts Except Educational Religious and Charitable,,,,,,,,False
PCM,PCM Fund,Finance,Trusts Except Educational Religious and Charitable,,,,,,,,False
PCN,Pimco Corporate &ome Strategy Fund,Finance,Investment Managers,,,,,,,,False
PCOM,Pointscom Common Shares, Acquisition, Acquisition,,,,,,,,False
PCOR,Procore Technologies,Technology,EDP Services,,,,,,,,False
PCPC,Periphas Capital Partnering Corporation Class A, Acquisition, Acquisition,,,,,,,,False
PCQ,PIMCO California Municipalome Fund,Finance,Investment Managers,,,,,,,,False
PCRX,Pacira BioSciences,Health Care,Biotechnology: Pharmaceutical Preparations,,,,,,,,False
PCSA,Processa Pharmaceuticals,Health Care,Biotechnology: Pharmaceutical Preparations,,,,,,,,False
PCSB,PCSB Financial Corporation,Finance,Banks,,,,,,,,False
PCT,PureCycle Technologies,Public Utilities,Environmental Services,,,,,,,,False
PCTI,PCTEL,Technology,Radio And Television Broadcasting And Communications Equipment,,,,,,,,False
PCTTU,PureCycle Technologies Unit,Public Utilities,Environmental Services,,,,,,,,False
PCTY,Paylocity Holding Corporation,Technology,Computer Software: Prepackaged Software,,,,,,,,False
PCVX,Vaxcyte,Health Care,Biotechnology: Pharmaceutical Preparations,,,,,,,,False
PCX,Parsec Capital Acquisitions Corp Class A, Acquisition, Acquisition,,,,,,,,False
PCXCU,Parsec Capital Acquisitions Corp Unit, Acquisition, Acquisition,,,,,,,,False
PCYG,Park City Group,Technology,EDP Services,,,,,,,,False
PCYO,Pure Cycle Corporation,Public Utilities,Water Supply,,,,,,,,False
PD,PagerDuty,Technology,Retail: Computer Software & Peripheral Equipment,,,,,,,,False
PDCE,PDC Energy (Delaware),Energy,Oil & Gas Production,,,,,,,,False
PDCO,Patterson Companies,Health Care,Medical Specialities,,,,,,,,False
PDD,Pinduoduo American Depositary Shares,Miscellaneous,Business Services,,,,,,,,False
PDEX,Pro-Dex,Health Care,Medical/Dental Instruments,,,,,,,,False
PDFS,PDF Solutions,Technology,EDP Services,,,,,,,,False
PDI,PIMCO Dynamicome Fund,Finance,Trusts Except Educational Religious and Charitable,,,,,,,,False
PDLB,PDL Community Bancorp, Acquisition, Acquisition,,,,,,,,False
PDM,Piedmont Office Realty Trust Class A,Consumer Services,Building operators,,,,,,,,False
PDO,PIMCO Dynamicome Opportunities Fund Common Shares of Beneficial Interest,Finance,Trusts Except Educational Religious and Charitable,,,,,,,,False
PDOT,Peridot Acquisition Corp II Class A Ordinary Shares, Acquisition, Acquisition,,,,,,,,False
PDS,Precision Drilling Corporation, Acquisition, Acquisition,,,,,,,,False
PDSB,PDS Biotechnology Corporation,Health Care,Biotechnology: Pharmaceutical Preparations,,,,,,,,False
PDT,John Hancock Premium Dividend Fund,Finance,Finance Companies,,,,,,,,False
PEAK,Healthpeak Properties,Consumer Services,Real Estate Investment Trusts,,,,,,,,False
PEAR,Pear Therapeutics Class A,Technology,Computer Software: Prepackaged Software,,,,,,,,False
PEB,Pebblebrook Hotel Trust Common Shares of Beneficial Interest,Consumer Services,Real Estate Investment Trusts,,,,,,,,False
PEBK,Peoples Bancorp of North Carolina,Finance,Major Banks,,,,,,,,False
PEBO,Peoples Bancorp,Finance,Major Banks,,,,,,,,False
PECO,Phillips Edison & Company,Consumer Services,Real Estate Investment Trusts,,,,,,,,False
PED,Pedevco Corp, Acquisition, Acquisition,,,,,,,,False
PEG,Public Service Enterprise Grouporporated,Public Utilities,Electric Utilities: Central,,,,,,,,False
PEGA,Pegasystems,Technology,EDP Services,,,,,,,,False
PEGR,Project Energy Reimagined Acquisition Corp Class A Ordinary Share, Acquisition, Acquisition,,,,,,,,False
PEGRU,Project Energy Reimagined Acquisition Corp Unit, Acquisition, Acquisition,,,,,,,,False
PEI,Pennsylvania Real Estate Investment Trust,Consumer Services,Real Estate Investment Trusts,,,,,,,,False
PEN,Penumbra,Health Care,Medical/Dental Instruments,,,,,,,,False
PENN,Penn National Gaming,Consumer Services,Movies/Entertainment,,,,,,,,False
PEO,Adams Natural Resources Fund,Consumer Services,Real Estate Investment Trusts,,,,,,,,False
PEP,PepsiCo,Consumer Non-Durables,Beverages (Production/Distribution),,,,,,,,False
PEPL,PepperLime Health Acquisition Corporation Class A Ordinary Share, Acquisition, Acquisition,,,,,,,,False
PEPLU,PepperLime Health Acquisition Corporation Unit, Acquisition, Acquisition,,,,,,,,False
PERI,Perion Network Ltd Ordinary Shares,Technology,EDP Services,,,,,,,,False
PESI,Perma-Fix Environmental Services,Public Utilities,Environmental Services,,,,,,,,False
PETQ,PetIQ Class A,Health Care,Biotechnology: Pharmaceutical Preparations,,,,,,,,False
PETS,PetMed Express,Health Care,Medical/Nursing Services,,,,,,,,False
PETV,PetVivo Holdings,Health Care,Medical/Dental Instruments,,,,,,,,False
PETZ,TDH Holdings Common Shares,Consumer Non-Durables,Packaged Foods,,,,,,,,False
PFBC,Preferred Bank,Finance,Major Banks,,,,,,,,False
PFC,Premier Financial Corp,Finance,Savings Institutions,,,,,,,,True
PFD,Flaherty & Crumrine Preferred andome Fundorporated,Finance,Investment Managers,,,,,,,,False
PFDR,Pathfinder Acquisition Corporation Class A Ordinary Shares,Finance,Business Services,,,,,,,,False
PFDRU,Pathfinder Acquisition Corporation Unit,Finance,Business Services,,,,,,,,False
PFE,Pfizer,Health Care,Biotechnology: Pharmaceutical Preparations,,,,,,,,False
PFG,Principal Financial Group,Finance,Specialty Insurers,,,,,,,,False
PFGC,Performance Food Group Company,Consumer Non-Durables,Food Distributors,,,,,,,,False
PFH,Prudential Financial 4125% Junior Subordinated Notes due 2060, Acquisition, Acquisition,,,,,,,,False
PFHD,Professional Holding Corp Class A,Finance,Major Banks,,,,,,,,False
PFIE,Profire Energy,Energy,Oil & Gas Production,,,,,,,,False
PFIN,P & F Industries Class A,Capital Goods,Industrial Machinery/Components,,,,,,,,False
PFIS,Peoples Financial Services Corp,Finance,Major Banks,,,,,,,,False
PFL,PIMCOome Strategy Fund Shares of Beneficial Interest,Finance,Finance Companies,,,,,,,,False
PFLT,PennantPark Floating Rate Capital Ltd,Finance,Finance/Investors Services,,,,,,,,False
PFMT,Performant Financial Corporation,Miscellaneous,Business Services,,,,,,,,False
PFN,PIMCOome Strategy Fund II,Finance,Finance/Investors Services,,,,,,,,False
PFO,Flaherty & Crumrine Preferred andome Opportunity Fundorporated,Finance,Finance Companies,,,,,,,,False
PFS,Provident Financial Services,Finance,Savings Institutions,,,,,,,,False
PFSI,PennyMac Financial Services,Finance,Finance: Consumer Services,,,,,,,,False
PFSW,PFSweb,Miscellaneous,Business Services,,,,,,,,False
PFTA,Portage Fintech Acquisition Corporation Class A Ordinary Share, Acquisition, Acquisition,,,,,,,,False
PFTAU,Portage Fintech Acquisition Corporation Unit, Acquisition, Acquisition,,,,,,,,False
PFX,PhenixFIN Corporation,Finance,Investment Managers,,,,,,,,False
PFXNL,PhenixFIN Corporation 6125% Senior Notes due 2023,Finance,Investment Managers,,,,,,,,False
PFXNZ,PhenixFIN Corporation  525% Notes due 2028, Acquisition, Acquisition,,,,,,,,False
PG,Procter & Gamble Company (The),Consumer Non-Durables,Package Goods/Cosmetics,,,,,,,,False
PGC,Peapack-Gladstone Financial Corporation,Finance,Commercial Banks,,,,,,,,False
PGEN,Precigen,Health Care,Biotechnology: Commercial Physical & Biological Resarch,,,,,,,,False
PGNY,Progyny,Health Care,Managed Health Care,,,,,,,,False
PGP,Pimco Global Stocksplus &ome Fund Pimco Global StocksPlus &ome Fund Common Shares of Beneficial Interest,Finance,Finance Companies,,,,,,,,False
PGR,Progressive Corporation (The),Finance,Property-Casualty Insurers,,,,,,,,False
PGRE,Paramount Group,Consumer Services,Real Estate Investment Trusts,,,,,,,,False
PGRW,Progress Acquisition Corp Class A, Acquisition, Acquisition,,,,,,,,False
PGRWU,Progress Acquisition Corp Units, Acquisition, Acquisition,,,,,,,,False
PGSS,Pegasus Digital Mobility Acquisition Corp Class A Ordinary Shares, Acquisition, Acquisition,,,,,,,,False
PGTI,PGT Innovations,Capital Goods,Building Products,,,,,,,,False
PGZ,Principal Real Estateome Fund Common Shares of Beneficial Interest,Finance,Investment Managers,,,,,,,,False
PH,Parker-Hannifin Corporation,Capital Goods,Office Equipment/Supplies/Services,,,,,,,,False
PHAR,Pharming Group NV ADS each representing 10 ordinary shares,Health Care,Biotechnology: Pharmaceutical Preparations,,,,,,,,False
PHAS,PhaseBio Pharmaceuticals,Health Care,Biotechnology: Pharmaceutical Preparations,,,,,,,,False
PHAT,Phathom Pharmaceuticals,Health Care,Biotechnology: Pharmaceutical Preparations,,,,,,,,False
PHCF,Puhui Wealth Investment Management Co Ltd Ordinary Shares,Finance,Investment Managers,,,,,,,,False
PHD,Pioneer Floating Rate Fund,Finance,Investment Managers,,,,,,,,False
PHG,Koninklijke Philips NV NY Registry Shares,Health Care,Biotechnology: Electromedical & Electrotherapeutic Apparatus,,,,,,,,False
PHGE,BiomX,Health Care,Biotechnology: Pharmaceutical Preparations,,,,,,,,False
PHI,PLDT Sponsored ADR,Public Utilities,Telecommunications Equipment,,,,,,,,False
PHIC,Population Health Investment Co Class A Ordinary Share,Finance,Business Services,,,,,,,,False
PHICU,Population Health Investment Co Unit,Finance,Business Services,,,,,,,,False
PHICW,Population Health Investment Co Warrant,Finance,Business Services,,,,,,,,False
PHIO,Phio Pharmaceuticals Corp,Health Care,Biotechnology: Pharmaceutical Preparations,,,,,,,,False
PHK,Pimco Highome Fund Pimco Highome Fund,Finance,Finance/Investors Services,,,,,,,,False
PHM,PulteGroup, Acquisition, Acquisition,,,,,,,,False
PHR,Phreesia,Health Care,Managed Health Care,,,,,,,,False
PHT,Pioneer Highome Fund,Finance,Investment Managers,,,,,,,,False
PHUN,Phunware,Technology,EDP Services,,,,,,,,False
PHVS,Pharvaris NV Ordinary Shares,Health Care,Biotechnology: Pharmaceutical Preparations,,,,,,,,False
PHX,PHX Minerals,Energy,Oil & Gas Production,,,,,,,,False
PHYT,Pyrophyte Acquisition Corp Class A Ordinary Shares, Acquisition, Acquisition,,,,,,,,False
PI,Impinj,Public Utilities,Telecommunications Equipment,,,,,,,,False
PIAI,Prime Impact Acquisition I Class A Ordinary Shares,Finance,Business Services,,,,,,,,False
PICC,Pivotal Investment Corporation III Class A, Acquisition, Acquisition,,,,,,,,False
PII,Polaris,Consumer Non-Durables,Recreational Products/Toys,,,,,,,,False
PIII,P3 Health Partners Class A, Acquisition, Acquisition,,,,,,,,False
PIK,Kidpik Corp,Consumer Non-Durables,Department/Specialty Retail Stores,,,,,,,,False
PIM,Putnam Master Intermediateome Trust,Finance,Finance Companies,,,,,,,,False
PINC,Premier Class A,Health Care,Managed Health Care,,,,,,,,False
PINE,Alpineome Property Trust,Consumer Services,Real Estate Investment Trusts,,,,,,,,False
PING,Ping Identity Holding Corp,Technology,EDP Services,,,,,,,,False
PINS,Pinterest Class A, Acquisition, Acquisition,,,,,,,,False
PIPP,Pine Island Acquisition Corp Class A, Acquisition, Acquisition,,,,,,,,False
PIPR,Piper Sandler Companies,Finance,Investment Bankers/Brokers/Service,,,,,,,,False
PIRS,Pieris Pharmaceuticals,Health Care,Biotechnology: Pharmaceutical Preparations,,,,,,,,False
PIXY,ShiftPixy,Technology,Diversified Commercial Services,,,,,,,,False
PJT,PJT Partners Class A,Finance,Investment Managers,,,,,,,,False
PK,Park Hotels & Resorts ,Consumer Services,Real Estate Investment Trusts,,,,,,,,False
PKBK,Parke Bancorp,Finance,Major Banks,,,,,,,,False
PKE,Park Aerospace Corp, Acquisition, Acquisition,,,,,,,,False
PKG,Packaging Corporation of America,Basic Industries,Paper,,,,,,,,False
PKI,PerkinElmer,Health Care,Medical Specialities,,,,,,,,False
PKOH,Park-Ohio Holdings Corp,Capital Goods,Office Equipment/Supplies/Services,,,,,,,,False
PKX,POSCO,Basic Industries,Steel/Iron Ore,,,,,,,,False
PL,Planet Labs PBC Class A,Capital Goods,Aerospace,,,,,,,,False
PLAB,Photronics,Technology,Semiconductors,,,,,,,,False
PLAG,Planet Green Holdings Corp, Acquisition, Acquisition,,,,,,,,False
PLAN,Anaplan,Technology,Computer Software: Prepackaged Software,,,,,,,,False
PLAY,Dave & Buster's Entertainment,Consumer Services,Movies/Entertainment,,,,,,,,False
PLBC,Plumas Bancorp,Finance,Finance Companies,,,,,,,,False
PLBY,PLBY Group,Consumer Non-Durables,Recreational Products/Toys,,,,,,,,False
PLCE,Children's Place (The),Consumer Services,Clothing/Shoe/Accessory Stores,,,,,,,,False
PLD,Prologis,Consumer Services,Real Estate Investment Trusts,,,,,,,,False
PLG,Platinum Group Metals Ltd Ordinary Shares (Canada), Acquisition, Acquisition,,,,,,,,False
PLL,Piedmont Lithium,Basic Industries,Precious Metals,,,,,,,,False
PLM,Polymet Mining Corporation Ordinary Shares (Canada), Acquisition, Acquisition,,,,,,,,False
PLMI,Plum Acquisition Corp I Class A Ordinary Share,Finance,Business Services,,,,,,,,False
PLMIU,Plum Acquisition Corp I Units,Finance,Business Services,,,,,,,,False
PLMR,Palomar Holdings,Finance,Property-Casualty Insurers,,,,,,,,False
PLNT,Planet Fitness,Consumer Services,Other Consumer Services,,,,,,,,False
PLOW,Douglas Dynamics,Capital Goods,Construction/Ag Equipment/Trucks,,,,,,,,False
PLPC,Preformed Line Products Company,Basic Industries,Telecommunications Equipment,,,,,,,,False
PLRX,Pliant Therapeutics,Consumer Durables,Specialty Chemicals,,,,,,,,False
PLSE,Pulse Biosciences (DE),Health Care,Medical/Dental Instruments,,,,,,,,False
PLTK,Playtika Holding Corp,Technology,EDP Services,,,,,,,,False
PLTR,Palantir Technologies Class A,Technology,Retail: Computer Software & Peripheral Equipment,,,,,,,,False
PLUG,Plug Power,Consumer Durables,Electrical Products,,,,,,,,False
PLUS,ePlus,Technology,Retail: Computer Software & Peripheral Equipment,,,,,,,,False
PLX,Protalix BioTherapeutics (DE),Health Care,Biotechnology: Biological Products (No Diagnostic Substances),,,,,,,,False
PLXP,PLx Pharma,Health Care,Biotechnology: Pharmaceutical Preparations,,,,,,,,False
PLXS,Plexus Corp,Technology,Electrical Products,,,,,,,,False
PLYA,Playa Hotels & Resorts NV Ordinary Shares,Consumer Services,Hotels/Resorts,,,,,,,,False
PLYM,Plymouth Industrial REIT,Consumer Services,Real Estate Investment Trusts,,,,,,,,False
PM,Philip Morris International,Consumer Non-Durables,Farming/Seeds/Milling,,,,,,,,False
PMCB,PharmaCyte  Biotech,Health Care,Biotechnology: Biological Products (No Diagnostic Substances),,,,,,,,False
PMD,Psychemedics Corporation,Health Care,Medical Specialities,,,,,,,,False
PME,Pingtan Marine Enterprise Ltd, Acquisition, Acquisition,,,,,,,,False
PMF,PIMCO Municipalome Fund,Finance,Finance/Investors Services,,,,,,,,False
PMGM,Priveterra Acquisition Corp Class A, Acquisition, Acquisition,,,,,,,,False
PMGMU,Priveterra Acquisition Corp Units, Acquisition, Acquisition,,,,,,,,False
PML,Pimco Municipalome Fund II Common Shares of Beneficial Interest,Finance,Investment Managers,,,,,,,,False
PMM,Putnam Managed Municipalome Trust,Finance,Investment Managers,,,,,,,,False
PMO,Putnam Municipal Opportunities Trust,Finance,Finance Companies,,,,,,,,False
PMT,PennyMac Mortgage Investment Trust Common Shares of Beneficial Interest,Consumer Services,Real Estate Investment Trusts,,,,,,,,False
PMTS,CPI Card Group,Finance,Finance Companies,,,,,,,,False
PMVC,PMV Consumer Acquisition Corp Class A, Acquisition, Acquisition,,,,,,,,False
PMVP,PMV Pharmaceuticals,Consumer Durables,Specialty Chemicals,,,,,,,,False
PMX,PIMCO Municipalome Fund III Common Shares of Beneficial Interest,Finance,Trusts Except Educational Religious and Charitable,,,,,,,,False
PNBK,Patriot National Bancorp,Finance,Major Banks,,,,,,,,False
PNC,PNC Financial Services Group (The),Finance,Major Banks,,,,,,,,False
PNF,PIMCO New York Municipalome Fund,Finance,Finance Companies,,,,,,,,False
PNFP,Pinnacle Financial Partners,Finance,Major Banks,,,,,,,,False
PNFPP,Pinnacle Financial Partners Depositary shares of Pinnacle Financial Partners each representing a 1/40th Interest in a share of its 675% Fixed-Rate Non-Cumulative Perpetual Preferred Stock Series B,Finance,Major Banks,,,,,,,,False
PNI,Pimco New York Municipalome Fund II Common Shares of Beneficial Interest,Finance,Trusts Except Educational Religious and Charitable,,,,,,,,False
PNM,PNM Resources (Holding Co),Public Utilities,Electric Utilities: Central,,,,,,,,False
PNNT,PennantPark Investment Corporation,Finance,Finance/Investors Services,,,,,,,,False
PNR,Pentair plc Ordinary Share,Capital Goods,Fluid Controls,,,,,,,,False
PNRG,PrimeEnergy Resources Corporation,Energy,Oil & Gas Production,,,,,,,,False
PNT,POINT Biopharma Global,Consumer Durables,Specialty Chemicals,,,,,,,,False
PNTG,The Pennant Group ,Health Care,Hospital/Nursing Management,,,,,,,,False
PNTM,Pontem Corporation Class A Ordinary Shares,Finance,Business Services,,,,,,,,False
PNW,Pinnacle West Capital Corporation,Public Utilities,Electric Utilities: Central,,,,,,,,False
POAI,Predictive Oncology,Health Care,Medical/Dental Instruments,,,,,,,,False
PODD,Insulet Corporation,Health Care,Medical/Dental Instruments,,,,,,,,False
POLA,Polar Power,Capital Goods,Industrial Machinery/Components,,,,,,,,False
POLY,Plantronics,Public Utilities,Telecommunications Equipment,,,,,,,,False
POND,Angel Pond Holdings Corporation Class A Ordinary Shares, Acquisition, Acquisition,,,,,,,,False
POOL,Pool Corporation,Consumer Non-Durables,Recreational Products/Toys,,,,,,,,False
POR,Portland General Electric Co,Public Utilities,Electric Utilities: Central,,,,,,,,False
POSH,Poshmark Class A,Consumer Non-Durables,Department/Specialty Retail Stores,,,,,,,,False
POST,Post Holdings,Consumer Non-Durables,Food Distributors,,,,,,,,False
POW,Powered Brands Class A Ordinary Shares,Finance,Business Services,,,,,,,,False
POWI,Power Integrations,Technology,Semiconductors,,,,,,,,False
POWL,Powell Industries,Consumer Durables,Electrical Products,,,,,,,,False
POWRU,Powered Brands Units,Finance,Business Services,,,,,,,,False
POWW,AMMO,Capital Goods,Military/Government/Technical,,,,,,,,False
POWWP,AMMO 875% Series A Cumulative Redeemable Perpetual Preferred Stock,Capital Goods,Military/Government/Technical,,,,,,,,False
PPBI,Pacific Premier Bancorp,Finance,Major Banks,,,,,,,,False
PPBT,Purple Biotech Ltd American Depositary Shares,Health Care,Biotechnology: Pharmaceutical Preparations,,,,,,,,False
PPC,Pilgrim's Pride Corporation,Consumer Non-Durables,Meat/Poultry/Fish,,,,,,,,False
PPG,PPG Industries,Basic Industries,Paints/Coatings,,,,,,,,False
PPHP,PHP Ventures Acquisition Corp Class A, Acquisition, Acquisition,,,,,,,,False
PPHPU,PHP Ventures Acquisition Corp Units, Acquisition, Acquisition,,,,,,,,False
PPIH,Perma-Pipe International Holdings, Acquisition, Acquisition,,,,,,,,False
PPL,PPL Corporation,Public Utilities,Electric Utilities: Central,,,,,,,,False
PPSI,Pioneer Power Solutions,Consumer Durables,Electrical Products,,,,,,,,False
PPT,Putnam Premierome Trust,Finance,Finance Companies,,,,,,,,False
PPTA,Perpetua Resources Corp Common Shares, Acquisition, Acquisition,,,,,,,,False
PPYAU,Papaya Growth Opportunity Corp I Unit, Acquisition, Acquisition,,,,,,,,False
PRA,ProAssurance Corporation,Finance,Property-Casualty Insurers,,,,,,,,False
PRAA,PRA Group,Technology,Advertising,,,,,,,,False
PRAX,Praxis Precision Medicines,Health Care,Biotechnology: Pharmaceutical Preparations,,,,,,,,False
PRBM,Parabellum Acquisition Corp Class A, Acquisition, Acquisition,,,,,,,,False
PRCH,Porch Group,Technology,Computer Software: Prepackaged Software,,,,,,,,False
PRCT,PROCEPT BioRobotics Corporation,Health Care,Medical Specialities,,,,,,,,False
PRDO,Perdoceo Education Corporation,Miscellaneous,Other Consumer Services,,,,,,,,False
PRDS,Pardes Biosciences,Consumer Durables,Specialty Chemicals,,,,,,,,False
PRFT,Perficient,Technology,EDP Services,,,,,,,,False
PRFX,PainReform Ltd Ordinary Shares,Health Care,Biotechnology: Pharmaceutical Preparations,,,,,,,,False
PRG,PROG Holdings,Technology,Diversified Commercial Services,,,,,,,,False
PRGO,Perrigo Company plc Ordinary Shares,Health Care,Biotechnology: Pharmaceutical Preparations,,,,,,,,False
PRGS,Progress Software Corporation (DE),Technology,Computer Software: Prepackaged Software,,,,,,,,False
PRI,Primerica,Finance,Life Insurance,,,,,,,,False
PRIM,Primoris Services Corporation,Basic Industries,Water Sewer Pipeline Comm & Power Line Construction,,,,,,,,False
PRK,Park National Corporation,Finance,Major Banks,,,,,,,,False
PRLB,Proto Labs,Capital Goods,Office Equipment/Supplies/Services,,,,,,,,False
PRLD,Prelude Therapeuticsorporated,Consumer Durables,Specialty Chemicals,,,,,,,,False
PRLHU,Pearl Holdings Acquisition Corp Unit, Acquisition, Acquisition,,,,,,,,False
PRM,Perimeter Solutions SA Ordinary Shares, Acquisition, Acquisition,,,,,,,,False
PRMW,Primo Water Corporation,Consumer Non-Durables,Soft Drinks,,,,,,,,False
PRO,PROS Holdings,Technology,EDP Services,,,,,,,,False
PROC,Procaps Group SA Ordinary Shares, Acquisition, Acquisition,,,,,,,,False
PROF,Profound Medical Corp, Acquisition, Acquisition,,,,,,,,False
PROG,Progenity,Consumer Durables,Specialty Chemicals,,,,,,,,False
PROV,Provident Financial Holdings,Finance,Savings Institutions,,,,,,,,False
PRPB,CC Neuberger Principal Holdings II Class A Ordinary Shares,Finance,Business Services,,,,,,,,False
PRPC,CC Neuberger Principal Holdings III Class A Ordinary Shares,Finance,Business Services,,,,,,,,False
PRPH,ProPhase Labs (DE),Health Care,Biotechnology: Pharmaceutical Preparations,,,,,,,,False
PRPL,Purple Innovation,Consumer Durables,Home Furnishings,,,,,,,,False
PRPO,Precipio ,Capital Goods,Biotechnology: Laboratory Analytical Instruments,,,,,,,,False
PRQR,ProQR Therapeutics NV Ordinary Shares,Health Care,Biotechnology: Pharmaceutical Preparations,,,,,,,,False
PRS,Prudential Financial 5625% Junior Subordinated Notes due 2058,Finance,Investment Bankers/Brokers/Service,,,,,,,,False
PRSO,Peraso, Acquisition, Acquisition,,,,,,,,False
PRSR,Prospector Capital Corp Class A Ordinary Shares,Finance,Business Services,,,,,,,,False
PRSRU,Prospector Capital Corp Unit,Finance,Business Services,,,,,,,,False
PRT,PermRock Royalty Trust Trust Units,Energy,Oil & Gas Production,,,,,,,,False
PRTA,Prothena Corporation plc Ordinary Shares,Health Care,Biotechnology: Pharmaceutical Preparations,,,,,,,,False
PRTC,PureTech Health plc American Depositary Shares,Finance,Investment Managers,,,,,,,,False
PRTG,Portage Biotech,Health Care,Biotechnology: Biological Products (No Diagnostic Substances),,,,,,,,False
PRTH,Priority Technology Holdings,Technology,EDP Services,,,,,,,,False
PRTK,Paratek Pharmaceuticals,Health Care,Biotechnology: Pharmaceutical Preparations,,,,,,,,False
PRTS,CarPartscom,Consumer Services,Other Specialty Stores,,,,,,,,False
PRTY,Party City Holdco,Miscellaneous,Diversified Commercial Services,,,,,,,,False
PRU,Prudential Financial,Finance,Life Insurance,,,,,,,,False
PRVA,Privia Health Group,Technology,Retail: Computer Software & Peripheral Equipment,,,,,,,,False
PRVB,Provention Bio,Health Care,Biotechnology: Pharmaceutical Preparations,,,,,,,,False
PSA,Public Storage,Consumer Services,Real Estate Investment Trusts,,,,,,,,False
PSAG,Property Solutions Acquisition Corporation II Class A, Acquisition, Acquisition,,,,,,,,False
PSAGU,Property Solutions Acquisition Corporation II Units, Acquisition, Acquisition,,,,,,,,False
PSB,PS Business Parks (MD),Consumer Services,Real Estate Investment Trusts,,,,,,,,False
PSEC,Prospect Capital Corporation,Finance,Finance/Investors Services,,,,,,,,False
PSF,Cohen & Steers Select Preferred andome Fund,Finance,Investment Managers,,,,,,,,False
PSFE,Paysafe Limited Common Shares,Miscellaneous,Business Services,,,,,,,,False
PSHG,Performance Shipping Common Shares,Transportation,Marine Transportation,,,,,,,,False
PSMT,PriceSmart,Consumer Services,Department/Specialty Retail Stores,,,,,,,,False
PSN,Parsons Corporation,Capital Goods,Industrial Machinery/Components,,,,,,,,False
PSNL,Personalis,Health Care,Biotechnology: In Vitro & In Vivo Diagnostic Substances,,,,,,,,False
PSO,Pearson Plc,Consumer Services,Books,,,,,,,,False
PSPC,Post Holdings Partnering Corporation Series A, Acquisition, Acquisition,,,,,,,,False
PSTG,Pure Storage Class A,Technology,Electronic Components,,,,,,,,False
PSTH,Pershing Square Tontine Holdings Ltd Class A, Acquisition, Acquisition,,,,,,,,False
PSTI,Pluristem Therapeutics,Health Care,Biotechnology: Biological Products (No Diagnostic Substances),,,,,,,,False
PSTL,Postal Realty Trust Class A,Consumer Services,Real Estate Investment Trusts,,,,,,,,False
PSTV,PLUS THERAPEUTICS ,Health Care,Medical/Dental Instruments,,,,,,,,False
PSTX,Poseida Therapeutics,Consumer Durables,Specialty Chemicals,,,,,,,,False
PSX,Phillips 66,Energy,Integrated oil Companies,,,,,,,,False
PT,Pintec Technology Holdings Limited American Depositary Shares,Technology,Computer Software: Programming Data Processing,,,,,,,,False
PTA,Cohen & Steers Tax-Advantaged Preferred Securities andome Fund Common Shares of Beneficial Interest,Finance,Trusts Except Educational Religious and Charitable,,,,,,,,False
PTC,PTC,Technology,Computer Software: Prepackaged Software,,,,,,,,False
PTCT,PTC Therapeutics,Health Care,Biotechnology: Pharmaceutical Preparations,,,,,,,,False
PTE,PolarityTE,Consumer Durables,Specialty Chemicals,,,,,,,,False
PTEN,Patterson-UTI Energy,Energy,Oil & Gas Production,,,,,,,,False
PTGX,Protagonist Therapeutics,Health Care,Biotechnology: Pharmaceutical Preparations,,,,,,,,False
PTIC,PropTech Investment Corporation II Class A, Acquisition, Acquisition,,,,,,,,False
PTICU,PropTech Investment Corporation II Unit, Acquisition, Acquisition,,,,,,,,False
PTICW,PropTech Investment Corporation II Warrant, Acquisition, Acquisition,,,,,,,,False
PTIX,Protagenic Therapeutics,Health Care,Biotechnology: Pharmaceutical Preparations,,,,,,,,False
PTLO,Portillo's Class A,Consumer Services,Restaurants,,,,,,,,False
PTMN,Portman Ridge Finance Corporation,Finance,Finance/Investors Services,,,,,,,,False
PTN,Palatin Technologies,Health Care,Biotechnology: Pharmaceutical Preparations,,,,,,,,False
PTNR,Partner Communications Company Ltd American Depositary Shares,Public Utilities,Telecommunications Equipment,,,,,,,,False
PTOC,Pine Technology Acquisition Corp Class A, Acquisition, Acquisition,,,,,,,,False
PTOCU,Pine Technology Acquisition Corp Unit, Acquisition, Acquisition,,,,,,,,False
PTON,Peloton Interactive Class A,Consumer Services,Other Consumer Services,,,,,,,,False
PTPI,Petros Pharmaceuticals,Health Care,Biotechnology: Pharmaceutical Preparations,,,,,,,,False
PTR,PetroChina Company Limited,Energy,Oil & Gas Production,,,,,,,,False
PTRA,Proterra,Capital Goods,Auto Manufacturing,,,,,,,,False
PTRS,Partners Bancorp,Finance,Major Banks,,,,,,,,False
PTSI,PAM Transportation Services,Transportation,Trucking Freight/Courier Services,,,,,,,,False
PTVE,Pactiv Evergreen,Consumer Durables,Containers/Packaging,,,,,,,,False
PTY,Pimco Corporate &ome Opportunity Fund,Finance,Investment Managers,,,,,,,,False
PUBM,PubMatic Class A,Technology,Computer Software: Prepackaged Software,,,,,,,,False
PUCK,Goal Acquisitions Corp, Acquisition, Acquisition,,,,,,,,False
PUCKU,Goal Acquisitions Corp Unit, Acquisition, Acquisition,,,,,,,,False
PUK,Prudential Public Limited Company,Finance,Life Insurance,,,,,,,,False
PULM,Pulmatrix,Health Care,Biotechnology: Pharmaceutical Preparations,,,,,,,,False
PUMP,ProPetro Holding Corp,Energy,Oilfield Services/Equipment,,,,,,,,False
PUYI,Puyi American Depository Shares,Finance,Investment Managers,,,,,,,,False
PV,Primavera Capital Acquisition Corporation Class A Ordinary Shares,Finance,Business Services,,,,,,,,False
PVBC,Provident Bancorp (MD),Finance,Major Banks,,,,,,,,False
PVH,PVH Corp, Acquisition, Acquisition,,,,,,,,False
PVL,Permianville Royalty Trust Trust Units ,Energy,Oil & Gas Production,,,,,,,,False
PW,Power REIT (MD),Consumer Services,Real Estate Investment Trusts,,,,,,,,False
PWFL,PowerFleet,Capital Goods,Telecommunications Equipment,,,,,,,,False
PWOD,Penns Woods Bancorp,Finance,Major Banks,,,,,,,,False
PWP,Perella Weinberg Partners Class A,Finance,Investment Bankers/Brokers/Service,,,,,,,,False
PWR,Quanta Services,Capital Goods,Engineering & Construction,,,,,,,,False
PWSC,PowerSchool Holdings Class A,Technology,Computer Software: Prepackaged Software,,,,,,,,False
PX,P10 Class A,Finance,Investment Managers,,,,,,,,False
PXD,Pioneer Natural Resources Company,Energy,Oil & Gas Production,,,,,,,,False
PXLW,Pixelworks ,Technology,Semiconductors,,,,,,,,False
PXS,Pyxis Tankers,Transportation,Marine Transportation,,,,,,,,False
PXSAP,Pyxis Tankers 775% Series A Cumulative Convertible Preferred Shares,Transportation,Marine Transportation,,,,,,,,False
PYCR,Paycor HCM,Technology,Computer Software: Prepackaged Software,,,,,,,,True
PYN,PIMCO New York Municipalome Fund III Common Shares of Beneficial Interest,Finance,Investment Managers,,,,,,,,False
PYPD,PolyPid Ltd Ordinary Shares,Health Care,Medical/Dental Instruments,,,,,,,,False
PYPL,PayPal Holdings,Miscellaneous,Business Services,,,,,,,,False
PYR,PyroGenesis Canada Common Shares, Acquisition, Acquisition,,,,,,,,False
PYS,Merrill Lynch Depositor PPlus Tr Ser RRD-1 Tr Ctf Cl A,Finance,Trusts Except Educational Religious and Charitable,,,,,,,,False
PYT,PPlus Tr GSC-2 Tr Ctf Fltg Rate, Acquisition, Acquisition,,,,,,,,False
PYXS,Pyxis Oncology,Health Care,Biotechnology: Pharmaceutical Preparations,,,,,,,,False
PZC,PIMCO California Municipalome Fund III Common Shares of Beneficial Interest,Finance,Investment Managers,,,,,,,,False
PZG,Paramount Gold Nevada Corp,Basic Industries,Precious Metals,,,,,,,,False
PZN,Pzena Investment Management Class A,Finance,Investment Managers,,,,,,,,False
PZZA,Papa John's International,Consumer Services,Restaurants,,,,,,,,False
QCOM,QUALCOMMorporated,Technology,Computer peripheral equipment,,,,,,,,False
QCRH,QCR Holdings,Finance,Major Banks,,,,,,,,False
QD,Qudian American Depositary Shares each representing one Class A Ordinary Share,Technology,Computer Software: Prepackaged Software,,,,,,,,False
QDEL,Quidel Corporation,Health Care,Biotechnology: In Vitro & In Vivo Diagnostic Substances,,,,,,,,False
QFIN,360 DigiTech American Depositary Shares,Finance,Finance: Consumer Services,,,,,,,,False
QFTA,Quantum FinTech Acquisition Corporation, Acquisition, Acquisition,,,,,,,,False
QGEN,Qiagen NV Common Shares ,Health Care,Biotechnology: Biological Products (No Diagnostic Substances),,,,,,,,False
QH,Quhuo Limited American Depository Shares,Miscellaneous,Business Services,,,,,,,,False
QIPT,Quipt Home Medical Corp Common Shares,Capital Goods,Office Equipment/Supplies/Services,,,,,,,,False
QIWI,QIWI plc American Depositary Shares,Miscellaneous,Business Services,,,,,,,,False
QK,Q&K International Group Limited American Depositary Shares,Finance,Real Estate,,,,,,,,False
QLGN,Qualigen Therapeutics,Health Care,Biotechnology: Commercial Physical & Biological Resarch,,,,,,,,False
QLI,Qilian International Holding Group Ltd Ordinary Shares,Health Care,Biotechnology: Pharmaceutical Preparations,,,,,,,,False
QLYS,Qualys,Technology,EDP Services,,,,,,,,False
QMCO,Quantum Corporation,Technology,Electronic Components,,,,,,,,False
QNRX,Quoin Pharmaceuticals Ltd American Depositary Shares,Health Care,Medical/Dental Instruments,,,,,,,,False
QNST,QuinStreet,Technology,Advertising,,,,,,,,False
QQQ,"Invesco QQQ Trust, Series 1",Finance,Finance Companies,,,,,,,,False
QQQX,Nuveen NASDAQ 100 Dynamic Overwrite Fund Shares of Beneficial Interest,Finance,Finance Companies,,,,,,,,False
QRHC,Quest Resource Holding Corporation,Capital Goods,Building Products,,,,,,,,False
QRTEA,Qurate Retail Series A ,Consumer Services,Catalog/Specialty Distribution,,,,,,,,False
QRTEB,Qurate Retail Series B ,Consumer Services,Catalog/Specialty Distribution,,,,,,,,False
QRTEP,Qurate Retail 80% Fixed Rate Cumulative Redeemable Preferred Stock,Consumer Services,Catalog/Specialty Distribution,,,,,,,,False
QRVO,Qorvo,Capital Goods,Industrial Machinery/Components,,,,,,,,False
QS,QuantumScape Corporation Class A,Capital Goods,Auto Parts:OEM,,,,,,,,False
QSI,Quantum-Siorporated Class A,Health Care,Biotechnology: Pharmaceutical Preparations,,,,,,,,False
QSR,Restaurant Brands International Common Shares, Acquisition, Acquisition,,,,,,,,False
QTNT,Quotient Limited Ordinary Shares,Health Care,Biotechnology: Pharmaceutical Preparations,,,,,,,,False
QTRX,Quanterix Corporation,Health Care,Industrial Specialties,,,,,,,,False
QTT,Qutoutiao American Depositary Shares,Technology,Computer Software: Prepackaged Software,,,,,,,,False
QTWO,Q2 Holdings,Technology,EDP Services,,,,,,,,False
QUAD,Quad Graphics Class A,Consumer Services,Recreational Products/Toys,,,,,,,,False
QUBT,Quantum Computing,Technology,Computer Manufacturing,,,,,,,,False
QUIK,QuickLogic Corporation,Technology,Semiconductors,,,,,,,,False
QUMU,Qumu Corporation,Technology,Retail: Computer Software & Peripheral Equipment,,,,,,,,False
QUOT,Quotient Technology,Technology,Advertising,,,,,,,,False
QURE,uniQure NV Ordinary Shares,Health Care,Biotechnology: Pharmaceutical Preparations,,,,,,,,False
QVCC,QVC 6250% Senior Secured Notes due 2068, Acquisition, Acquisition,,,,,,,,False
QVCD,QVC 6375% Senior Secured Notes due 2067, Acquisition, Acquisition,,,,,,,,False
R,Ryder System,Miscellaneous,Rental/Leasing Companies,,,,,,,,False
RA,Brookfield Real Assetsome Fund,Finance,Investment Managers,,,,,,,,False
RAAS,Cloopen Group Holding Limited American Depositary Shares each representing two Class A Ordinary Shares,Technology,Computer Software: Prepackaged Software,,,,,,,,False
RACB,Research Alliance Corp II Class A, Acquisition, Acquisition,,,,,,,,False
RACE,Ferrari NV Common Shares,Capital Goods,Auto Manufacturing,,,,,,,,False
RAD,Rite Aid Corporation,Health Care,Medical/Nursing Services,,,,,,,,False
RADA,RADA Electronic Industries Ltd Ordinary Shares, Acquisition, Acquisition,,,,,,,,False
RADI,Radius Global Infrastructure Class A,Consumer Services,Telecommunications Equipment,,,,,,,,False
RAIL,FreightCar America,Capital Goods,Railroads,,,,,,,,False
RAIN,Rain Therapeutics,Health Care,Biotechnology: Pharmaceutical Preparations,,,,,,,,False
RAM,Aries I Acquisition Corporation Class A Ordinary Share,Finance,Business Services,,,,,,,,False
RAMMU,Aries I Acquisition Corporation Unit,Finance,Business Services,,,,,,,,False
RAMP,LiveRamp Holdings,Technology,EDP Services,,,,,,,,False
RAND,Rand Capital Corporation,Finance,Finance/Investors Services,,,,,,,,False
RANI,Rani Therapeutics Holdings Class A,Consumer Durables,Specialty Chemicals,,,,,,,,False
RAPT,RAPT Therapeutics,Health Care,Biotechnology: Pharmaceutical Preparations,,,,,,,,False
RARE,Ultragenyx Pharmaceutical,Health Care,Biotechnology: Pharmaceutical Preparations,,,,,,,,False
RAVE,Rave Restaurant Group,Consumer Services,Restaurants,,,,,,,,False
RBA,Ritchie Bros Auctioneersorporated, Acquisition, Acquisition,,,,,,,,False
RBAC,RedBall Acquisition Corp Class A Ordinary Shares,Finance,Business Services,,,,,,,,False
RBB,RBB Bancorp,Finance,Commercial Banks,,,,,,,,False
RBBN,Ribbon Communications,Technology,EDP Services,,,,,,,,False
RBCAA,Republic Bancorp Class A,Finance,Major Banks,,,,,,,,False
RBCN,Rubicon Technology,Technology,Semiconductors,,,,,,,,False
RBKB,Rhinebeck Bancorp,Finance,Major Banks,,,,,,,,False
RBLX,Roblox Corporation Class A,Technology,EDP Services,,,,,,,,False
RBOT,Vicarious Surgical Class A,Health Care,Medical Specialities,,,,,,,,False
RC,Ready Capital Corproation,Consumer Services,Real Estate Investment Trusts,,,,,,,,False
RCACU,Revelstone Capital Acquisition Corp Unit, Acquisition, Acquisition,,,,,,,,False
RCAT,Red Cat Holdings,Technology,Retail: Computer Software & Peripheral Equipment,,,,,,,,False
RCB,Ready Capital Corporation 620% Senior Notes due 2026, Acquisition, Acquisition,,,,,,,,False
RCC,Ready Capital Corporation 575% Senior Notes due 2026,Finance,Finance Companies,,,,,,,,False
RCEL,Avita Therapeutics,Health Care,Medical Specialities,,,,,,,,False
RCFA,RCF Acquisition Corp Class A Ordinary Shares, Acquisition, Acquisition,,,,,,,,False
RCG,RENN Fund,Finance,Investment Managers,,,,,,,,False
RCHG,Recharge Acquisition Corp Class A, Acquisition, Acquisition,,,,,,,,False
RCI,Rogers Communication, Acquisition, Acquisition,,,,,,,,False
RCII,Rent-A-Center,Technology,Diversified Commercial Services,,,,,,,,False
RCKT,Rocket Pharmaceuticals,Health Care,Biotechnology: Pharmaceutical Preparations,,,,,,,,False
RCKY,Rocky Brands,Consumer Non-Durables,Shoe Manufacturing,,,,,,,,False
RCL,D/B/A Royal Caribbean Cruises Ltd,Transportation,Hotels/Resorts,,,,,,,,False
RCLF,Rosecliff Acquisition Corp I Class A, Acquisition, Acquisition,,,,,,,,False
RCLFU,Rosecliff Acquisition Corp I Unit, Acquisition, Acquisition,,,,,,,,False
RCM,R1 RCM,Consumer Services,Other Consumer Services,,,,,,,,False
RCMT,RCM Technologies,Consumer Services,Military/Government/Technical,,,,,,,,False
RCON,Recon Technology Ltd Class A Ordinary Shares,Energy,Oilfield Services/Equipment,,,,,,,,False
RCOR,Renovacor,Health Care,Biotechnology: Pharmaceutical Preparations,,,,,,,,False
RCRT,Recruitercom Group, Acquisition, Acquisition,,,,,,,,False
RCS,PIMCO Strategicome Fund,Finance,Investment Managers,,,,,,,,False
RCUS,Arcus Biosciences,Health Care,Biotechnology: Pharmaceutical Preparations,,,,,,,,False
RDBX,Redbox Entertainment Class A, Acquisition, Acquisition,,,,,,,,False
RDCM,Radcom Ltd Ordinary Shares,Technology,Computer peripheral equipment,,,,,,,,False
RDFN,Redfin Corporation,Finance,Real Estate,,,,,,,,False
RDHL,Redhill Biopharma Ltd American Depositary Shares,Health Care,Biotechnology: Pharmaceutical Preparations,,,,,,,,False
RDI,Reading International Class A,Consumer Services,Movies/Entertainment,,,,,,,,False
RDIB,Reading International Class B,Consumer Services,Movies/Entertainment,,,,,,,,False
RDN,Radian Group,Finance,Property-Casualty Insurers,,,,,,,,False
RDNT,RadNet,Health Care,Medical Specialities,,,,,,,,False
RDUS,Radius Health,Health Care,Biotechnology: Pharmaceutical Preparations,,,,,,,,False
RDVT,Red Violet ,Technology,Computer Software: Prepackaged Software,,,,,,,,False
RDW,Redwire Corporation,Capital Goods,Aerospace,,,,,,,,False
RDWR,Radware Ltd Ordinary Shares,Technology,EDP Services,,,,,,,,False
RDY,Dr Reddy's Laboratories Ltd,Health Care,Biotechnology: Pharmaceutical Preparations,,,,,,,,False
RE,Everest Re Group Ltd,Finance,Property-Casualty Insurers,,,,,,,,False
REAL,The RealReal,Consumer Non-Durables,Consumer Specialties,,,,,,,,False
REAX,The Real Brokerage Common Shares, Acquisition, Acquisition,,,,,,,,False
REDU,RISE Education Cayman Ltd American Depositary Shares,Miscellaneous,Service to the Health Industry,,,,,,,,False
REE,REE Automotive Ltd Class A Ordinary Shares, Acquisition, Acquisition,,,,,,,,False
REEAW,REE Automotive Ltd Warrant, Acquisition, Acquisition,,,,,,,,False
REED,Reeds,Consumer Non-Durables,Beverages (Production/Distribution),,,,,,,,False
REFI,Chicago Atlantic Real Estate Finance,Consumer Services,Real Estate Investment Trusts,,,,,,,,False
REFR,Research Frontiersorporated,Capital Goods,Industrial Machinery/Components,,,,,,,,False
REG,Regency Centers Corporation,Consumer Services,Real Estate Investment Trusts,,,,,,,,False
REGI,Renewable Energy Group,Basic Industries,Major Chemicals,,,,,,,,False
REGN,Regeneron Pharmaceuticals,Health Care,Biotechnology: Pharmaceutical Preparations,,,,,,,,False
REI,Ring Energy,Energy,Oil & Gas Production,,,,,,,,False
REKR,Rekor Systems,Technology,EDP Services,,,,,,,,False
RELI,Reliance Global Group,Finance,Specialty Insurers,,,,,,,,False
RELL,Richardson Electronics Ltd,Technology,Electronic Components,,,,,,,,False
RELX,RELX PLC PLC American Depositary Shares (Each representing One Ordinary Share),Consumer Services,Publishing,,,,,,,,False
RELY,Remitly Global,Technology,Computer Software: Prepackaged Software,,,,,,,,False
RENN,Renren American Depositary Shares each representing fifteen Class A ordinary shares,Technology,EDP Services,,,,,,,,False
RENO,Renovare Environmental ,Capital Goods,Industrial Machinery/Components,,,,,,,,False
RENT,Rent the Runway Class A,Consumer Non-Durables,Department/Specialty Retail Stores,,,,,,,,False
REPH,Recro Pharma,Health Care,Biotechnology: Pharmaceutical Preparations,,,,,,,,False
REPL,Replimune Group,Health Care,Biotechnology: Pharmaceutical Preparations,,,,,,,,False
REPX,Riley Exploration Permian,Energy,Oil & Gas Production,,,,,,,,False
RERE,ATRenew American Depositary Shares (every three of which representing two Class A ordinary shares), Acquisition, Acquisition,,,,,,,,False
RES,RPC,Energy,Oilfield Services/Equipment,,,,,,,,False
RETA,Reata Pharmaceuticals Class A,Health Care,Biotechnology: Pharmaceutical Preparations,,,,,,,,False
RETO,ReTo Eco-Solutions Common Shares,Capital Goods,Multi-Sector Companies,,,,,,,,False
REV,Revlon New,Consumer Non-Durables,Package Goods/Cosmetics,,,,,,,,False
REVB,Revelation Biosciences, Acquisition, Acquisition,,,,,,,,False
REVBU,Revelation Biosciences Unit, Acquisition, Acquisition,,,,,,,,False
REVE,Alpine Acquisition Corporation, Acquisition, Acquisition,,,,,,,,False
REVEU,Alpine Acquisition Corporation Unit, Acquisition, Acquisition,,,,,,,,False
REVG,REV Group,Capital Goods,Industrial Machinery/Components,,,,,,,,False
REVH,Revolution Healthcare Acquisition Corp SAIL Class A, Acquisition, Acquisition,,,,,,,,False
REVHU,Revolution Healthcare Acquisition Corp SAIL Units, Acquisition, Acquisition,,,,,,,,False
REX,REX American Resources Corporation,Basic Industries,Major Chemicals,,,,,,,,False
REXR,Rexford Industrial Realty,Consumer Services,Real Estate Investment Trusts,,,,,,,,False
REYN,Reynolds Consumer Products,Capital Goods,Office Equipment/Supplies/Services,,,,,,,,False
REZI,Resideo Technologies ,Miscellaneous,Diversified Manufacture,,,,,,,,False
RF,Regions Financial Corporation,Finance,Major Banks,,,,,,,,False
RFI,Cohen & Steers Total Return Realty Fund,Finance,Investment Managers,,,,,,,,False
RFIL,RF Industries Ltd,Capital Goods,Electrical Products,,,,,,,,False
RFL,Rafael Holdings Class B,Health Care,Biotechnology: Pharmaceutical Preparations,,,,,,,,False
RFM,RiverNorth Flexible Municipalome Fund,Finance,Trusts Except Educational Religious and Charitable,,,,,,,,False
RFMZ,RiverNorth Flexible Municipalome Fund II,Finance,Trusts Except Educational Religious and Charitable,,,,,,,,False
RFP,Resolute Forest Products,Basic Industries,Paper,,,,,,,,False
RGA,Reinsurance Group of Americaorporated,Finance,Life Insurance,,,,,,,,False
RGC,Regencell Bioscience Holdings Limited Ordinary Shares, Acquisition, Acquisition,,,,,,,,False
RGCO,RGC Resources,Public Utilities,Oil & Gas Production,,,,,,,,False
RGEN,Repligen Corporation,Health Care,Medical/Dental Instruments,,,,,,,,False
RGF,The Real Good Food Company Class A,Consumer Non-Durables,Food Distributors,,,,,,,,False
RGLD,Royal Gold, Acquisition, Acquisition,,,,,,,,False
RGLS,Regulus Therapeutics,Health Care,Biotechnology: Pharmaceutical Preparations,,,,,,,,False
RGNX,REGENXBIO,Health Care,Biotechnology: Biological Products (No Diagnostic Substances),,,,,,,,False
RGP,Resources Connection,Miscellaneous,Business Services,,,,,,,,False
RGR,Sturm Ruger & Company, Acquisition, Acquisition,,,,,,,,False
RGS,Regis Corporation, Acquisition, Acquisition,,,,,,,,False
RGT,Royce Global Value Trust,Finance,Trusts Except Educational Religious and Charitable,,,,,,,,False
RH,RH,Consumer Services,Other Specialty Stores,,,,,,,,False
RHE,Regional Health Properties,Health Care,Hospital/Nursing Management,,,,,,,,False
RHI,Robert Half International,Technology,Diversified Commercial Services,,,,,,,,False
RHP,Ryman Hospitality Properties (REIT),Consumer Services,Real Estate Investment Trusts,,,,,,,,False
RIBT,RiceBran Technologies,Consumer Non-Durables,Specialty Foods,,,,,,,,False
RICK,RCI Hospitality Holdings,Consumer Services,Restaurants,,,,,,,,False
RICO,Agrico Acquisition Corp Class A Ordinary Shares, Acquisition, Acquisition,,,,,,,,False
RICOU,Agrico Acquisition Corp Unit, Acquisition, Acquisition,,,,,,,,False
RIDE,Lordstown Motors Corp Class A,Capital Goods,Construction/Ag Equipment/Trucks,,,,,,,,False
RIG,Transocean Ltd (Switzerland),Energy,Oil & Gas Production,,,,,,,,False
RIGL,Rigel Pharmaceuticals,Health Care,Biotechnology: Pharmaceutical Preparations,,,,,,,,False
RILY,B Riley Financial,Finance,Investment Managers,,,,,,,,False
RILYG,B Riley Financial 500% Senior Notes due 2026,Miscellaneous,Business Services,,,,,,,,False
RILYK,B Riley Financial 550% Senior Notes Due 2026,Miscellaneous,Business Services,,,,,,,,False
RILYL,B Riley Financial Depositary Shares each representing 1/1000th in a share of 7375% Series B Cumulative Perpetual Preferred Stock par value $00001,Finance,Investment Managers,,,,,,,,False
RILYM,B Riley Financial 6375% Senior Notes due 2025,Miscellaneous,Business Services,,,,,,,,False
RILYN,B Riley Financial 650% Senior Notes Due 2026,Miscellaneous,Business Services,,,,,,,,False
RILYO,B Riley Financial 675% Senior Notes due 2024,Miscellaneous,Business Services,,,,,,,,False
RILYP,B Riley Financial Depositary Shares each representing a 1/1000th fractional interest in a share of Series A Cumulative Perpetual Preferred Stock,Finance,Investment Managers,,,,,,,,False
RILYT,B Riley Financial 600% Senior Notes Due 2028,Miscellaneous,Business Services,,,,,,,,False
RILYZ,B Riley Financial 525% Senior Notes due 2028,Miscellaneous,Business Services,,,,,,,,False
RIO,Rio Tinto Plc,Basic Industries,Steel/Iron Ore,,,,,,,,False
RIOT,Riot Blockchain  ,Technology,Retail: Computer Software & Peripheral Equipment,,,,,,,,False
RIV,RiverNorth Opportunities Fund,Finance,Finance Companies,,,,,,,,False
RIVN,Rivian Automotive Class A,Capital Goods,Auto Manufacturing,,,,,,,,False
RJF,Raymond James Financial,Finance,Investment Bankers/Brokers/Service,,,,,,,,False
RKDA,Arcadia Biosciences,Basic Industries,Agricultural Chemicals,,,,,,,,False
RKLB,Rocket Lab USA,Capital Goods,Aerospace,,,,,,,,False
RKLY,Rockley Photonics Holdings Limited Ordinary Shares, Acquisition, Acquisition,,,,,,,,False
RKT,Rocket Companies Class A,Finance,Finance: Consumer Services,,,,,,,,False
RKTA,Rocket Internet Growth Opportunities Corp Class A Ordinary Shares, Acquisition, Acquisition,,,,,,,,False
RL,Ralph Lauren Corporation,Consumer Non-Durables,Apparel,,,,,,,,False
RLAY,Relay Therapeutics,Health Care,Biotechnology: Pharmaceutical Preparations,,,,,,,,False
RLGT,Radiant Logistics,Transportation,Oil Refining/Marketing,,,,,,,,False
RLGY,Realogy Holdings Corp,Finance,Real Estate,,,,,,,,False
RLI,RLI Corp (DE),Finance,Property-Casualty Insurers,,,,,,,,False
RLJ,RLJ Lodging Trust Common Shares of Beneficial Interest $001 par value,Consumer Services,Real Estate Investment Trusts,,,,,,,,False
RLMD,Relmada Therapeutics,Health Care,Biotechnology: Pharmaceutical Preparations,,,,,,,,False
RLX,RLX Technology American Depositary Shares each representing the right to receive one (1) Class A ordinary share,Consumer Non-Durables,Farming/Seeds/Milling,,,,,,,,False
RLYB,Rallybio Corporation,Health Care,Biotechnology: Pharmaceutical Preparations,,,,,,,,False
RM,Regional Management Corp,Finance,Finance: Consumer Services,,,,,,,,False
RMAX,RE/MAX Holdings Class A,Finance,Real Estate,,,,,,,,False
RMBI,Richmond Mutual Bancorporation, Acquisition, Acquisition,,,,,,,,False
RMBL,RumbleOn Class B,Capital Goods,Automotive Aftermarket,,,,,,,,False
RMBS,Rambus,Technology,Semiconductors,,,,,,,,False
RMCF,Rocky Mountain Chocolate Factory,Consumer Non-Durables,Specialty Foods,,,,,,,,False
RMD,ResMed,Health Care,Medical/Dental Instruments,,,,,,,,False
RMED,Ra Medical Systems,Health Care,Medical/Dental Instruments,,,,,,,,False
RMGC,RMG Acquisition Corp III Class A Ordinary Shares,Finance,Business Services,,,,,,,,False
RMGCU,RMG Acquisition Corp III Unit,Finance,Business Services,,,,,,,,False
RMI,RiverNorth Opportunistic Municipalome Fund,Finance,Finance/Investors Services,,,,,,,,False
RMM,RiverNorth Managed Duration Municipalome Fund,Finance,Trusts Except Educational Religious and Charitable,,,,,,,,False
RMNI,Rimini Street (DE),Technology,EDP Services,,,,,,,,False
RMO,Romeo Power Class A,Capital Goods,Automotive Aftermarket,,,,,,,,False
RMR,The RMR Group Class A,Finance,Real Estate,,,,,,,,False
RMT,Royce Micro-Cap Trust,Finance,Investment Managers,,,,,,,,False
RMTI,Rockwell Medical (DE),Health Care,Biotechnology: Pharmaceutical Preparations,,,,,,,,False
RNA,Avidity Biosciences,Health Care,Biotechnology: Pharmaceutical Preparations,,,,,,,,False
RNAZ,TransCode Therapeutics,Health Care,Biotechnology: Pharmaceutical Preparations,,,,,,,,False
RNDB,Randolph Bancorp,Finance,Major Banks,,,,,,,,False
RNER,Mount Rainier Acquisition Corp, Acquisition, Acquisition,,,,,,,,False
RNERU,Mount Rainier Acquisition Corp Unit, Acquisition, Acquisition,,,,,,,,False
RNG,RingCentral Class A,Technology,EDP Services,,,,,,,,False
RNGR,Ranger Energy Services Class A,Energy,Oilfield Services/Equipment,,,,,,,,False
RNLX,Renalytix plc American Depositary Shares,Health Care,Medical Specialities,,,,,,,,False
RNP,Cohen & Steers REIT and Preferred andome Fund Common Shares,Finance,Investment Managers,,,,,,,,False
RNR,RenaissanceRe Holdings Ltd,Finance,Property-Casualty Insurers,,,,,,,,False
RNST,Renasant Corporation,Finance,Major Banks,,,,,,,,False
RNW,ReNew Energy Global plc Class A Ordinary Shares, Acquisition, Acquisition,,,,,,,,False
RNWK,RealNetworks,Technology,EDP Services,,,,,,,,False
RNWWW,ReNew Energy Global plc Warrant, Acquisition, Acquisition,,,,,,,,False
RNXT,RenovoRx,Health Care,Biotechnology: Pharmaceutical Preparations,,,,,,,,False
ROAD,Construction Partners Class A,Capital Goods,Engineering & Construction,,,,,,,,False
ROC,ROC Energy Acquisition Corp, Acquisition, Acquisition,,,,,,,,False
ROCAR,ROC Energy Acquisition Corp Rights, Acquisition, Acquisition,,,,,,,,False
ROCAU,ROC Energy Acquisition Corp Unit, Acquisition, Acquisition,,,,,,,,False
ROCC,Ranger Oil Corporation Class A,Energy,Oil & Gas Production,,,,,,,,False
ROCG,Roth CH Acquisition IV Co, Acquisition, Acquisition,,,,,,,,False
ROCK,Gibraltar Industries, Acquisition, Acquisition,,,,,,,,False
ROCL,Roth CH Acquisition V Co, Acquisition, Acquisition,,,,,,,,False
ROCLU,Roth CH Acquisition V Co Unit, Acquisition, Acquisition,,,,,,,,False
ROG,Rogers Corporation,Capital Goods,Industrial Machinery/Components,,,,,,,,False
ROIC,Retail Opportunity Investments Corp (MD),Consumer Services,Real Estate Investment Trusts,,,,,,,,False
ROIV,Roivant Sciences Ltd Common Shares, Acquisition, Acquisition,,,,,,,,False
ROK,Rockwell Automation,Capital Goods,Industrial Machinery/Components,,,,,,,,False
ROKU,Roku Class A,Consumer Services,Television Services,,,,,,,,False
ROL,Rollins,Technology,Industrial Specialties,,,,,,,,False
ROLL,RBC Bearingsorporated,Capital Goods,Metal Fabrications,,,,,,,,False
ROLLP,RBC Bearingsorporated 500% Series A Mandatory Convertible Preferred Stock,Capital Goods,Metal Fabrications,,,,,,,,False
RONI,Rice Acquisition Corp II Class A Ordinary Shares, Acquisition, Acquisition,,,,,,,,False
ROOT,Root Class A,Finance,Property-Casualty Insurers,,,,,,,,False
ROP,Roper Technologies,Capital Goods,Office Equipment/Supplies/Services,,,,,,,,False
ROSE,Rose Hill Acquisition Corporation Class A Ordinary Shares, Acquisition, Acquisition,,,,,,,,False
ROSEU,Rose Hill Acquisition Corporation Unit, Acquisition, Acquisition,,,,,,,,False
ROSS,Ross Acquisition Corp II Class A Ordinary Shares, Acquisition, Acquisition,,,,,,,,False
ROST,Ross Stores,Consumer Services,Clothing/Shoe/Accessory Stores,,,,,,,,False
ROVR,Rover Group Class A,Miscellaneous,Other Consumer Services,,,,,,,,False
RPAY,Repay Holdings Corporation Class A,Technology,EDP Services,,,,,,,,False
RPD,Rapid7,Technology,Computer Software: Prepackaged Software,,,,,,,,False
RPHM,Reneo Pharmaceuticals,Health Care,Biotechnology: Pharmaceutical Preparations,,,,,,,,False
RPID,Rapid Micro Biosystems Class A,Health Care,Medical Specialities,,,,,,,,False
RPM,RPM International,Basic Industries,Paints/Coatings,,,,,,,,False
RPRX,Royalty Pharma plc Class A Ordinary Shares ,Health Care,Biotechnology: Pharmaceutical Preparations,,,,,,,,False
RPT,RPT Realty,Consumer Services,Real Estate Investment Trusts,,,,,,,,False
RPTX,Repare Therapeutics Common Shares, Acquisition, Acquisition,,,,,,,,False
RQI,Cohen & Steers Qualityome Realty Fund Common Shares,Finance,Trusts Except Educational Religious and Charitable,,,,,,,,False
RRAC,Rigel Resource Acquisition Corp Class A Ordinary Shares, Acquisition, Acquisition,,,,,,,,False
RRBI,Red River Bancshares,Finance,Commercial Banks,,,,,,,,False
RRC,Range Resources Corporation,Energy,Oil & Gas Production,,,,,,,,False
RRGB,Red Robin Gourmet Burgers,Consumer Services,Restaurants,,,,,,,,False
RRR,Red Rock Resorts Class A,Consumer Services,Recreational Products/Toys,,,,,,,,False
RRX,Regal Rexnord Corporation,Consumer Durables,Metal Fabrications,,,,,,,,False
RS,Reliance Steel & Aluminum Co (DE),Basic Industries,Steel/Iron Ore,,,,,,,,False
RSF,RiverNorth Specialty Finance Corporation,Finance,Investment Managers,,,,,,,,False
RSG,Republic Services,Public Utilities,Environmental Services,,,,,,,,False
RSI,Rush Street Interactive Class A,Consumer Services,Services-Misc Amusement & Recreation,,,,,,,,False
RSKD,Riskified Ltd Class A Ordinary Shares, Acquisition, Acquisition,,,,,,,,False
RSLS,ReShape Lifesciences,Health Care,Biotechnology: Electromedical & Electrotherapeutic Apparatus,,,,,,,,False
RSSS,Research Solutions,Technology,Computer Software: Prepackaged Software,,,,,,,,False
RSVR,Reservoir Media,Consumer Services,Movies/Entertainment,,,,,,,,False
RSVRW,Reservoir Media Warrant,Consumer Services,Movies/Entertainment,,,,,,,,False
RTLR,Rattler Midstream LP Common Units,Energy,Oilfield Services/Equipment,,,,,,,,False
RTX,Raytheon Technologies Corporation,Capital Goods,Military/Government/Technical,,,,,,,,False
RUBY,Rubius Therapeutics,Health Care,Biotechnology: Biological Products (No Diagnostic Substances),,,,,,,,False
RUN,Sunrun,Capital Goods,Building Products,,,,,,,,False
RUSHA,Rush Enterprises Cl A,Consumer Services,Other Specialty Stores,,,,,,,,False
RUSHB,Rush Enterprises Class B,Consumer Services,Other Specialty Stores,,,,,,,,False
RUTH,Ruth's Hospitality Group,Consumer Services,Restaurants,,,,,,,,False
RVACU,Riverview Acquisition Corp Unit, Acquisition, Acquisition,,,,,,,,False
RVI,Retail Value ,Consumer Services,Real Estate Investment Trusts,,,,,,,,False
RVLV,Revolve Group Class A,Consumer Services,Catalog/Specialty Distribution,,,,,,,,False
RVMD,Revolution Medicines,Consumer Durables,Specialty Chemicals,,,,,,,,False
RVNC,Revance Therapeutics,Health Care,Biotechnology: Pharmaceutical Preparations,,,,,,,,False
RVP,Retractable Technologies,Health Care,Medical/Dental Instruments,,,,,,,,False
RVPH,Reviva Pharmaceuticals Holdings ,Health Care,Biotechnology: Pharmaceutical Preparations,,,,,,,,False
RVSB,Riverview Bancorp,Finance,Major Banks,,,,,,,,False
RVT,Royce Value Trust,Finance,Trusts Except Educational Religious and Charitable,,,,,,,,False
RWAY,Runway Growth Finance Corp, Acquisition, Acquisition,,,,,,,,False
RWLK,ReWalk Robotics Ltd Ordinary Shares,Health Care,Industrial Specialties,,,,,,,,False
RWT,Redwood Trust,Consumer Services,Real Estate Investment Trusts,,,,,,,,False
RXDX,Prometheus Biosciences,Health Care,Biotechnology: Pharmaceutical Preparations,,,,,,,,False
RXRA,RXR Acquisition Corp Class A, Acquisition, Acquisition,,,,,,,,False
RXRAU,RXR Acquisition Corp Units, Acquisition, Acquisition,,,,,,,,False
RXRX,Recursion Pharmaceuticals Class A,Health Care,Biotechnology: Pharmaceutical Preparations,,,,,,,,False
RXST,RxSight,Health Care,Biotechnology: Electromedical & Electrotherapeutic Apparatus,,,,,,,,False
RXT,Rackspace Technology,Technology,EDP Services,,,,,,,,False
RY,Royal Bank Of Canada, Acquisition, Acquisition,,,,,,,,False
RYAAY,Ryanair Holdings plc American Depositary Shares,Transportation,Air Freight/Delivery Services,,,,,,,,False
RYAM,Rayonier Advanced Materials,Basic Industries,Industrial Specialties,,,,,,,,False
RYAN,Ryan Specialty Group Holdings Class A, Acquisition, Acquisition,,,,,,,,False
RYB,RYB Education American depositary shares each representing one Class A ordinary share,Miscellaneous,Other Consumer Services,,,,,,,,False
RYI,Ryerson Holding Corporation,Capital Goods,Office Equipment/Supplies/Services,,,,,,,,False
RYN,Rayonier REIT,Consumer Services,Real Estate Investment Trusts,,,,,,,,False
RYTM,Rhythm Pharmaceuticals,Health Care,Biotechnology: Pharmaceutical Preparations,,,,,,,,False
RZA,Reinsurance Group of Americaorporated 620% Fixed-to-Floating Rate Subordinated Debentures due 2042,Finance,Life Insurance,,,,,,,,False
RZB,Reinsurance Group of Americaorporated 575% Fixed-To-Floating Rate Subordinated Debentures due 2056,Finance,Life Insurance,,,,,,,,False
RZLT,Rezolute (NV),Health Care,Biotechnology: Pharmaceutical Preparations,,,,,,,,False
S,SentinelOne Class A,Technology,EDP Services,,,,,,,,False
SA,Seabridge Gold (Canada), Acquisition, Acquisition,,,,,,,,False
SABR,Sabre Corporation,Technology,EDP Services,,,,,,,,False
SABRP,Sabre Corporation 650% Series A Mandatory Convertible Preferred Stock,Technology,EDP Services,,,,,,,,False
SABS,SAB Biotherapeutics,Health Care,Biotechnology: Pharmaceutical Preparations,,,,,,,,False
SACC,Sachem Capital Corp 6875% Notes due 2024,Consumer Services,Real Estate Investment Trusts,,,,,,,,False
SACH,Sachem Capital Corp Common Shares,Consumer Services,Real Estate Investment Trusts,,,,,,,,False
SAFE,Safehold,Consumer Services,Real Estate Investment Trusts,,,,,,,,False
SAFM,Sanderson Farms, Acquisition, Acquisition,,,,,,,,False
SAFT,Safety Insurance Group,Finance,Property-Casualty Insurers,,,,,,,,False
SAGAU,Sagaliam Acquisition Corp Units, Acquisition, Acquisition,,,,,,,,False
SAGE,Sage Therapeutics,Health Care,Biotechnology: Pharmaceutical Preparations,,,,,,,,False
SAH,Sonic Automotive,Consumer Services,Other Specialty Stores,,,,,,,,False
SAIA,Saia,Transportation,Trucking Freight/Courier Services,,,,,,,,False
SAIC,SCIENCE APPLICATIONS INTERNATIONAL CORPORATION,Technology,EDP Services,,,,,,,,False
SAIL,SailPoint Technologies Holdings,Technology,Computer Software: Prepackaged Software,,,,,,,,False
SAK,Saratoga Investment Corp 725% Notes due 2025,Finance,Finance Companies,,,,,,,,False
SAL,Salisbury Bancorp,Finance,Savings Institutions,,,,,,,,False
SALM,Salem Media Group Class A,Consumer Services,Broadcasting,,,,,,,,False
SAM,Boston Beer Company (The),Consumer Non-Durables,Beverages (Production/Distribution),,,,,,,,False
SAMA,Schultze Special Purpose Acquisition Corp II Class A, Acquisition, Acquisition,,,,,,,,False
SAMAU,Schultze Special Purpose Acquisition Corp II Units, Acquisition, Acquisition,,,,,,,,False
SAMG,Silvercrest Asset Management Group Class A,Finance,Investment Managers,,,,,,,,False
SAN,Banco Santander SA Sponsored ADR (Spain),Finance,Commercial Banks,,,,,,,,False
SANA,Sana Biotechnology,Consumer Durables,Specialty Chemicals,,,,,,,,False
SANB,Sanaby Health Acquisition Corp I Class A, Acquisition, Acquisition,,,,,,,,False
SANBU,Sanaby Health Acquisition Corp I Unit, Acquisition, Acquisition,,,,,,,,False
SANG,Sangoma Technologies Corporation Common Shares, Acquisition, Acquisition,,,,,,,,False
SANM,Sanmina Corporation,Technology,Electrical Products,,,,,,,,False
SANW,S&W Seed Company (NV), Acquisition, Acquisition,,,,,,,,False
SAP,SAP  SE ADS,Technology,EDP Services,,,,,,,,False
SAR,Saratoga Investment Corp New,Finance,Investment Managers,,,,,,,,False
SASR,Sandy Spring Bancorp,Finance,Major Banks,,,,,,,,False
SATS,EchoStar  Corporation,Technology,Radio And Television Broadcasting And Communications Equipment,,,,,,,,False
SAVA,Cassava Sciences,Health Care,Biotechnology: Pharmaceutical Preparations,,,,,,,,False
SAVE,Spirit Airlines,Transportation,Air Freight/Delivery Services,,,,,,,,False
SB,Safe Bulkers ($0001 par value),Transportation,Marine Transportation,,,,,,,,False
SBAC,SBA Communications Corporation Class A,Consumer Services,Real Estate Investment Trusts,,,,,,,,False
SBBA,Scorpio Tankers 700% Senior Notes due 2025,Transportation,Marine Transportation,,,,,,,,False
SBCF,Seacoast Banking Corporation of Florida,Finance,Major Banks,,,,,,,,False
SBET,SharpLink Gaming Ltd Ordinary Shares,Public Utilities,Telecommunications Equipment,,,,,,,,False
SBEV,Splash Beverage Group (NV),Consumer Non-Durables,Beverages (Production/Distribution),,,,,,,,False
SBFG,SB Financial Group,Finance,Major Banks,,,,,,,,False
SBGI,Sinclair Broadcast Group Class A,Consumer Services,Broadcasting,,,,,,,,False
SBH,Sally Beauty Holdings (Name to be changed from Sally Holdings),Miscellaneous,Diversified Commercial Services,,,,,,,,False
SBI,Western Asset Intermediate Muni Fund,Finance,Finance/Investors Services,,,,,,,,False
SBII,Sandbridge X2 Corp Class A, Acquisition, Acquisition,,,,,,,,False
SBLK,Star Bulk Carriers Corp Common Shares,Transportation,Marine Transportation,,,,,,,,False
SBNY,Signature Bank,Finance,Major Banks,,,,,,,,False
SBNYP,Signature Bank Depositary shares each representing a 1/40th ownership interest in a share of 5000% Noncumulative Perpetual Series A Preferred Stock,Finance,Major Banks,,,,,,,,False
SBOW,SilverBow Resorces,Energy,Oil & Gas Production,,,,,,,,False
SBR,Sabine Royalty Trust,Energy,Oil & Gas Production,,,,,,,,False
SBRA,Sabra Health Care REIT,Consumer Services,Real Estate Investment Trusts,,,,,,,,False
SBS,Companhia de saneamento Basico Do Estado De Sao Paulo - Sabesp American Depositary Shares (Each repstg 250 Common Shares), Acquisition, Acquisition,,,,,,,,False
SBSI,Southside Bancshares,Finance,Major Banks,,,,,,,,False
SBSW,D/B/A Sibanye-Stillwater Limited ADS,Basic Industries,Precious Metals,,,,,,,,False
SBT,Sterling Bancorp,Finance,Savings Institutions,,,,,,,,True
SBTX,Silverback Therapeutics,Consumer Durables,Specialty Chemicals,,,,,,,,False
SBUX,Starbucks Corporation, Acquisition, Acquisition,,,,,,,,False
SCAQ,Stratim Cloud Acquisition Corp Class A, Acquisition, Acquisition,,,,,,,,False
SCAQU,Stratim Cloud Acquisition Corp Unit, Acquisition, Acquisition,,,,,,,,False
SCCB,Sachem Capital Corp 7125% Notes due 2024,Consumer Services,Real Estate Investment Trusts,,,,,,,,False
SCCC,Sachem Capital Corp 775% Notes due 2025,Consumer Services,Real Estate Investment Trusts,,,,,,,,False
SCCD,Sachem Capital Corp 600% Notes due 2026,Consumer Services,Real Estate Investment Trusts,,,,,,,,False
SCCO,Southern Copper Corporation,Basic Industries,Precious Metals,,,,,,,,False
SCD,LMP Capital andome Fund,Finance,Trusts Except Educational Religious and Charitable,,,,,,,,False
SCHL,Scholastic Corporation,Consumer Services,Books,,,,,,,,False
SCHN,Schnitzer Steel Industries Class A,Basic Industries,Steel/Iron Ore,,,,,,,,False
SCHW,Charles Schwab Corporation (The),Finance,Investment Bankers/Brokers/Service,,,,,,,,False
SCI,Service Corporation International,Miscellaneous,Other Consumer Services,,,,,,,,False
SCKT,Socket Mobile,Technology,Computer Manufacturing,,,,,,,,False
SCL,Stepan Company,Consumer Non-Durables,Package Goods/Cosmetics,,,,,,,,False
SCLE,Broadscale Acquisition Corp Class A, Acquisition, Acquisition,,,,,,,,False
SCLEU,Broadscale Acquisition Corp Units, Acquisition, Acquisition,,,,,,,,False
SCM,Stellus Capital Investment Corporation,Finance,Finance/Investors Services,,,,,,,,False
SCMA,Seaport Calibre Materials Acquisition Corp Class A,Consumer Services,Other Pharmaceuticals,,,,,,,,False
SCMAU,Seaport Calibre Materials Acquisition Corp Unit,Consumer Services,Other Pharmaceuticals,,,,,,,,False
SCOA,ScION Tech Growth I Class A Ordinary Shares,Finance,Business Services,,,,,,,,False
SCOAU,ScION Tech Growth I Unit,Finance,Business Services,,,,,,,,False
SCOAW,ScION Tech Growth I Warrant,Finance,Business Services,,,,,,,,False
SCOB,ScION Tech Growth II Class A Ordinary Shares,Finance,Business Services,,,,,,,,False
SCOBU,ScION Tech Growth II Units,Finance,Business Services,,,,,,,,False
SCOR,comScore,Miscellaneous,Business Services,,,,,,,,False
SCPH,scPharmaceuticals,Health Care,Biotechnology: Pharmaceutical Preparations,,,,,,,,False
SCPL,SciPlay Corporation Class A,Technology,Computer Software: Prepackaged Software,,,,,,,,False
SCPS,Scopus BioPharma,Health Care,Biotechnology: Pharmaceutical Preparations,,,,,,,,False
SCRMU,Screaming Eagle Acquisition Corp Unit, Acquisition, Acquisition,,,,,,,,False
SCS,Steelcase,Consumer Durables,Office Equipment/Supplies/Services,,,,,,,,False
SCSC,ScanSource,Technology,Retail: Computer Software & Peripheral Equipment,,,,,,,,False
SCU,Sculptor Capital Management Class A,Finance,Investment Managers,,,,,,,,False
SCVL,Shoe Carnival,Consumer Services,Clothing/Shoe/Accessory Stores,,,,,,,,False
SCVX,SCVX Corp Class A Ordinary Shares,Finance,Business Services,,,,,,,,False
SCWX,SecureWorks Corp Class A,Technology,EDP Services,,,,,,,,False
SCX,LS Starrett Company (The),Consumer Durables,Home Furnishings,,,,,,,,False
SCYX,SCYNEXIS,Health Care,Biotechnology: Pharmaceutical Preparations,,,,,,,,False
SD,SandRidge Energy,Energy,Oil & Gas Production,,,,,,,,False
SDAC,Sustainable Development Acquisition I Corp Class A, Acquisition, Acquisition,,,,,,,,False
SDACU,Sustainable Development Acquisition I Corp Unit, Acquisition, Acquisition,,,,,,,,False
SDC,SmileDirectClub Class A,Health Care,Medical/Dental Instruments,,,,,,,,False
SDGR,Schrodinger,Technology,Computer Software: Prepackaged Software,,,,,,,,False
SDH,Global Internet of People,Miscellaneous,Business Services,,,,,,,,False
SDHY,PGIM Short Duration High Yield Opportunities Fund Common Shares,Finance,Finance/Investors Services,,,,,,,,False
SDIG,Stronghold Digital Mining Class A,Finance,Investment Bankers/Brokers/Service,,,,,,,,True
SDPI,Superior Drilling Products,Energy,Metal Fabrications,,,,,,,,False
SE,Sea Limited American Depositary Shares each representing one Class A Ordinary Share,Technology,Computer Software: Prepackaged Software,,,,,,,,False
SEAC,SeaChange International,Technology,Radio And Television Broadcasting And Communications Equipment,,,,,,,,False
SEAS,SeaWorld Entertainment,Consumer Services,Movies/Entertainment,,,,,,,,False
SEAT,Vivid Seats Class A,Capital Goods,Industrial Machinery/Components,,,,,,,,False
SEATW,Vivid Seats Warrant,Capital Goods,Industrial Machinery/Components,,,,,,,,False
SEB,Seaboard Corporation, Acquisition, Acquisition,,,,,,,,False
SECO,Secoo Holding Limited ADS,Miscellaneous,Diversified Commercial Services,,,,,,,,False
SEDA,SDCL EDGE Acquisition Corporation Class A Ordinary Shares, Acquisition, Acquisition,,,,,,,,False
SEDG,SolarEdge Technologies,Technology,Semiconductors,,,,,,,,False
SEE,Sealed Air Corporation,Basic Industries,Containers/Packaging,,,,,,,,False
SEED,Origin Agritech Limited, Acquisition, Acquisition,,,,,,,,False
SEEL,Seelos Therapeutics,Health Care,Biotechnology: Pharmaceutical Preparations,,,,,,,,False
SEER,Seer Class A,Consumer Durables,Specialty Chemicals,,,,,,,,False
SEIC,SEI Investments Company,Finance,Investment Bankers/Brokers/Service,,,,,,,,False
SELB,Selecta Biosciences,Health Care,Biotechnology: Pharmaceutical Preparations,,,,,,,,False
SELF,Global Self Storage,Consumer Services,Real Estate Investment Trusts,,,,,,,,False
SEM,Select Medical Holdings Corporation,Health Care,Hospital/Nursing Management,,,,,,,,False
SEMR,SEMrush Holdings Class A,Technology,EDP Services,,,,,,,,False
SENEA,Seneca Foods Corp Class A,Consumer Non-Durables,Packaged Foods,,,,,,,,False
SENEB,Seneca Foods Corp Class B,Consumer Non-Durables,Packaged Foods,,,,,,,,False
SENS,Senseonics Holdings,Health Care,Medical Specialities,,,,,,,,False
SERA,Sera Prognostics Class A,Health Care,Precision Instruments,,,,,,,,False
SESN,Sesen Bio,Health Care,Biotechnology: Pharmaceutical Preparations,,,,,,,,False
SEV,Sono Group NV Common Shares,Energy,Industrial Machinery/Components,,,,,,,,False
SEVN,Seven Hills Realty Trust,Consumer Services,Real Estate Investment Trusts,,,,,,,,False
SF,Stifel Financial Corporation,Finance,Investment Bankers/Brokers/Service,,,,,,,,False
SFBC,Sound Financial Bancorp,Finance,Savings Institutions,,,,,,,,False
SFBS,ServisFirst Bancshares,Finance,Major Banks,,,,,,,,False
SFE,Safeguard Scientifics New,Finance,Finance/Investors Services,,,,,,,,False
SFET,Safe-T Group Ltd American Depositary Share,Technology,Computer Software: Prepackaged Software,,,,,,,,False
SFIX,Stitch Fix Class A,Consumer Non-Durables,Apparel,,,,,,,,False
SFL,SFL Corporation Ltd,Transportation,Marine Transportation,,,,,,,,False
SFM,Sprouts Farmers Market,Consumer Non-Durables,Specialty Foods,,,,,,,,False
SFNC,Simmons First National Corporation Class A,Finance,Major Banks,,,,,,,,False
SFST,Southern First Bancshares,Finance,Major Banks,,,,,,,,False
SFT,Shift Technologies Class A,Miscellaneous,Diversified Commercial Services,,,,,,,,False
SFUN,Fang Holdings Limited American Depositary Shares (Each representing Four Class A Ordinary Shares HK$100 par value),Technology,EDP Services,,,,,,,,False
SG,Sweetgreen Class A,Consumer Services,Restaurants,,,,,,,,False
SGA,Saga Communications Class A (FL),Consumer Services,Broadcasting,,,,,,,,False
SGBX,SG Blocks,Basic Industries,Metal Fabrications,,,,,,,,False
SGC,Superior Group of Companies, Acquisition, Acquisition,,,,,,,,False
SGEN,Seagen,Health Care,Biotechnology: Biological Products (No Diagnostic Substances),,,,,,,,False
SGFY,Signify Health Class A,Technology,Retail: Computer Software & Peripheral Equipment,,,,,,,,False
SGH,SMART Global Holdings,Technology,Semiconductors,,,,,,,,False
SGHT,Sight Sciences,Health Care,Medical Specialities,,,,,,,,False
SGII,Seaport Global Acquisition II Corp Class A, Acquisition, Acquisition,,,,,,,,False
SGIIU,Seaport Global Acquisition II Corp Unit, Acquisition, Acquisition,,,,,,,,False
SGLB,Sigma Labs,Technology,EDP Services,,,,,,,,False
SGLY,Singularity Future Technology Ltd,Transportation,Oil Refining/Marketing,,,,,,,,False
SGMA,SigmaTron International,Technology,Electrical Products,,,,,,,,False
SGML,Sigma Lithium Corporation Common Shares,Capital Goods,Industrial Machinery/Components,,,,,,,,False
SGMO,Sangamo Therapeutics,Health Care,Biotechnology: Biological Products (No Diagnostic Substances),,,,,,,,False
SGMS,Scientific Games Corp,Consumer Services,Movies/Entertainment,,,,,,,,False
SGRP,SPAR Group,Miscellaneous,Business Services,,,,,,,,False
SGRY,Surgery Partners,Health Care,Managed Health Care,,,,,,,,False
SGTX,Sigilon Therapeutics,Consumer Durables,Specialty Chemicals,,,,,,,,False
SGU,Star Group LP,Public Utilities,Oil Refining/Marketing,,,,,,,,False
SHAC,SCP & CO Healthcare Acquisition Company Class A, Acquisition, Acquisition,,,,,,,,False
SHACU,SCP & CO Healthcare Acquisition Company Unit, Acquisition, Acquisition,,,,,,,,False
SHAK,Shake Shack Class A,Consumer Services,Restaurants,,,,,,,,False
SHBI,Shore Bancshares,Finance,Major Banks,,,,,,,,False
SHC,Sotera Health Company,Health Care,Medical Specialities,,,,,,,,False
SHCA,Spindletop Health Acquisition Corp Class A, Acquisition, Acquisition,,,,,,,,False
SHCAU,Spindletop Health Acquisition Corp Unit, Acquisition, Acquisition,,,,,,,,False
SHCAW,Spindletop Health Acquisition Corp Warrant, Acquisition, Acquisition,,,,,,,,False
SHCR,Sharecare Class A,Technology,Computer Software: Prepackaged Software,,,,,,,,False
SHCRW,Sharecare Warrant,Technology,Computer Software: Prepackaged Software,,,,,,,,False
SHEN,Shenandoah Telecommunications Co,Public Utilities,Telecommunications Equipment,,,,,,,,False
SHG,Shinhan Financial Group Co Ltd American Depositary Shares,Finance,Major Banks,,,,,,,,False
SHI,SINOPEC Shangai Petrochemical Company Ltd,Basic Industries,Major Chemicals,,,,,,,,False
SHIP,Seanergy Maritime Holdings Corp,Transportation,Marine Transportation,,,,,,,,False
SHLS,Shoals Technologies Group Class A,Technology,Semiconductors,,,,,,,,False
SHLX,Shell Midstream Partners LP Common Units representing Limited Partner Interests,Energy,Oilfield Services/Equipment,,,,,,,,False
SHO,Sunstone Hotel Investors Sunstone Hotel Investors Common Shares,Consumer Services,Real Estate Investment Trusts,,,,,,,,False
SHOO,Steven Madden Ltd,Consumer Non-Durables,Shoe Manufacturing,,,,,,,,False
SHOP,Shopify Class A Subordinate Voting Shares, Acquisition, Acquisition,,,,,,,,False
SHPW,Shapeways Holdings,Capital Goods,Industrial Machinery/Components,,,,,,,,False
SHQA,Shelter Acquisition Corporation I Class A, Acquisition, Acquisition,,,,,,,,False
SHQAU,Shelter Acquisition Corporation I Units, Acquisition, Acquisition,,,,,,,,False
SHW,Sherwin-Williams Company (The),Basic Industries,Paints/Coatings,,,,,,,,False
SHYF,The Shyft Group,Capital Goods,Auto Manufacturing,,,,,,,,False
SI,Silvergate Capital Corporation Class A, Acquisition, Acquisition,,,,,,,,False
SIBN,SI-BONE,Health Care,Biotechnology: Electromedical & Electrotherapeutic Apparatus,,,,,,,,False
SID,Companhia Siderurgica Nacional SA,Basic Industries,Steel/Iron Ore,,,,,,,,False
SIDU,Sidus Space Class A, Acquisition, Acquisition,,,,,,,,False
SIEB,Siebert Financial Corp,Finance,Investment Bankers/Brokers/Service,,,,,,,,False
SIEN,Sientra,Health Care,Medical Electronics,,,,,,,,False
SIER,Sierra Lake Acquisition Corp Class A, Acquisition, Acquisition,,,,,,,,False
SIERU,Sierra Lake Acquisition Corp Unit, Acquisition, Acquisition,,,,,,,,False
SIF,SIFCO Industries,Capital Goods,Office Equipment/Supplies/Services,,,,,,,,False
SIFY,Sify Technologies Limited American Depositary Shares,Consumer Services,Telecommunications Equipment,,,,,,,,False
SIG,Signet Jewelers Limited Common Shares,Consumer Services,Consumer Specialties,,,,,,,,False
SIGA,SIGA Technologies,Health Care,Biotechnology: Pharmaceutical Preparations,,,,,,,,False
SIGI,Selective Insurance Group,Finance,Property-Casualty Insurers,,,,,,,,False
SIGIP,Selective Insurance Group Depositary Shares each representing a 1/1000th interest in a share of 460% Non-Cumulative Preferred Stock Series B,Finance,Property-Casualty Insurers,,,,,,,,False
SII,Sprott Common Shares, Acquisition, Acquisition,,,,,,,,False
SILC,Silicom Ltd Ordinary Shares,Technology,Computer Manufacturing,,,,,,,,False
SILK,Silk Road Medical,Health Care,Medical/Dental Instruments,,,,,,,,False
SILV,SilverCrest Metals Common Shares,Capital Goods,Industrial Machinery/Components,,,,,,,,False
SIM,Grupo Simec SAB de CV American Depositary Shares,Basic Industries,Aluminum,,,,,,,,False
SIMO,Silicon Motion Technology Corporation American Depositary Shares,Technology,Semiconductors,,,,,,,,False
SINT,SiNtx Technologies,Health Care,Industrial Specialties,,,,,,,,False
SIOX,Sio Gene Therapies,Health Care,Biotechnology: Pharmaceutical Preparations,,,,,,,,False
SIRI,Sirius XM Holdings,Consumer Services,Broadcasting,,,,,,,,False
SISI,Shineco,Consumer Durables,Specialty Chemicals,,,,,,,,False
SITC,SITE Centers Corp,Consumer Services,Real Estate Investment Trusts,,,,,,,,False
SITE,SiteOne Landscape Supply, Acquisition, Acquisition,,,,,,,,False
SITM,SiTime Corporation,Technology,Semiconductors,,,,,,,,False
SIVB,SVB Financial Group,Finance,Major Banks,,,,,,,,False
SIVBP,SVB Financial Group Depositary Shs each representing a 1/40th interest in a share of 525% Fixed-Rate Non-Cumulative Perpetual Preferred Stock Series A,Finance,Major Banks,,,,,,,,False
SIX,Six Flags Entertainment Corporation New,Consumer Services,Movies/Entertainment,,,,,,,,False
SJ,Scienjoy Holding Corporation Class A Ordinary Shares ,Technology,EDP Services,,,,,,,,False
SJI,South Jersey Industries,Public Utilities,Oil/Gas Transmission,,,,,,,,False
SJIJ,South Jersey Industries 5625% Junior Subordinated Notes due 2079,Public Utilities,Oil/Gas Transmission,,,,,,,,False
SJIV,South Jersey Industries Corporate Units,Public Utilities,Oil/Gas Transmission,,,,,,,,False
SJM,JM Smucker Company (The) New,Consumer Non-Durables,Packaged Foods,,,,,,,,False
SJR,Shaw Communications, Acquisition, Acquisition,,,,,,,,False
SJT,San Juan Basin Royalty Trust,Energy,Oil & Gas Production,,,,,,,,False
SJW,SJW Group (DE),Public Utilities,Water Supply,,,,,,,,False
SKE,Skeena Resources Limited Common Shares, Acquisition, Acquisition,,,,,,,,False
SKIL,Skillsoft Corp Class A,Miscellaneous,Diversified Commercial Services,,,,,,,,False
SKIN,The Beauty Health Company Class A,Consumer Non-Durables,Package Goods/Cosmetics,,,,,,,,False
SKLZ,Skillz Class A,Technology,EDP Services,,,,,,,,False
SKM,SK Telecom Co Ltd,Public Utilities,Telecommunications Equipment,,,,,,,,False
SKT,Tanger Factory Outlet Centers,Consumer Services,Real Estate Investment Trusts,,,,,,,,False
SKX,Skechers USA,Consumer Non-Durables,Shoe Manufacturing,,,,,,,,False
SKY,Skyline Champion Corporation,Basic Industries,Homebuilding,,,,,,,,False
SKYA,Skydeck Acquisition Corp Class A Ordinary Shares,Finance,Business Services,,,,,,,,False
SKYT,SkyWater Technology,Technology,Semiconductors,,,,,,,,False
SKYW,SkyWest,Transportation,Air Freight/Delivery Services,,,,,,,,False
SLAB,Silicon Laboratories,Technology,Semiconductors,,,,,,,,False
SLAC,Social Leverage Acquisition Corp I Class A, Acquisition, Acquisition,,,,,,,,False
SLAM,Slam Corp Class A Ordinary Share,Finance,Business Services,,,,,,,,False
SLAMU,Slam Corp Unit,Finance,Business Services,,,,,,,,False
SLB,Schlumberger NV,Energy,Oilfield Services/Equipment,,,,,,,,False
SLCA,US Silica Holdings,Energy,Metal Fabrications,,,,,,,,False
SLCR,Silver Crest Acquisition Corporation Class A Ordinary Share,Finance,Business Services,,,,,,,,False
SLCRU,Silver Crest Acquisition Corporation Unit,Finance,Business Services,,,,,,,,False
SLDB,Solid Biosciences,Health Care,Biotechnology: Biological Products (No Diagnostic Substances),,,,,,,,False
SLDP,Solid Power Class A,Consumer Durables,Electrical Products,,,,,,,,False
SLF,Sun Life Financial,Technology,Advertising,,,,,,,,False
SLG,SL Green Realty Corp,Consumer Services,Real Estate Investment Trusts,,,,,,,,False
SLGC,SomaLogic Class A,Health Care,Biotechnology: Commercial Physical & Biological Resarch,,,,,,,,False
SLGG,Super League Gaming,Capital Goods,Industrial Machinery/Components,,,,,,,,False
SLGL,Sol-Gel Technologies Ltd Ordinary Shares,Basic Industries,Precious Metals,,,,,,,,False
SLGN,Silgan Holdings,Consumer Durables,Containers/Packaging,,,,,,,,False
SLHG,Skylight Health Group,Miscellaneous,Other Consumer Services,,,,,,,,False
SLHGP,Skylight Health Group 925% Series A Cumulative Redeemable Perpetual Preferred Shares,Miscellaneous,Other Consumer Services,,,,,,,,False
SLI,Standard Lithium Ltd Common Shares, Acquisition, Acquisition,,,,,,,,False
SLM,SLM Corporation,Finance,Finance: Consumer Services,,,,,,,,False
SLMBP,SLM Corporation Floating Rate Non-Cumulative Preferred Stock Series B,Finance,Finance: Consumer Services,,,,,,,,False
SLN,Silence Therapeutics Plc American Depository Share,Health Care,Biotechnology: Pharmaceutical Preparations,,,,,,,,False
SLNG,Stabilis Solutions,Public Utilities,Oil/Gas Transmission,,,,,,,,False
SLNH,Soluna Holdings,Capital Goods,Industrial Machinery/Components,,,,,,,,False
SLNHP,Soluna Holdings 90% Series A Cumulative Perpetual Preferred Stock ,Capital Goods,Industrial Machinery/Components,,,,,,,,False
SLNO,Soleno Therapeutics,Health Care,Biotechnology: Pharmaceutical Preparations,,,,,,,,False
SLP,Simulations Plus,Technology,Computer Software: Prepackaged Software,,,,,,,,False
SLQT,SelectQuote,Finance,Specialty Insurers,,,,,,,,False
SLRC,SLR Investment Corp,Finance,Finance/Investors Services,,,,,,,,False
SLRX,Salarius Pharmaceuticals,Health Care,Biotechnology: Pharmaceutical Preparations,,,,,,,,False
SLS,SELLAS Life Sciences Group,Health Care,Biotechnology: Pharmaceutical Preparations,,,,,,,,False
SLVM,Sylvamo Corporation,Consumer Services,Paper,,,,,,,,False
SLVR,SilverSPAC Class A Ordinary Share, Acquisition, Acquisition,,,,,,,,False
SLVRU,SilverSPAC Unit, Acquisition, Acquisition,,,,,,,,False
SM,SM Energy Company,Energy,Oil & Gas Production,,,,,,,,False
SMAP,SportsMap Tech Acquisition Corp, Acquisition, Acquisition,,,,,,,,False
SMAPU,SportsMap Tech Acquisition Corp Units, Acquisition, Acquisition,,,,,,,,False
SMAR,Smartsheet Class A,Technology,EDP Services,,,,,,,,False
SMBC,Southern Missouri Bancorp,Finance,Banks,,,,,,,,False
SMBK,SmartFinancial,Finance,Major Banks,,,,,,,,False
SMCI,Super Micro Computer,Technology,Computer Manufacturing,,,,,,,,False
SMED,Sharps Compliance Corp,Public Utilities,Environmental Services,,,,,,,,False
SMFG,Sumitomo Mitsui Financial Group Unsponsored American Depositary Shares (Japan),Finance,Commercial Banks,,,,,,,,False
SMFR,Sema4 Holdings Corp Class A,Technology,Retail: Computer Software & Peripheral Equipment,,,,,,,,False
SMG,Scotts Miracle-Gro Company (The),Basic Industries,Agricultural Chemicals,,,,,,,,False
SMHI,SEACOR Marine Holdings ,Transportation,Marine Transportation,,,,,,,,False
SMID,Smith-Midland Corporation,Capital Goods,Building Materials,,,,,,,,False
SMIHU,Summit Healthcare Acquisition Corp Units, Acquisition, Acquisition,,,,,,,,False
SMIT,Schmitt Industries,Capital Goods,Industrial Machinery/Components,,,,,,,,False
SMLP,Summit Midstream Partners LP Common Units Representing Limited Partner Interests,Energy,Oilfield Services/Equipment,,,,,,,,False
SMLR,Semler Scientific,Health Care,Medical/Dental Instruments,,,,,,,,False
SMM,Salient Midstream Common Shares of Beneficial Interest,Finance,Trusts Except Educational Religious and Charitable,,,,,,,,False
SMMF,Summit Financial Group,Finance,Major Banks,,,,,,,,False
SMMT,Summit Therapeutics ,Consumer Durables,Specialty Chemicals,,,,,,,,False
SMP,Standard Motor Products,Capital Goods,Auto Parts:OEM,,,,,,,,False
SMPL,The Simply Good Foods Company,Consumer Non-Durables,Packaged Foods,,,,,,,,False
SMRT,SmartRent Class A,Technology,EDP Services,,,,,,,,False
SMSI,Smith Micro Software,Technology,Computer Software: Prepackaged Software,,,,,,,,False
SMTC,Semtech Corporation,Technology,Semiconductors,,,,,,,,False
SMTI,Sanara MedTech,Health Care,Medical/Dental Instruments,,,,,,,,False
SMTS,Sierra Metals, Acquisition, Acquisition,,,,,,,,False
SMWB,Similarweb Ltd Ordinary Shares, Acquisition, Acquisition,,,,,,,,False
SNA,Snap-Onorporated,Capital Goods,Diversified Manufacture,,,,,,,,False
SNAP,Snap Class A,Technology,Internet and Information Services,,,,,,,,False
SNAX,Stryve Foods Class A,Consumer Non-Durables,Specialty Foods,,,,,,,,False
SNBR,Sleep Number Corporation,Consumer Durables,Home Furnishings,,,,,,,,False
SNCE,Science 37 Holdings,Technology,Computer Software: Prepackaged Software,,,,,,,,False
SNCR,Synchronoss Technologies,Technology,EDP Services,,,,,,,,False
SNCRL,Synchronoss Technologies 8375% Senior Notes due 2026, Acquisition, Acquisition,,,,,,,,False
SNCY,Sun Country Airlines Holdings,Transportation,Air Freight/Delivery Services,,,,,,,,False
SND,Smart Sand,Energy,Metal Fabrications,,,,,,,,False
SNDA,Sonida Senior Living,Health Care,Hospital/Nursing Management,,,,,,,,False
SNDL,Sundial Growers Common Shares, Acquisition, Acquisition,,,,,,,,False
SNDR,Schneider National,Transportation,Trucking Freight/Courier Services,,,,,,,,False
SNDX,Syndax Pharmaceuticals,Health Care,Biotechnology: Pharmaceutical Preparations,,,,,,,,False
SNES,SenesTech,Basic Industries,Multi-Sector Companies,,,,,,,,False
SNEX,StoneX Group,Finance,Investment Bankers/Brokers/Service,,,,,,,,False
SNFCA,Security National Financial Corporation Class A,Finance,Finance: Consumer Services,,,,,,,,False
SNGX,Soligenix,Health Care,Biotechnology: Pharmaceutical Preparations,,,,,,,,False
SNMP,Evolve Transition Infrastructure LP,Energy,Oil & Gas Production,,,,,,,,False
SNN,Smith & Nephew SNATS,Health Care,Industrial Specialties,,,,,,,,False
SNOA,Sonoma Pharmaceuticals,Health Care,Biotechnology: Pharmaceutical Preparations,,,,,,,,False
SNOW,Snowflake Class A,Technology,Computer Software: Prepackaged Software,,,,,,,,False
SNP,China Petroleum & Chemical Corporation,Energy,Integrated oil Companies,,,,,,,,False
SNPO,Snap One Holdings Corp,Consumer Services,Electronics Distribution,,,,,,,,False
SNPS,Synopsys,Technology,EDP Services,,,,,,,,False
SNPX,Synaptogenix,Consumer Durables,Specialty Chemicals,,,,,,,,False
SNRH,Senior Connect Acquisition Corp I Class A, Acquisition, Acquisition,,,,,,,,False
SNRHU,Senior Connect Acquisition Corp I Unit, Acquisition, Acquisition,,,,,,,,False
SNSE,Sensei Biotherapeutics,Health Care,Biotechnology: Pharmaceutical Preparations,,,,,,,,False
SNT,Senstar Technologies Ltd Ordinary Shares,Capital Goods,Telecommunications Equipment,,,,,,,,False
SNTG,Sentage Holdings, Acquisition, Acquisition,,,,,,,,False
SNV,Synovus Financial Corp,Finance,Major Banks,,,,,,,,False
SNX,TD SYNNEX Corporation,Technology,EDP Services,,,,,,,,False
SNY,Sanofi ADS,Health Care,Biotechnology: Pharmaceutical Preparations,,,,,,,,False
SO,Southern Company (The),Public Utilities,Power Generation,,,,,,,,False
SOFI,SoFi Technologies  ,Finance,Diversified Financial Services,,,,,,,,False
SOHO,Sotherly Hotels,Consumer Services,Real Estate Investment Trusts,,,,,,,,False
SOHOB,Sotherly Hotels 80% Series B Cumulative Redeemable Perpetual Preferred Stock,Consumer Services,Real Estate Investment Trusts,,,,,,,,False
SOHON,Sotherly Hotels 825% Series D Cumulative Redeemable Perpetual Preferred Stock,Consumer Services,Real Estate Investment Trusts,,,,,,,,False
SOHOO,Sotherly Hotels 7875% Series C Cumulative Redeemable Perpetual Preferred Stock,Consumer Services,Real Estate Investment Trusts,,,,,,,,False
SOHU,Sohucom Limited American Depositary Shares,Technology,EDP Services,,,,,,,,False
SOI,Solaris Oilfield Infrastructure Class A,Energy,Metal Fabrications,,,,,,,,False
SOJC,Southern Company (The) Series 2017B 525% Junior Subordinated Notes due December 1 2077,Public Utilities,Power Generation,,,,,,,,False
SOJD,Southern Company (The) Series 2020A 495% Junior Subordinated Notes due January 30 2080,Public Utilities,Power Generation,,,,,,,,False
SOJE,Southern Company (The) Series 2020C 420% Junior Subordinated Notes due October 15 2060,Public Utilities,Electric Utilities: Central,,,,,,,,False
SOL,Renesola Ltd American Depsitary Shares (Each representing 10 shares),Technology,Semiconductors,,,,,,,,False
SOLN,Southern Company (The) 2019 Series A Corporate Units,Public Utilities,Power Generation,,,,,,,,False
SOLO,Electrameccanica Vehicles Corp Ltd,Capital Goods,Auto Parts:OEM,,,,,,,,False
SON,Sonoco Products Company,Basic Industries,Containers/Packaging,,,,,,,,False
SONM,Sonim Technologies,Capital Goods,Telecommunications Equipment,,,,,,,,False
SONN,Sonnet BioTherapeutics Holdings,Health Care,Biotechnology: Commercial Physical & Biological Resarch,,,,,,,,False
SONO,Sonos,Consumer Services,Consumer Electronics/Video Chains,,,,,,,,False
SONX,Sonendo,Health Care,Medical/Dental Instruments,,,,,,,,False
SONY,Sony Group Corporation American Depositary Shares ,Consumer Non-Durables,Consumer Electronics/Appliances,,,,,,,,False
SOPA,Society Passorporated,Technology,EDP Services,,,,,,,,False
SOPH,SOPHiA GENETICS SA Ordinary Shares, Acquisition, Acquisition,,,,,,,,False
SOR,Source Capital,Finance,Investment Managers,,,,,,,,False
SOS,SOS Limited American Depositary Shares,Finance,Finance: Consumer Services,,,,,,,,False
SOTK,Sono-Tek Corporation,Capital Goods,Industrial Machinery/Components,,,,,,,,False
SOVO,Sovos Brands,Consumer Non-Durables,Specialty Foods,,,,,,,,False
SOUN,SoundHound AI,Technology,Artificial Intelligence,,,,,,,,False
SP,SP Plus Corporation,Miscellaneous,Other Consumer Services,,,,,,,,False
SPB,Spectrum Brands Holdings, Acquisition, Acquisition,,,,,,,,False
SPCB,SuperCom Ltd Ordinary Shares (Israel),Technology,Semiconductors,,,,,,,,False
SPCE,Virgin Galactic Holdings, Acquisition, Acquisition,,,,,,,,False
SPE,Special Opportunities Fund,Finance,Finance/Investors Services,,,,,,,,False
SPFI,South Plains Financial,Finance,Major Banks,,,,,,,,False
SPG,Simon Property Group,Consumer Services,Real Estate Investment Trusts,,,,,,,,False
SPGI,S&P Global,Technology,Advertising,,,,,,,,False
SPGS,Simon Property Group Acquisition Holdings Class A, Acquisition, Acquisition,,,,,,,,False
SPH,Suburban Propane Partners LP,Public Utilities,Other Specialty Stores,,,,,,,,False
SPI,SPI Energy Co Ltd Ordinary Shares,Technology,Semiconductors,,,,,,,,False
SPIR,Spire Global Class A,Finance,Diversified Commercial Services,,,,,,,,False
SPK,SPK Acquisition Corp, Acquisition, Acquisition,,,,,,,,False
SPKAR,SPK Acquisition Corp Right, Acquisition, Acquisition,,,,,,,,False
SPKB,Silver Spike Acquisition Corp II Class A Ordinary Shares,Finance,Business Services,,,,,,,,False
SPKBU,Silver Spike Acquisition Corp II Units,Finance,Business Services,,,,,,,,False
SPLK,Splunk,Technology,Computer Software: Prepackaged Software,,,,,,,,False
SPLP,Steel Partners Holdings LP LTD PARTNERSHIP UNIT, Acquisition, Acquisition,,,,,,,,False
SPNE,SeaSpine Holdings Corporation,Health Care,Medical Specialities,,,,,,,,False
SPNS,Sapiens International Corporation NV Common Shares (Cayman Islands),Technology,Computer Software: Prepackaged Software,,,,,,,,False
SPNT,SiriusPoint Ltd Common Shares,Finance,Property-Casualty Insurers,,,,,,,,False
SPOK,Spok Holdings,Technology,Retail: Computer Software & Peripheral Equipment,,,,,,,,False
SPOT,Spotify Technology SA,Consumer Services,Media,,,,,,,,False
SPPI,Spectrum PharmaceuticalsCommon Stock,Health Care,Biotechnology: Pharmaceutical Preparations,,,,,,,,False
SPR,Spirit Aerosystems Holdings,Capital Goods,Military/Government/Technical,,,,,,,,False
SPRB,Spruce Biosciences,Consumer Durables,Specialty Chemicals,,,,,,,,False
SPRC,SciSparc Ltd Ordinary Shares,Health Care,Biotechnology: Pharmaceutical Preparations,,,,,,,,False
SPRO,Spero Therapeutics,Health Care,Biotechnology: Pharmaceutical Preparations,,,,,,,,False
SPSC,SPS Commerce,Technology,EDP Services,,,,,,,,False
SPT,Sprout Social Class A,Technology,EDP Services,,,,,,,,False
SPTKU,SportsTek Acquisition Corp Unit, Acquisition, Acquisition,,,,,,,,False
SPTN,SpartanNash Company,Consumer Non-Durables,Food Distributors,,,,,,,,False
SPWH,Sportsman's Warehouse Holdings,Consumer Services,Other Specialty Stores,,,,,,,,False
SPWR,SunPower Corporation,Technology,Semiconductors,,,,,,,,False
SPXC,SPX Corporation,Capital Goods,Industrial Machinery/Components,,,,,,,,False
SPXX,Nuveen S&P 500 Dynamic Overwrite Fund,Finance,Trusts Except Educational Religious and Charitable,,,,,,,,False
SQ,Block Class A,Technology,Computer Software: Prepackaged Software,,,,,,,,False
SQFT,Presidio Property Trust Class A,Consumer Services,Real Estate Investment Trusts,,,,,,,,False
SQFTP,Presidio Property Trust 9375% Series D Cumulative Redeemable Perpetual Preferred Stock $001 par value per share,Consumer Services,Real Estate Investment Trusts,,,,,,,,False
SQL,SeqLL,Health Care,Medical Specialities,,,,,,,,False
SQM,Sociedad Quimica y Minera SA,Basic Industries,Agricultural Chemicals,,,,,,,,False
SQNS,Sequans Communications SA American Depositary Shares,Technology,Semiconductors,,,,,,,,False
SQSP,Squarespace Class A,Technology,EDP Services,,,,,,,,False
SQZ,SQZ Biotechnologies Company,Consumer Durables,Specialty Chemicals,,,,,,,,False
SR,Spire,Public Utilities,Oil/Gas Transmission,,,,,,,,False
SRAD,Sportradar Group AG Class A Ordinary Shares, Acquisition, Acquisition,,,,,,,,False
SRAX,SRAX Class A,Technology,Advertising,,,,,,,,False
SRC,Spirit Realty Capital,Consumer Services,Real Estate Investment Trusts,,,,,,,,False
SRCE,1st Source Corporation,Finance,Major Banks,,,,,,,,False
SRCL,Stericycle,Public Utilities,Environmental Services,,,,,,,,False
SRDX,Surmodics,Health Care,Biotechnology: Electromedical & Electrotherapeutic Apparatus,,,,,,,,False
SRE,DBA Sempra,Public Utilities,Oil/Gas Transmission,,,,,,,,False
SREA,DBA Sempra 5750% Junior Subordinated Notes due 2079,Consumer Services,Professional Services,,,,,,,,False
SREV,ServiceSource International,Technology,Retail: Computer Software & Peripheral Equipment,,,,,,,,False
SRG,Seritage Growth Properties Class A,Consumer Services,Real Estate Investment Trusts,,,,,,,,False
SRGA,Surgalign Holdings,Health Care,Industrial Specialties,,,,,,,,False
SRI,Stoneridge,Capital Goods,Auto Parts:OEM,,,,,,,,False
SRL,Scully Royalty Ltd,Consumer Services,Professional Services,,,,,,,,False
SRLP,Sprague Resources LP Common Units representing Limited Partner Interests,Energy,Oil Refining/Marketing,,,,,,,,False
SRNE,Sorrento Therapeutics ,Health Care,Biotechnology: Commercial Physical & Biological Resarch,,,,,,,,False
SRPT,Sarepta Therapeutics (DE),Health Care,Biotechnology: Pharmaceutical Preparations,,,,,,,,False
SRRA,Sierra Oncology,Health Care,Biotechnology: Pharmaceutical Preparations,,,,,,,,False
SRRK,Scholar Rock Holding Corporation,Health Care,Biotechnology: Pharmaceutical Preparations,,,,,,,,False
SRSA,Sarissa Capital Acquisition Corp Class A Ordinary Shares,Finance,Business Services,,,,,,,,False
SRT,StarTek,Miscellaneous,Business Services,,,,,,,,False
SRTS,Sensus Healthcare,Health Care,Medical/Dental Instruments,,,,,,,,False
SRV,Cushing MLP & Infrastructure Total Return Fund,Finance,Finance Companies,,,,,,,,False
SRZN,Surrozen,Consumer Durables,Specialty Chemicals,,,,,,,,False
SSAA,Science Strategic Acquisition Corp Alpha Class A, Acquisition, Acquisition,,,,,,,,False
SSAAU,Science Strategic Acquisition Corp Alpha Unit, Acquisition, Acquisition,,,,,,,,False
SSB,SouthState Corporation,Finance,Major Banks,,,,,,,,False
SSBI,Summit State Bank,Finance,Major Banks,,,,,,,,False
SSBK,Southern States Bancshares,Finance,Commercial Banks,,,,,,,,False
SSD,Simpson Manufacturing Company,Capital Goods,Industrial Specialties,,,,,,,,False
SSKN,Strata Skin Sciences,Health Care,Medical/Dental Instruments,,,,,,,,False
SSL,Sasol Ltd American Depositary Shares,Energy,Oil & Gas Production,,,,,,,,False
SSNC,SS&C Technologies Holdings,Technology,EDP Services,,,,,,,,False
SSNT,SilverSun Technologies,Technology,Computer Software: Prepackaged Software,,,,,,,,False
SSP,EW Scripps Company (The) Class A,Consumer Services,Broadcasting,,,,,,,,False
SSRM,SSR Mining, Acquisition, Acquisition,,,,,,,,False
SSSS,SuRo Capital Corp,Finance,Finance/Investors Services,,,,,,,,False
SSSSL,SuRo Capital Corp 600% Notes due 2026, Acquisition, Acquisition,,,,,,,,False
SSTI,ShotSpotter,Technology,Computer Software: Prepackaged Software,,,,,,,,False
SSTK,Shutterstock, Acquisition, Acquisition,,,,,,,,False
SSU,SIGNA Sports United NV Ordinary Share, Acquisition, Acquisition,,,,,,,,False
SSY,SunLink Health Systems,Health Care,Medical/Nursing Services,,,,,,,,False
SSYS,Stratasys Ltd Ordinary Shares (Israel),Technology,Computer peripheral equipment,,,,,,,,False
ST,Sensata Technologies Holding plc Ordinary Shares,Capital Goods,Industrial Machinery/Components,,,,,,,,False
STAA,STAAR Surgical Company,Health Care,Ophthalmic Goods,,,,,,,,False
STAB,Statera Biopharma,Health Care,Biotechnology: Pharmaceutical Preparations,,,,,,,,False
STAF,Staffing 360 Solutions (DE),Technology,Diversified Commercial Services,,,,,,,,False
STAG,Stag Industrial,Consumer Services,Real Estate Investment Trusts,,,,,,,,False
STBA,S&T Bancorp,Finance,Major Banks,,,,,,,,False
STC,Stewart Information Services Corporation,Finance,Specialty Insurers,,,,,,,,False
STCN,Steel Connect, Acquisition, Acquisition,,,,,,,,False
STE,STERIS plc (Ireland) Ordinary Shares,Health Care,Industrial Specialties,,,,,,,,False
STEM,Stem Class A,Technology,Computer Software: Prepackaged Software,,,,,,,,False
STEP,StepStone Group Class A,Finance,Finance/Investors Services,,,,,,,,False
STER,Sterling Check Corp,Technology,Computer Software: Prepackaged Software,,,,,,,,False
STG,Sunlands Technology Group American Depositary Shares representing Class A ordinary shares,Miscellaneous,Service to the Health Industry,,,,,,,,False
STGW,Stagwell Class A,Technology,Advertising,,,,,,,,False
STIM,Neuronetics,Health Care,Managed Health Care,,,,,,,,False
STK,Columbia Seligman Premium Technology Growth Fund,Finance,Investment Managers,,,,,,,,False
STKL,SunOpta, Acquisition, Acquisition,,,,,,,,False
STKS,The ONE Group Hospitality,Consumer Services,Restaurants,,,,,,,,False
STLA,Stellantis NV Common Shares,Capital Goods,Auto Manufacturing,,,,,,,,False
STLD,Steel Dynamics,Basic Industries,Steel/Iron Ore,,,,,,,,False
STM,STMicroelectronics NV,Technology,Semiconductors,,,,,,,,False
STN,Stantec,Transportation,Marine Transportation,,,,,,,,False
STNE,StoneCo Ltd Class A Common Shares,Technology,EDP Services,,,,,,,,False
STNG,Scorpio Tankers Common Shares,Transportation,Marine Transportation,,,,,,,,False
STOK,Stoke Therapeutics,Health Care,Biotechnology: Pharmaceutical Preparations,,,,,,,,False
STON,StoneMor, Acquisition, Acquisition,,,,,,,,False
STOR,STORE Capital Corporation,Consumer Services,Real Estate Investment Trusts,,,,,,,,False
STRA,Strategic Education,Miscellaneous,Service to the Health Industry,,,,,,,,False
STRC,Sarcos Technology and Robotics Corporation,Capital Goods,Wholesale Distributors,,,,,,,,False
STRE,Supernova Partners Acquisition Company III Ltd Class A Ordinary Shares, Acquisition, Acquisition,,,,,,,,False
STRL,Sterling Construction Company,Capital Goods,Oilfield Services/Equipment,,,,,,,,False
STRM,Streamline Health Solutions,Technology,EDP Services,,,,,,,,False
STRN,Stran & Company,Technology,Advertising,,,,,,,,False
STRO,Sutro Biopharma,Health Care,Biotechnology: Pharmaceutical Preparations,,,,,,,,False
STRR,Star Equity Holdings,Health Care,Biotechnology: In Vitro & In Vivo Diagnostic Substances,,,,,,,,False
STRRP,Star Equity Holdings Series A Cumulative Perpetual Preferred Stock,Health Care,Biotechnology: In Vitro & In Vivo Diagnostic Substances,,,,,,,,False
STRS,Stratus Properties,Consumer Services,Homebuilding,,,,,,,,False
STRT,STRATTEC SECURITY CORPORATION,Capital Goods,Auto Parts:OEM,,,,,,,,False
STSA,Satsuma Pharmaceuticals,Health Care,Biotechnology: Pharmaceutical Preparations,,,,,,,,False
STT,State Street Corporation,Finance,Investment Managers,,,,,,,,False
STTK,Shattuck Labs,Health Care,Biotechnology: Pharmaceutical Preparations,,,,,,,,False
STVN,Stevanato Group SpA Ordinary Shares, Acquisition, Acquisition,,,,,,,,False
STWD,STARWOOD PROPERTY TRUST Starwood Property Trust,Consumer Services,Real Estate Investment Trusts,,,,,,,,False
STX,Seagate Technology Holdings PLC Ordinary Shares (Ireland),Technology,Electronic Components,,,,,,,,False
STXS,Stereotaxis,Health Care,Biotechnology: Electromedical & Electrotherapeutic Apparatus,,,,,,,,False
STZ,Constellation Energy,Consumer Non-Durables,Beverages (Production/Distribution),,,,,,,,False
SU,Suncor Energy , Acquisition, Acquisition,,,,,,,,False
SUAC,ShoulderUp Technology Acquisition Corp Class A, Acquisition, Acquisition,,,,,,,,False
SUI,Sun Communities,Consumer Services,Real Estate Investment Trusts,,,,,,,,False
SUM,Summit Materials Class A,Capital Goods,Building Materials,,,,,,,,False
SUMO,Sumo Logic,Technology,Retail: Computer Software & Peripheral Equipment,,,,,,,,False
SUMR,Summer Infant,Capital Goods,Office Equipment/Supplies/Services,,,,,,,,False
SUN,Sunoco LP Common Units representing limited partner interests,Energy,Oil Refining/Marketing,,,,,,,,False
SUNL,Sunlight Financial Holdings Class A,Finance,Diversified Financial Services,,,,,,,,False
SUNW,Sunworks,Technology,Semiconductors,,,,,,,,False
SUP,Superior Industries International (DE),Capital Goods,Auto Parts:OEM,,,,,,,,False
SUPN,Supernus Pharmaceuticals,Health Care,Biotechnology: Pharmaceutical Preparations,,,,,,,,False
SUPV,Grupo Supervielle SA American Depositary Shares each Representing five Class B shares,Finance,Commercial Banks,,,,,,,,False
SURF,Surface Oncology,Health Care,Biotechnology: Pharmaceutical Preparations,,,,,,,,False
SURG,SurgePays,Technology,Computer Software: Prepackaged Software,,,,,,,,False
SUZ,Suzano SA American Depositary Shares (each representing One Ordinary Share),Basic Industries,Paper,,,,,,,,False
SVC,Service Properties Trust,Consumer Services,Real Estate Investment Trusts,,,,,,,,False
SVFA,SVF Investment Corp Class A Ordinary Shares,Finance,Business Services,,,,,,,,False
SVFAU,SVF Investment Corp Unit,Finance,Business Services,,,,,,,,False
SVFAW,SVF Investment Corp Warrant,Finance,Business Services,,,,,,,,False
SVFB,SVF Investment Corp 2 Class A Ordinary Shares,Finance,Business Services,,,,,,,,False
SVFC,SVF Investment Corp 3 Class A Ordinary Shares,Finance,Business Services,,,,,,,,False
SVFD,Save Foods, Acquisition, Acquisition,,,,,,,,False
SVM,Silvercorp Metals Common Shares, Acquisition, Acquisition,,,,,,,,False
SVNA,7 Acquisition Corporation Class A Ordinary Shares, Acquisition, Acquisition,,,,,,,,False
SVNAU,7 Acquisition Corporation Unit, Acquisition, Acquisition,,,,,,,,False
SVRA,Savara,Health Care,Biotechnology: Pharmaceutical Preparations,,,,,,,,False
SVT,Servotronics,Consumer Durables,Metal Fabrications,,,,,,,,False
SVVC,Firsthand Technology Value Fund,Finance,Finance/Investors Services,,,,,,,,False
SWAG,Software Acquisition Group III Class A, Acquisition, Acquisition,,,,,,,,False
SWAGU,Software Acquisition Group III Unit, Acquisition, Acquisition,,,,,,,,False
SWAV,ShockWave Medical,Health Care,Medical/Dental Instruments,,,,,,,,False
SWBI,Smith & Wesson Brands,Consumer Non-Durables,Ordnance And Accessories,,,,,,,,False
SWCH,Switch Class A,Technology,EDP Services,,,,,,,,False
SWET,Athlon Acquisition Corp Class A, Acquisition, Acquisition,,,,,,,,False
SWETU,Athlon Acquisition Corp Unit, Acquisition, Acquisition,,,,,,,,False
SWI,SolarWinds Corporation,Technology,Computer Software: Prepackaged Software,,,,,,,,True
SWIM,Latham Group,Capital Goods,Engineering & Construction,,,,,,,,False
SWIR,Sierra Wireless,Technology,Radio And Television Broadcasting And Communications Equipment,,,,,,,,False
SWK,Stanley Black & Decker,Capital Goods,Diversified Manufacture,,,,,,,,False
SWKH,SWK Holdings Corporation,Finance,Finance/Investors Services,,,,,,,,False
SWKS,Skyworks Solutions,Technology,Semiconductors,,,,,,,,False
SWM,Schweitzer-Mauduit International,Basic Industries,Paper,,,,,,,,False
SWN,Southwestern Energy Company,Energy,Oil & Gas Production,,,,,,,,False
SWSS,Springwater Special Situations Corp, Acquisition, Acquisition,,,,,,,,False
SWSSU,Springwater Special Situations Corp Unit, Acquisition, Acquisition,,,,,,,,False
SWT,Stanley Black & Decker Corporate Unit,Capital Goods,Diversified Manufacture,,,,,,,,False
SWTX,SpringWorks Therapeutics,Health Care,Biotechnology: Pharmaceutical Preparations,,,,,,,,False
SWX,Southwest Gas Holdings (DE),Public Utilities,Oil & Gas Production,,,,,,,,False
SWZ,Swiss Helvetia Fund (The),Finance,Finance Companies,,,,,,,,False
SXC,SunCoke Energy, Acquisition, Acquisition,,,,,,,,False
SXI,Standex International Corporation,Capital Goods,Industrial Machinery/Components,,,,,,,,False
SXT,Sensient Technologies Corporation,Basic Industries,Major Chemicals,,,,,,,,False
SXTC,China SXT Pharmaceuticals,Health Care,Biotechnology: Pharmaceutical Preparations,,,,,,,,False
SY,So-Young International American Depository Shares,Technology,Computer Software: Prepackaged Software,,,,,,,,False
SYBT,Stock Yards Bancorp,Finance,Major Banks,,,,,,,,False
SYBX,Synlogic,Health Care,Biotechnology: Pharmaceutical Preparations,,,,,,,,False
SYF,Synchrony Financial,Finance,Diversified Financial Services,,,,,,,,False
SYK,Stryker Corporation,Health Care,Medical/Dental Instruments,,,,,,,,False
Symbol,Name,Sector,Industry,,,,,,,,False
SYN,Synthetic Biologics,Health Care,Biotechnology: Pharmaceutical Preparations,,,,,,,,False
SYNA,Synapticsorporated $0001 Par Value,Technology,Computer peripheral equipment,,,,,,,,False
SYNH,Syneos Health Class A,Health Care,Biotechnology: Commercial Physical & Biological Resarch,,,,,,,,False
SYNL,Synalloy Corporation,Basic Industries,Steel/Iron Ore,,,,,,,,False
SYPR,Sypris Solutions,Capital Goods,Auto Parts:OEM,,,,,,,,False
SYRS,Syros Pharmaceuticals,Health Care,Biotechnology: Pharmaceutical Preparations,,,,,,,,False
SYTA,Siyata Mobile Common Shares,Basic Industries,Metal Fabrications,,,,,,,,False
SYY,Sysco Corporation,Consumer Non-Durables,Food Distributors,,,,,,,,False
SZC,Cushing NextGen Infrastructureome Fund Common Shares of Beneficial Interest, Acquisition, Acquisition,,,,,,,,False
SZZLU,Sizzle Acquisition Corp Unit, Acquisition, Acquisition,,,,,,,,False
T,AT&T,Consumer Services,Telecommunications Equipment,,,,,,,,False
TA,TravelCenters of America,Consumer Services,Food Chains,,,,,,,,False
TAC,TransAlta Corporation Ordinary Shares,Public Utilities,Electric Utilities: Central,,,,,,,,False
TACA,Trepont Acquisition Corp I Class A Ordinary Shares,Finance,Business Services,,,,,,,,False
TACT,TransAct Technologiesorporated,Technology,Computer peripheral equipment,,,,,,,,False
TAIT,Taitron Componentsorporated Class A,Technology,Electronic Components,,,,,,,,False
TAK,Takeda Pharmaceutical Company Limited American Depositary Shares (each representing 1/2 of a share of),Health Care,Biotechnology: Pharmaceutical Preparations,,,,,,,,False
TAL,TAL Education Group American Depositary Shares,Miscellaneous,Service to the Health Industry,,,,,,,,False
TALK,Talkspace,Health Care,Managed Health Care,,,,,,,,False
TALO,Talos Energy,Energy,Oil & Gas Production,,,,,,,,False
TALS,Talaris Therapeutics,Health Care,Biotechnology: Pharmaceutical Preparations,,,,,,,,False
TANH,Tantech Holdings Ltd, Acquisition, Acquisition,,,,,,,,False
TANNI,TravelCenters of America 825% Senior Notes due 2028,Consumer Services,Food Chains,,,,,,,,False
TANNL,TravelCenters of America 800% Senior Notes due 2029,Consumer Services,Food Chains,,,,,,,,False
TANNZ,TravelCenters of America 800% Senior Notes due 2030,Consumer Services,Food Chains,,,,,,,,False
TAOP,Taoping ,Technology,Computer Software: Prepackaged Software,,,,,,,,False
TAP,Molson Coors Beverage Company Class B,Consumer Non-Durables,Beverages (Production/Distribution),,,,,,,,False
TARA,Protara Therapeutics ,Health Care,Biotechnology: Pharmaceutical Preparations,,,,,,,,False
TARO,Taro Pharmaceutical Industries Ltd Ordinary Shares,Health Care,Biotechnology: Pharmaceutical Preparations,,,,,,,,False
TARS,Tarsus Pharmaceuticals,Consumer Durables,Specialty Chemicals,,,,,,,,False
TASK,TaskUs Class A,Technology,Retail: Computer Software & Peripheral Equipment,,,,,,,,False
TAST,Carrols Restaurant Group,Consumer Services,Restaurants,,,,,,,,False
TATT,TAT Technologies Ltd Ordinary Shares,Capital Goods,Aerospace,,,,,,,,False
TAYD,Taylor Devices,Capital Goods,Industrial Machinery/Components,,,,,,,,False
TBB,AT&T 5350% Global Notes due 2066,Consumer Services,Telecommunications Equipment,,,,,,,,False
TBBK,The Bancorp,Finance,Major Banks,,,,,,,,False
TBC,AT&T 5625% Global Notes due 2067,Consumer Services,Telecommunications Equipment,,,,,,,,False
TBCP,Thunder Bridge Capital Partners III Class A, Acquisition, Acquisition,,,,,,,,False
TBCPU,Thunder Bridge Capital Partners III Units, Acquisition, Acquisition,,,,,,,,False
TBI,TrueBlue,Technology,Professional Services,,,,,,,,False
TBK,Triumph Bancorp,Finance,Major Banks,,,,,,,,False
TBKCP,Triumph Bancorp Depositary Shares Each Representing a 1/40th Interest in a Share of 7125% Series C Fixed-Rate Non-Cumulative Perpetual Preferred Stock,Finance,Major Banks,,,,,,,,False
TBLA,Taboolacom Ltd Ordinary Shares,Finance,Business Services,,,,,,,,False
TBLD,Thornburgome Builder Opportunities Trust,Finance,Investment Managers,,,,,,,,False
TBLT,ToughBuilt Industries,Capital Goods,Diversified Manufacture,,,,,,,,False
TBLTW,ToughBuilt Industries Warrant,Capital Goods,Diversified Manufacture,,,,,,,,False
TBNK,Territorial Bancorp,Finance,Savings Institutions,,,,,,,,True
TBPH,Theravance Biopharma,Health Care,Biotechnology: Pharmaceutical Preparations,,,,,,,,False
TBSA,TB SA Acquisition Corp Class A Ordinary Share,Finance,Business Services,,,,,,,,False
TBSAU,TB SA Acquisition Corp Unit,Finance,Business Services,,,,,,,,False
TC,TuanChe Limited American Depositary Shares,Miscellaneous,Business Services,,,,,,,,False
TCAC,Tuatara Capital Acquisition Corporation Class A Ordinary Shares,Finance,Business Services,,,,,,,,False
TCACU,Tuatara Capital Acquisition Corporation Unit,Finance,Business Services,,,,,,,,False
TCBC,TC Bancshares,Finance,Major Banks,,,,,,,,False
TCBI,Texas Capital Bancshares,Finance,Major Banks,,,,,,,,False
TCBIO,Texas Capital Bancshares Depositary Shares 575% Fixed Rate Non-Cumulative Perpetual Preferred Stock Series B,Finance,Major Banks,,,,,,,,False
TCBK,TriCo Bancshares,Finance,Major Banks,,,,,,,,False
TCBS,Texas Community Bancshares,Finance,Banks,,,,,,,,False
TCBX,Third Coast Bancshares,Finance,Major Banks,,,,,,,,False
TCDA,Tricida,Health Care,Biotechnology: Pharmaceutical Preparations,,,,,,,,False
TCFC,The Community Financial Corporation,Finance,Major Banks,,,,,,,,False
TCI,Transcontinental Realty Investors,Finance,Real Estate,,,,,,,,False
TCMD,Tactile Systems Technology,Health Care,Medical/Dental Instruments,,,,,,,,False
TCN,Tricon Residential Common Shares, Acquisition, Acquisition,,,,,,,,False
TCOM,Tripcom Group Limited American Depositary Shares,Miscellaneous,Business Services,,,,,,,,False
TCON,TRACON Pharmaceuticals,Health Care,Biotechnology: Biological Products (No Diagnostic Substances),,,,,,,,False
TCPC,BlackRock TCP Capital Corp,Finance,Finance/Investors Services,,,,,,,,False
TCRR,TCR2 Therapeutics,Health Care,Biotechnology: Pharmaceutical Preparations,,,,,,,,False
TCRX,TScan Therapeutics,Health Care,Biotechnology: Pharmaceutical Preparations,,,,,,,,False
TCS,Container Store (The),Consumer Services,Catalog/Specialty Distribution,,,,,,,,False
TCVA,TCV Acquisition Corp Class A Ordinary Shares,Finance,Business Services,,,,,,,,False
TCX,Tucows Class A,Technology,EDP Services,,,,,,,,False
TD,Toronto Dominion Bank (The), Acquisition, Acquisition,,,,,,,,False
TDC,Teradata Corporation,Technology,EDP Services,,,,,,,,False
TDCX,TDCX American Depositary Shares each representing one Class A ordinary share, Acquisition, Acquisition,,,,,,,,False
TDF,Templeton Dragon Fund,Finance,Finance/Investors Services,,,,,,,,False
TDG,Transdigm Grouporporated,Capital Goods,Military/Government/Technical,,,,,,,,False
TDOC,Teladoc Health,Health Care,Medical/Nursing Services,,,,,,,,False
TDS,Telephone and Data Systems Common Shares,Public Utilities,Telecommunications Equipment,,,,,,,,False
TDUP,ThredUp Class A,Consumer Non-Durables,Department/Specialty Retail Stores,,,,,,,,False
TDW,Tidewater,Energy,Oilfield Services/Equipment,,,,,,,,False
TDY,Teledyne Technologiesorporated,Capital Goods,Industrial Machinery/Components,,,,,,,,False
TEAF,Ecofin Sustainable and Social Impact Term Fund,Finance,Trusts Except Educational Religious and Charitable,,,,,,,,False
TEAM,Atlassian Corporation Plc Class A Ordinary Shares,Technology,Computer Software: Prepackaged Software,,,,,,,,False
TECH,Bio-Techne Corp,Health Care,Biotechnology: Biological Products (No Diagnostic Substances),,,,,,,,False
TECK,Teck Resources Ltd Ordinary Shares, Acquisition, Acquisition,,,,,,,,False
TECTP,Tectonic Financial 900% Fixed-to-Floating Rate Series B Non-Cumulative Perpetual Preferred Stock,Finance,Commercial Banks,,,,,,,,False
TEDU,Tarena International American Depositary Shares,Miscellaneous,Service to the Health Industry,,,,,,,,False
TEF,Telefonica SA,Public Utilities,Telecommunications Equipment,,,,,,,,False
TEI,Templeton Emerging Marketsome Fund,Finance,Finance Companies,,,,,,,,False
TEKK,Tekkorp Digital Acquisition Corp Class A Ordinary Shares,Finance,Business Services,,,,,,,,False
TEKKU,Tekkorp Digital Acquisition Corp Unit,Finance,Business Services,,,,,,,,False
TEKKW,Tekkorp Digital Acquisition Corp Warrant,Finance,Business Services,,,,,,,,False
TEL,TE Connectivity Ltd New Switzerland Registered Shares,Capital Goods,Industrial Machinery/Components,,,,,,,,False
TELA,TELA Bio,Health Care,Biotechnology: Electromedical & Electrotherapeutic Apparatus,,,,,,,,False
TELL,Tellurian,Energy,Oil & Gas Production,,,,,,,,False
TELZ,Tellurian 825% Senior Notes due 2028, Acquisition, Acquisition,,,,,,,,False
TEN,Tenneco Class A Voting,Capital Goods,Auto Parts:OEM,,,,,,,,False
TENB,Tenable Holdings,Technology,EDP Services,,,,,,,,False
TENX,Tenax Therapeutics,Health Care,Biotechnology: Commercial Physical & Biological Resarch,,,,,,,,False
TEO,Telecom Argentina SA,Public Utilities,Telecommunications Equipment,,,,,,,,False
TER,Teradyne,Capital Goods,Electrical Products,,,,,,,,False
TERN,Terns Pharmaceuticals,Health Care,Biotechnology: Pharmaceutical Preparations,,,,,,,,False
TESS,TESSCO Technologiesorporated,Capital Goods,Telecommunications Equipment,,,,,,,,False
TETC,Tech and Energy Transition Corporation Class A, Acquisition, Acquisition,,,,,,,,False
TETCU,Tech and Energy Transition Corporation Unit, Acquisition, Acquisition,,,,,,,,False
TEVA,Teva Pharmaceutical Industries Limited American Depositary Shares,Health Care,Biotechnology: Pharmaceutical Preparations,,,,,,,,False
TEX,Terex Corporation,Capital Goods,Construction/Ag Equipment/Trucks,,,,,,,,False
TFC,Truist Financial Corporation,Finance,Major Banks,,,,,,,,False
TFFP,TFF Pharmaceuticals,Consumer Durables,Specialty Chemicals,,,,,,,,False
TFII,TFI International Common Shares, Acquisition, Acquisition,,,,,,,,False
TFSA,Terraome Fund VI 700% Notes due 2026, Acquisition, Acquisition,,,,,,,,False
TFSL,TFS Financial Corporation,Finance,Savings Institutions,,,,,,,,False
TFX,Teleflexorporated,Health Care,Medical/Dental Instruments,,,,,,,,False
TG,Tredegar Corporation,Capital Goods,Metal Fabrications,,,,,,,,False
TGA,TransGlobe Energy Corporation Ordinary Shares (Canada), Acquisition, Acquisition,,,,,,,,False
TGAAU,Target Global Acquisition I Corp Unit, Acquisition, Acquisition,,,,,,,,False
TGB,Taseko Mines Ltd, Acquisition, Acquisition,,,,,,,,False
TGH,Textainer Group Holdings Limited Common Shares,Technology,Diversified Commercial Services,,,,,,,,False
TGI,Triumph Group,Capital Goods,Aerospace,,,,,,,,False
TGLS,Tecnoglass,Consumer Durables,Electronic Components,,,,,,,,False
TGNA,TEGNA,Consumer Services,Broadcasting,,,,,,,,False
TGS,Transportadora de Gas del Sur SA TGS,Public Utilities,Natural Gas Distribution,,,,,,,,False
TGT,Target Corporation,Consumer Services,Department/Specialty Retail Stores,,,,,,,,False
TGTX,TG Therapeutics,Health Care,Biotechnology: Pharmaceutical Preparations,,,,,,,,False
TGVC,TG Venture Acquisition Corp Class A, Acquisition, Acquisition,,,,,,,,False
TGVCU,TG Venture Acquisition Corp Units, Acquisition, Acquisition,,,,,,,,False
TGVCW,TG Venture Acquisition Corp Warrants, Acquisition, Acquisition,,,,,,,,False
TH,Target Hospitality Corp,Energy,Oil & Gas Production,,,,,,,,False
THAC,Thrive Acquisition Corporation Class A ordinary shares, Acquisition, Acquisition,,,,,,,,False
THACU,Thrive Acquisition Corporation Unit, Acquisition, Acquisition,,,,,,,,False
THC,Tenet Healthcare Corporation,Health Care,Hospital/Nursing Management,,,,,,,,False
THCA,Tuscan Holdings Corp II, Acquisition, Acquisition,,,,,,,,False
THCP,Thunder Bridge Capital Partners IV Class A, Acquisition, Acquisition,,,,,,,,False
THCPU,Thunder Bridge Capital Partners IV Unit, Acquisition, Acquisition,,,,,,,,False
THFF,First Financial Corporation Indiana,Finance,Major Banks,,,,,,,,False
THG,Hanover Insurance Group,Finance,Property-Casualty Insurers,,,,,,,,False
THM,International Tower Hill Mines Ltd Ordinary Shares (Canada), Acquisition, Acquisition,,,,,,,,False
THMO,ThermoGenesis Holdings,Capital Goods,Medical Specialities,,,,,,,,False
THO,Thor Industries,Consumer Non-Durables,Homebuilding,,,,,,,,False
THQ,Tekla Healthcare Opportunies Fund Shares of Beneficial Interest,Finance,Finance Companies,,,,,,,,False
THR,Thermon Group Holdings,Consumer Durables,Electrical Products,,,,,,,,False
THRM,Gentherm,Capital Goods,Auto Parts:OEM,,,,,,,,False
THRN,Thorne Healthtech,Consumer Non-Durables,Farming/Seeds/Milling,,,,,,,,False
THRX,Theseus Pharmaceuticals,Health Care,Biotechnology: Pharmaceutical Preparations,,,,,,,,False
THRY,Thryv Holdings,Capital Goods,Industrial Machinery/Components,,,,,,,,False
THS,Treehouse Foods,Consumer Non-Durables,Packaged Foods,,,,,,,,False
THTX,Theratechnologies Common Shares, Acquisition, Acquisition,,,,,,,,False
THW,Tekla World Healthcare Fund Shares of Beneficial Interest,Finance,Finance Companies,,,,,,,,False
TIG,Trean Insurance Group, Acquisition, Acquisition,,,,,,,,False
TIGO,Millicom International Cellular SA,Public Utilities,Telecommunications Equipment,,,,,,,,False
TIGR,UP Fintech Holding Ltd American Depositary Share representing fifteen Class A Ordinary Shares,Finance,Investment Bankers/Brokers/Service,,,,,,,,False
TIL,Instil Bio,Health Care,Biotechnology: Pharmaceutical Preparations,,,,,,,,False
TILE,Interface, Acquisition, Acquisition,,,,,,,,False
TIMB,TIM SA American Depositary Shares (Each representing 5 Common Shares) ,Public Utilities,Telecommunications Equipment,,,,,,,,False
TINV,Tiga Acquisition Corp Class A Ordinary Shares,Finance,Business Services,,,,,,,,False
TIOA,Tio Tech A Class A Ordinary Share,Finance,Business Services,,,,,,,,False
TIPT,Tiptree,Finance,Accident &Health Insurance,,,,,,,,False
TIRX,TIAN RUIXIANG Holdings Ltd Class A Ordinary Shares,Finance,Specialty Insurers,,,,,,,,False
TISI,Team, Acquisition, Acquisition,,,,,,,,False
TITN,Titan Machinery, Acquisition, Acquisition,,,,,,,,False
TIVC,Tivic Health Systems,Health Care,Biotechnology: Electromedical & Electrotherapeutic Apparatus,,,,,,,,False
TIXT,TELUS International (Cda) Subordinate Voting Shares, Acquisition, Acquisition,,,,,,,,False
TJX,TJX Companies (The),Consumer Services,Department/Specialty Retail Stores,,,,,,,,False
TK,Teekay Corporation,Transportation,Marine Transportation,,,,,,,,False
TKAT,Takung Art Co Ltd,Consumer Services,Catalog/Specialty Distribution,,,,,,,,False
TKC,Turkcell Iletisim Hizmetleri AS,Public Utilities,Telecommunications Equipment,,,,,,,,False
TKNO,Alpha Teknova,Consumer Durables,Specialty Chemicals,,,,,,,,False
TKR,Timken Company (The),Capital Goods,Metal Fabrications,,,,,,,,False
TLGA,TLG Acquisition One Corp Class A, Acquisition, Acquisition,,,,,,,,False
TLIS,Talis Biomedical Corporation,Health Care,Biotechnology: Electromedical & Electrotherapeutic Apparatus,,,,,,,,False
TLK,PT Telekomunikasi Indonesia Tbk,Public Utilities,Telecommunications Equipment,,,,,,,,False
TLRY,Tilray Brands Class 2 ,Health Care,Biotechnology: Pharmaceutical Preparations,,,,,,,,False
TLS,Telos Corporation,Technology,EDP Services,,,,,,,,False
TLSA,Tiziana Life Sciences Ltd Common Shares,Health Care,Biotechnology: Pharmaceutical Preparations,,,,,,,,False
TLYS,Tilly's, Acquisition, Acquisition,,,,,,,,False
TM,Toyota Motor Corporation,Capital Goods,Auto Manufacturing,,,,,,,,False
TMAC,The Music Acquisition Corporation Class A, Acquisition, Acquisition,,,,,,,,False
TMBR,Timber Pharmaceuticals,Consumer Durables,Specialty Chemicals,,,,,,,,False
TMC,TMC the metals company, Acquisition, Acquisition,,,,,,,,False
TMCI,Treace Medical Concepts,Health Care,Biotechnology: Electromedical & Electrotherapeutic Apparatus,,,,,,,,False
TMCWW,TMC the metals company Warrants, Acquisition, Acquisition,,,,,,,,False
TMDI,Titan Medical, Acquisition, Acquisition,,,,,,,,False
TMDX,TransMedics Group,Health Care,Biotechnology: Electromedical & Electrotherapeutic Apparatus,,,,,,,,False
TME,Tencent Music Entertainment Group American Depositary Shares each representing two Class A Ordinary Shares,Consumer Services,Broadcasting,,,,,,,,False
TMHC,Taylor Morrison Home Corporation,Capital Goods,Homebuilding,,,,,,,,False
TMKR,Tastemaker Acquisition Corp Class A, Acquisition, Acquisition,,,,,,,,False
TMKRU,Tastemaker Acquisition Corp Unit, Acquisition, Acquisition,,,,,,,,False
TMO,Thermo Fisher Scientific,Capital Goods,Biotechnology: Laboratory Analytical Instruments,,,,,,,,False
TMP,Tompkins Financial Corporation,Finance,Major Banks,,,,,,,,False
TMPM,Turmeric Acquisition Corp Class A Ordinary Shares,Finance,Business Services,,,,,,,,False
TMPMU,Turmeric Acquisition Corp Unit,Finance,Business Services,,,,,,,,False
TMQ,Trilogy Metals, Acquisition, Acquisition,,,,,,,,False
TMST,TimkenSteel Corporation Common Shares,Basic Industries,Steel/Iron Ore,,,,,,,,False
TMUS,T-Mobile US,Public Utilities,Telecommunications Equipment,,,,,,,,False
TMX,Terminix Global Holdings,Miscellaneous,Other Consumer Services,,,,,,,,False
TNC,Tennant Company,Capital Goods,Industrial Machinery/Components,,,,,,,,False
TNDM,Tandem Diabetes Care,Health Care,Medical/Dental Instruments,,,,,,,,False
TNET,TriNet Group,Technology,Diversified Commercial Services,,,,,,,,False
TNGX,Tango Therapeutics,Health Care,Biotechnology: Pharmaceutical Preparations,,,,,,,,False
TNK,Teekay Tankers Ltd,Transportation,Marine Transportation,,,,,,,,False
TNL,Travel   Leisure Co Common  Stock,Transportation,Other Consumer Services,,,,,,,,False
TNP,Tsakos Energy Navigation Ltd Common Shares,Transportation,Marine Transportation,,,,,,,,False
TNXP,Tonix Pharmaceuticals Holding Corp,Health Care,Biotechnology: Pharmaceutical Preparations,,,,,,,,False
TNYA,Tenaya Therapeutics,Consumer Durables,Specialty Chemicals,,,,,,,,False
TOAC,Talon 1 Acquisition Corp Class A Ordinary Shares, Acquisition, Acquisition,,,,,,,,False
TOACU,Talon 1 Acquisition Corp Unit, Acquisition, Acquisition,,,,,,,,False
TOI,The Oncology Institute,Health Care,Medical Specialities,,,,,,,,False
TOL,Toll Brothers,Capital Goods,Homebuilding,,,,,,,,False
TOMZ,TOMI Environmental Solutions, Acquisition, Acquisition,,,,,,,,False
TOPS,TOP Ships,Transportation,Marine Transportation,,,,,,,,False
TOST,Toast Class A,Technology,EDP Services,,,,,,,,False
TOUR,Tuniu Corporation American Depositary Shares, Acquisition, Acquisition,,,,,,,,False
TOWN,TowneBank,Finance,Major Banks,,,,,,,,False
TPB,Turning Point Brands,Consumer Non-Durables,Tobacco,,,,,,,,False
TPBA,TPB Acquisition Corporation I Class A Ordinary Share, Acquisition, Acquisition,,,,,,,,False
TPBAU,TPB Acquisition Corporation I Unit, Acquisition, Acquisition,,,,,,,,False
TPC,Tutor Perini Corporation,Capital Goods,Engineering & Construction,,,,,,,,False
TPG,TPG Class A,Finance,Trusts Except Educational Religious and Charitable,,,,,,,,False
TPGY,TPG Pace Beneficial Finance Corp Class A Ordinary Shares,Finance,Business Services,,,,,,,,False
TPH,Tri Pointe Homes,Capital Goods,Homebuilding,,,,,,,,False
TPHS,Trinity Place Holdings,Consumer Services,Real Estate,,,,,,,,False
TPIC,TPI Composites,Technology,Industrial Machinery/Components,,,,,,,,False
TPL,Texas Pacific Land Corporation,Energy,Oil & Gas Production,,,,,,,,False
TPR,Tapestry,Consumer Non-Durables,Apparel,,,,,,,,False
TPST,Tempest Therapeutics,Health Care,Biotechnology: Pharmaceutical Preparations,,,,,,,,False
TPTA,Terra Property Trust 600% Notes due 2026, Acquisition, Acquisition,,,,,,,,False
TPTX,Turning Point Therapeutics,Health Care,Biotechnology: Pharmaceutical Preparations,,,,,,,,False
TPVG,TriplePoint Venture Growth BDC Corp,Finance,Trusts Except Educational Religious and Charitable,,,,,,,,False
TPX,Tempur Sealy International,Consumer Durables,Home Furnishings,,,,,,,,False
TPZ,Tortoise Power and Energy Infrastructure Fund,Finance,Investment Managers,,,,,,,,False
TR,Tootsie Roll Industries,Consumer Non-Durables,Specialty Foods,,,,,,,,False
TRAQ,Trine II Acquisition Corp Class A Ordinary Shares, Acquisition, Acquisition,,,,,,,,False
TRC,Tejon Ranch Co,Finance,Major Banks,,,,,,,,False
TRCA,Twin Ridge Capital Acquisition Corp Class A Ordinary Shares, Acquisition, Acquisition,,,,,,,,False
TRDA,Entrada Therapeutics,Health Care,Biotechnology: Pharmaceutical Preparations,,,,,,,,False
TREC,Trecora Resources, Acquisition, Acquisition,,,,,,,,False
TREE,LendingTree,Finance,Finance/Investors Services,,,,,,,,False
TREX,Trex Company, Acquisition, Acquisition,,,,,,,,False
TRGP,Targa Resources,Public Utilities,Natural Gas Distribution,,,,,,,,False
TRHC,Tabula Rasa HealthCare,Health Care,Medical/Nursing Services,,,,,,,,False
TRI,Thomson Reuters Corp Ordinary Shares, Acquisition, Acquisition,,,,,,,,False
TRIB,Trinity Biotech plc American Depositary Shares,Health Care,Biotechnology: In Vitro & In Vivo Diagnostic Substances,,,,,,,,False
TRIN,Trinity Capital,Finance,Finance/Investors Services,,,,,,,,False
TRIP,TripAdvisor, Acquisition, Acquisition,,,,,,,,False
TRIS,Tristar Acquisition I Corp Class A Ordinary Shares, Acquisition, Acquisition,,,,,,,,False
TRKA,Troika Media Group,Technology,Advertising,,,,,,,,False
TRMB,Trimble,Capital Goods,Industrial Machinery/Components,,,,,,,,False
TRMD,TORM plc Class A,Consumer Services,Marine Transportation,,,,,,,,False
TRMK,Trustmark Corporation,Finance,Major Banks,,,,,,,,False
TRMR,Tremor International Ltd American Depository Shares, Acquisition, Acquisition,,,,,,,,False
TRN,Trinity Industries,Capital Goods,Railroads,,,,,,,,False
TRNO,Terreno Realty Corporation,Consumer Services,Real Estate Investment Trusts,,,,,,,,False
TRNS,Transcat,Technology,Industrial Machinery/Components,,,,,,,,False
TRON,Corner Growth Acquisition Corp 2 Class A Ordinary Share,Finance,Business Services,,,,,,,,False
TRONU,Corner Growth Acquisition Corp 2 Units, Acquisition, Acquisition,,,,,,,,False
TROO,TROOPS ,Consumer Non-Durables,Consumer Electronics/Appliances,,,,,,,,False
TROW,T Rowe Price Group,Finance,Investment Managers,,,,,,,,False
TROX,Tronox Holdings plc Ordinary Shares (UK),Basic Industries,Multi-Sector Companies,,,,,,,,False
TRP,TC Energy Corporation, Acquisition, Acquisition,,,,,,,,False
TRQ,Turquoise Hill Resources Ltd Ordinary Shares, Acquisition, Acquisition,,,,,,,,False
TRS,TriMas Corporation,Technology,Industrial Machinery/Components,,,,,,,,False
TRST,TrustCo Bank Corp NY,Finance,Major Banks,,,,,,,,False
TRT,Trio-Tech International,Technology,Industrial Machinery/Components,,,,,,,,False
TRTL,TortoiseEcofin Acquisition Corp III Class A Ordinary Shares, Acquisition, Acquisition,,,,,,,,False
TRTN,Triton International Limited Common Shares,Technology,Diversified Commercial Services,,,,,,,,False
TRTX,TPG RE Finance Trust,Consumer Services,Real Estate Investment Trusts,,,,,,,,False
TRU,TransUnion,Technology,Advertising,,,,,,,,False
TRUP,Trupanion,Health Care,Medical Specialities,,,,,,,,False
TRV,The Travelers Companies,Finance,Property-Casualty Insurers,,,,,,,,False
TRVG,trivago NV American Depositary Shares,Technology,EDP Services,,,,,,,,False
TRVI,Trevi Therapeutics,Health Care,Biotechnology: Pharmaceutical Preparations,,,,,,,,False
TRVN,Trevena,Health Care,Biotechnology: Pharmaceutical Preparations,,,,,,,,True
TRX,Tanzanian Gold Corporation, Acquisition, Acquisition,,,,,,,,False
TS,Tenaris SA American Depositary Shares,Basic Industries,Steel/Iron Ore,,,,,,,,False
TSAT,Telesat Corporation Class A Common Shares and Class B Variable Voting Shares ,Basic Industries,Metal Fabrications,,,,,,,,False
TSBK,Timberland Bancorp,Finance,Banks,,,,,,,,False
TSC,TriState Capital Holdings,Finance,Major Banks,,,,,,,,False
TSCAP,TriState Capital Holdings Dep Shs Rep 1/40th Int 675% Srs A Non-Cum Pfd Stock,Finance,Major Banks,,,,,,,,False
TSCBP,TriState Capital Holdings Depositary Share representing a 1/40th Interest in a Share of 6375% Fixed-to-Floating Rate Series B Non-Cumulative Perpetual Preferred Stock,Finance,Major Banks,,,,,,,,False
TSCO,Tractor Supply Company,Consumer Services,Other Specialty Stores,,,,,,,,False
TSE,Trinseo PLC Ordinary Shares ,Basic Industries,Major Chemicals,,,,,,,,False
TSEM,Tower Semiconductor Ltd Ordinary Shares,Technology,Semiconductors,,,,,,,,False
TSHA,Taysha Gene Therapies,Health Care,Biotechnology: Pharmaceutical Preparations,,,,,,,,False
TSI,TCW Strategicome Fund,Finance,Investment Managers,,,,,,,,False
TSIB,Tishman Speyer Innovation Corp II Class A, Acquisition, Acquisition,,,,,,,,False
TSIBU,Tishman Speyer Innovation Corp II Unit, Acquisition, Acquisition,,,,,,,,False
TSLA,Tesla,Capital Goods,Auto Manufacturing,,,,,,,,False
TSLX,Sixth Street Specialty Lending,Finance,Investment Managers,,,,,,,,False
TSM,Taiwan Semiconductor Manufacturing Company Ltd,Technology,Semiconductors,,,,,,,,False
TSN,Tyson Foods,Consumer Non-Durables,Meat/Poultry/Fish,,,,,,,,False
TSP,TuSimple Holdings Class A,Capital Goods,Construction/Ag Equipment/Trucks,,,,,,,,False
TSPQ,TCW Special Purpose Acquisition Corp Class A, Acquisition, Acquisition,,,,,,,,False
TSQ,Townsquare Media Class A,Technology,Advertising,,,,,,,,False
TSRI,TSR,Technology,EDP Services,,,,,,,,False
TSVT,2seventy bio ,Health Care,Biotechnology: Pharmaceutical Preparations,,,,,,,,False
TT,Trane Technologies plc,Capital Goods,Industrial Machinery/Components,,,,,,,,False
TTC,Toro Company (The),Capital Goods,Tools/Hardware,,,,,,,,False
TTCF,Tattooed Chef Class A,Consumer Non-Durables,Farming/Seeds/Milling,,,,,,,,False
TTD,The Trade Desk Class A,Technology,EDP Services,,,,,,,,False
TTE,TotalEnergies SE,Energy,Oil & Gas Production,,,,,,,,False
TTEC,TTEC Holdings,Technology,Retail: Computer Software & Peripheral Equipment,,,,,,,,False
TTEK,Tetra Tech,Consumer Services,Military/Government/Technical,,,,,,,,False
TTGT,TechTarget, Acquisition, Acquisition,,,,,,,,False
TTI,Tetra Technologies,Energy,Oil & Gas Production,,,,,,,,False
TTM,Tata Motors Ltd Tata Motors Limited,Capital Goods,Auto Manufacturing,,,,,,,,False
TTMI,TTM Technologies,Technology,Electrical Products,,,,,,,,False
TTNP,Titan Pharmaceuticals,Health Care,Biotechnology: Biological Products (No Diagnostic Substances),,,,,,,,False
TTOO,T2 Biosystems,Health Care,Biotechnology: In Vitro & In Vivo Diagnostic Substances,,,,,,,,False
TTP,Tortoise Pipeline & Energy Fund,Finance,Trusts Except Educational Religious and Charitable,,,,,,,,False
TTSH,Tile Shop Holdings,Consumer Services,Other Specialty Stores,,,,,,,,False
TTWO,Take-Two Interactive Software,Technology,Computer Software: Prepackaged Software,,,,,,,,False
TU,Telus Corporation Ordinary Shares, Acquisition, Acquisition,,,,,,,,False
TUEM,Tuesday Morning Corp,Miscellaneous,Diversified Commercial Services,,,,,,,,False
TUFN,Tufin Software Technologies Ltd Ordinary Shares,Technology,EDP Services,,,,,,,,False
TUP,Tupperware Brands Corporation,Consumer Non-Durables,Plastic Products,,,,,,,,False
TURN,180 Degree Capital Corp,Finance,Finance/Investors Services,,,,,,,,False
TUSK,Mammoth Energy Services, Acquisition, Acquisition,,,,,,,,False
TUYA,Tuya American Depositary Shares each representing one Class A Ordinary Share,Technology,Computer Software: Prepackaged Software,,,,,,,,False
TV,Grupo Televisa SA,Consumer Services,Broadcasting,,,,,,,,False
TVC,Tennessee Valley Authority,Public Utilities,Electric Utilities: Central,,,,,,,,False
TVE,Tennessee Valley Authority,Public Utilities,Electric Utilities: Central,,,,,,,,False
TVTX,Travere Therapeutics,Health Care,Biotechnology: Pharmaceutical Preparations,,,,,,,,False
TVTY,Tivity Health,Health Care,Medical Specialities,,,,,,,,False
TW,Tradeweb Markets Class A,Finance,Investment Bankers/Brokers/Service,,,,,,,,False
TWCB,Bilander Acquisition Corp Class A, Acquisition, Acquisition,,,,,,,,False
TWI,Titan International (DE),Capital Goods,Industrial Machinery/Components,,,,,,,,False
TWIN,Twin Discorporated,Capital Goods,Industrial Machinery/Components,,,,,,,,False
TWKS,Thoughtworks Holding,Technology,EDP Services,,,,,,,,False
TWLO,Twilio Class A,Capital Goods,Industrial Machinery/Components,,,,,,,,False
TWLV,Twelve Seas Investment Company II Class A, Acquisition, Acquisition,,,,,,,,False
TWLVU,Twelve Seas Investment Company II Unit, Acquisition, Acquisition,,,,,,,,False
TWN,Taiwan Fund (The),Finance,Trusts Except Educational Religious and Charitable,,,,,,,,False
TWND,Tailwind Acquisition Corp Class A, Acquisition, Acquisition,,,,,,,,False
TWNI,Tailwind International Acquisition Corp Class A Ordinary Shares,Finance,Business Services,,,,,,,,False
TWNK,Hostess Brands Class A,Consumer Non-Durables,Specialty Foods,,,,,,,,False
TWO,Two Harbors Investment Corp,Consumer Services,Real Estate Investment Trusts,,,,,,,,False
TWOA,two Class A Ordinary Shares,Consumer Services,Real Estate Investment Trusts,,,,,,,,False
TWOU,2U,Miscellaneous,Service to the Health Industry,,,,,,,,False
TWST,Twist Bioscience Corporation,Health Care,Managed Health Care,,,,,,,,False
TWTR,Twitter,Technology,EDP Services,,,,,,,,False
TX,Ternium SA Ternium SA American Depositary Shares (each representing ten shares USD100 par value),Basic Industries,Steel/Iron Ore,,,,,,,,False
TXG,10x Genomics Class A,Health Care,Managed Health Care,,,,,,,,False
TXMD,TherapeuticsMD,Health Care,Biotechnology: Pharmaceutical Preparations,,,,,,,,False
TXN,Texas Instrumentsorporated,Technology,Semiconductors,,,,,,,,False
TXRH,Texas Roadhouse,Consumer Services,Restaurants,,,,,,,,False
TXT,Textron,Capital Goods,Aerospace,,,,,,,,False
TY,Tri Continental Corporation,Finance,Finance Companies,,,,,,,,False
TYG,Tortoise Energy Infrastructure Corporation,Finance,Investment Managers,,,,,,,,False
TYL,Tyler Technologies,Technology,Computer Software: Prepackaged Software,,,,,,,,False
TYME,Tyme Technologies,Health Care,Biotechnology: Pharmaceutical Preparations,,,,,,,,False
TYRA,Tyra Biosciences,Health Care,Biotechnology: Pharmaceutical Preparations,,,,,,,,False
TZOO,Travelzoo,Technology,Advertising,,,,,,,,False
TZPS,TZP Strategies Acquisition Corp Class A Ordinary Share,Finance,Business Services,,,,,,,,False
TZPSU,TZP Strategies Acquisition Corp Unit,Finance,Business Services,,,,,,,,False
U,Unity Software,Technology,Retail: Computer Software & Peripheral Equipment,,,,,,,,False
UA,Under Armour Class C,Consumer Non-Durables,Apparel,,,,,,,,False
UAA,Under Armour Class A,Consumer Non-Durables,Apparel,,,,,,,,False
UAL,United Airlines Holdings,Transportation,Air Freight/Delivery Services,,,,,,,,False
UAMY,United States Antimony Corporation, Acquisition, Acquisition,,,,,,,,False
UAN,CVR Partners LP Common Units representing Limited Partner Interests,Basic Industries,Agricultural Chemicals,,,,,,,,False
UAVS,AgEagle Aerial Systems, Acquisition, Acquisition,,,,,,,,False
UBA,Urstadt Biddle Properties,Consumer Services,Real Estate Investment Trusts,,,,,,,,False
UBCP,United Bancorp,Finance,Major Banks,,,,,,,,False
UBER,Uber Technologies,Technology,EDP Services,,,,,,,,False
UBFO,United Security Bancshares,Finance,Major Banks,,,,,,,,False
UBOH,United Bancshares,Finance,Major Banks,,,,,,,,False
UBP,Urstadt Biddle Properties,Consumer Services,Real Estate Investment Trusts,,,,,,,,False
UBS,UBS Group AG Registered Ordinary Shares,Finance,Major Banks,,,,,,,,False
UBSI,United Bankshares,Finance,Major Banks,,,,,,,,False
UBX,Unity Biotechnology,Consumer Durables,Specialty Chemicals,,,,,,,,False
UCBI,United Community Banks,Finance,Major Banks,,,,,,,,False
UCBIO,United Community Banks Depositary Shares each representing 1/1000th interest in a share of Series I Non-CumulativePreferred Stock,Finance,Major Banks,,,,,,,,False
UCL,uCloudlink Group American Depositary Shares,Consumer Services,Telecommunications Equipment,,,,,,,,False
UCTT,Ultra Clean Holdings,Technology,Semiconductors,,,,,,,,False
UDMY,Udemy, Acquisition, Acquisition,,,,,,,,False
UDR,UDR,Consumer Services,Real Estate Investment Trusts,,,,,,,,False
UE,Urban Edge Properties Common Shares of Beneficial Interest,Consumer Services,Real Estate Investment Trusts,,,,,,,,False
UEC,Uranium Energy Corp,Basic Industries,Other Metals and Minerals,,,,,,,,False
UEIC,Universal Electronics,Consumer Non-Durables,Consumer Electronics/Appliances,,,,,,,,False
UEPS,Net 1 UEPS Technologies,Technology,EDP Services,,,,,,,,False
UFAB,Unique Fabricating,Capital Goods,Auto Parts:OEM,,,,,,,,False
UFCS,United Fire Group,Finance,Property-Casualty Insurers,,,,,,,,False
UFI,Unifi New, Acquisition, Acquisition,,,,,,,,False
UFPI,UFP Industries,Basic Industries,Forest Products,,,,,,,,False
UFPT,UFP Technologies,Health Care,Medical/Dental Instruments,,,,,,,,False
UG,United-Guardian,Consumer Non-Durables,Package Goods/Cosmetics,,,,,,,,False
UGI,UGI Corporation,Public Utilities,Natural Gas Distribution,,,,,,,,False
UGIC,UGI Corporation Corporate Units,Public Utilities,Natural Gas Distribution,,,,,,,,False
UGP,Ultrapar Participacoes SA (New) American Depositary Shares (Each representing one Common Share),Energy,Oil Refining/Marketing,,,,,,,,False
UGRO,urban-gro,Capital Goods,Industrial Machinery/Components,,,,,,,,False
UHAL,Amerco,Miscellaneous,Rental/Leasing Companies,,,,,,,,False
UHS,Universal Health Services,Health Care,Hospital/Nursing Management,,,,,,,,False
UHT,Universal Health Realtyome Trust,Consumer Services,Real Estate Investment Trusts,,,,,,,,False
UI,Ubiquiti,Technology,Radio And Television Broadcasting And Communications Equipment,,,,,,,,False
UIHC,United Insurance Holdings Corp,Finance,Property-Casualty Insurers,,,,,,,,False
UIS,Unisys Corporation New,Technology,EDP Services,,,,,,,,False
UK,Ucommune International Ltd Ordinary Shares,Miscellaneous,Business Services,,,,,,,,False
UL,Unilever PLC,Consumer Non-Durables,Package Goods/Cosmetics,,,,,,,,False
ULBI,Ultralife Corporation,Technology,Electronic Components,,,,,,,,False
ULCC,Frontier Group Holdings,Transportation,Air Freight/Delivery Services,,,,,,,,False
ULH,Universal Logistics Holdings,Transportation,Trucking Freight/Courier Services,,,,,,,,False
ULTA,Ulta Beauty, Acquisition, Acquisition,,,,,,,,False
UMBF,UMB Financial Corporation,Finance,Commercial Banks,,,,,,,,False
UMC,United Microelectronics Corporation (NEW),Technology,Semiconductors,,,,,,,,False
UMH,UMH Properties,Consumer Services,Real Estate Investment Trusts,,,,,,,,False
UMPQ,Umpqua Holdings Corporation,Finance,Commercial Banks,,,,,,,,False
UNAM,Unico American Corporation,Finance,Property-Casualty Insurers,,,,,,,,False
UNB,Union Bankshares,Finance,Major Banks,,,,,,,,False
UNCY,Unicycive Therapeutics,Health Care,Biotechnology: Pharmaceutical Preparations,,,,,,,,False
UNF,Unifirst Corporation,Miscellaneous,Business Services,,,,,,,,False
UNFI,United Natural Foods,Consumer Non-Durables,Food Distributors,,,,,,,,False
UNH,UnitedHealth Grouporporated (DE),Health Care,Medical Specialities,,,,,,,,False
UNIT,Uniti Group,Consumer Services,Real Estate Investment Trusts,,,,,,,,False
UNM,Unum Group,Finance,Accident &Health Insurance,,,,,,,,False
UNMA,Unum Group 6250% Junior Subordinated Notes due 2058,Finance,Accident &Health Insurance,,,,,,,,False
UNP,Union Pacific Corporation,Transportation,Railroads,,,,,,,,False
UNTY,Unity Bancorp,Finance,Major Banks,,,,,,,,False
UNVR,Univar Solutions,Basic Industries,Specialty Chemicals,,,,,,,,False
UONE,Urban One Class A,Consumer Services,Broadcasting,,,,,,,,False
UONEK,Urban One Class D,Consumer Services,Broadcasting,,,,,,,,False
UP,Wheels Up Experience Class A,Transportation,Aerospace,,,,,,,,False
UPC,Universe Pharmaceuticals,Health Care,Biotechnology: Pharmaceutical Preparations,,,,,,,,False
UPH,UpHealth,Technology,Retail: Computer Software & Peripheral Equipment,,,,,,,,False
UPLD,Upland Software,Technology,EDP Services,,,,,,,,False
UPS,United Parcel Service,Transportation,Air Freight/Delivery Services,,,,,,,,False
UPST,Upstart Holdings,Finance,Finance: Consumer Services,,,,,,,,False
UPTD,TradeUP Acquisition Corp, Acquisition, Acquisition,,,,,,,,False
UPTDU,TradeUP Acquisition Corp Unit, Acquisition, Acquisition,,,,,,,,False
UPWK,Upwork, Acquisition, Acquisition,,,,,,,,False
URBN,Urban Outfitters,Consumer Services,Clothing/Shoe/Accessory Stores,,,,,,,,False
URG,Ur Energy Common Shares (Canada), Acquisition, Acquisition,,,,,,,,False
URGN,UroGen Pharma Ltd Ordinary Shares,Health Care,Biotechnology: Pharmaceutical Preparations,,,,,,,,False
URI,United Rentals,Technology,Diversified Commercial Services,,,,,,,,False
UROY,Uranium Royalty Corp, Acquisition, Acquisition,,,,,,,,False
USA,Liberty All-Star Equity Fund,Finance,Finance Companies,,,,,,,,False
USAC,USA Compression Partners LP Common Units Representing Limited Partner Interests,Energy,Oilfield Services/Equipment,,,,,,,,False
USAK,USA Truck,Transportation,Trucking Freight/Courier Services,,,,,,,,False
USAP,Universal Stainless & Alloy Products,Basic Industries,Steel/Iron Ore,,,,,,,,False
USAS,Americas Gold and Silver Corporation Common Shares no par value, Acquisition, Acquisition,,,,,,,,False
USAU,US Gold Corp,Basic Industries,Precious Metals,,,,,,,,False
USB,US Bancorp,Finance,Major Banks,,,,,,,,False
USCB,USCB Financial Holdings Class A,Finance,Major Banks,,,,,,,,False
USCT,TKB Critical Technologies 1 Class A Ordinary Shares, Acquisition, Acquisition,,,,,,,,False
USCTU,TKB Critical Technologies 1 Unit, Acquisition, Acquisition,,,,,,,,False
USDP,USD Partners LP Common Units representing limited partner interest,Transportation,Railroads,,,,,,,,False
USEG,US Energy Corp,Energy,Oil & Gas Production,,,,,,,,False
USER,UserTesting,Technology,Computer Software: Prepackaged Software,,,,,,,,False
USFD,US Foods Holding Corp,Consumer Non-Durables,Food Distributors,,,,,,,,False
USIO,Usio,Technology,EDP Services,,,,,,,,False
USLM,United States Lime & Minerals,Energy,Other Metals and Minerals,,,,,,,,False
USM,United States Cellular Corporation,Public Utilities,Telecommunications Equipment,,,,,,,,False
USNA,USANA Health Sciences,Consumer Durables,Specialty Chemicals,,,,,,,,False
USPH,US Physical Therapy,Health Care,Medical Specialities,,,,,,,,False
USWS,US Well Services Class A,Energy,Metal Fabrications,,,,,,,,False
USX,US Xpress Enterprises Class A,Transportation,Trucking Freight/Courier Services,,,,,,,,False
UTAAU,UTA Acquisition Corporation Units, Acquisition, Acquisition,,,,,,,,False
UTF,Cohen & Steers Infrastructure Fund,Finance,Finance Companies,,,,,,,,False
UTG,Reaves Utilityome Fund Common Shares of Beneficial Interest,Finance,Investment Managers,,,,,,,,False
UTHR,United Therapeutics Corporation,Health Care,Biotechnology: Pharmaceutical Preparations,,,,,,,,False
UTI,Universal Technical Institute, Acquisition, Acquisition,,,,,,,,False
UTL,UNITIL Corporation,Public Utilities,Power Generation,,,,,,,,False
UTMD,Utah Medical Products,Health Care,Medical/Dental Instruments,,,,,,,,False
UTME,UTime Limited Ordinary Shares,Energy,Consumer Electronics/Appliances,,,,,,,,False
UTRS,Minerva Surgical,Technology,Computer Software: Prepackaged Software,,,,,,,,False
UTSI,UTStarcom Holdings Corp,Capital Goods,Telecommunications Equipment,,,,,,,,False
UTZ,Utz Brands Class A ,Consumer Non-Durables,Specialty Foods,,,,,,,,False
UUU,Universal Security Instruments,Miscellaneous,Diversified Manufacture,,,,,,,,False
UUUU,Energy Fuels (Canada), Acquisition, Acquisition,,,,,,,,False
UVE,UNIVERSAL INSURANCE HOLDINGS,Finance,Property-Casualty Insurers,,,,,,,,False
UVSP,Univest Financial Corporation,Finance,Major Banks,,,,,,,,False
UVV,Universal Corporation,Consumer Non-Durables,Tobacco,,,,,,,,False
UWMC,UWM Holdings Corporation Class A,Finance,Finance: Consumer Services,,,,,,,,False
UXIN,Uxin Limited ADS,Miscellaneous,Business Services,,,,,,,,False
UZD,United States Cellular Corporation 6250% Senior Notes due 2069,Public Utilities,Telecommunications Equipment,,,,,,,,False
UZE,United States Cellular Corporation 5500% Senior Notes due 2070,Public Utilities,Telecommunications Equipment,,,,,,,,False
UZF,United States Cellular Corporation 5500% Senior Notes due 2070,Public Utilities,Telecommunications Equipment,,,,,,,,False
V,Visa,Miscellaneous,Business Services,,,,,,,,False
VABK,Virginia National Bankshares Corporation,Finance,Major Banks,,,,,,,,False
VAC,Marriott Vacations Worldwide Corporation,Consumer Services,Hotels/Resorts,,,,,,,,False
VACC,Vaccitech plc American Depositary Shares, Acquisition, Acquisition,,,,,,,,False
VAL,Valaris Limited Common Shares,Energy,Oil & Gas Production,,,,,,,,False
VALE,VALE SA  American Depositary Shares Each Representing one common share,Basic Industries,Steel/Iron Ore,,,,,,,,False
VALN,Valneva SE American Depositary Shares, Acquisition, Acquisition,,,,,,,,False
VALU,Value Line,Technology,Advertising,,,,,,,,False
VAPO,Vapotherm,Health Care,Medical/Dental Instruments,,,,,,,,False
VAQC,Vector Acquisition Corporation II Class A Ordinary Shares,Finance,Business Services,,,,,,,,False
VATE,INNOVATE Corp,Consumer Services,Military/Government/Technical,,,,,,,,False
VAXX,Vaxxinity Class A,Health Care,Biotechnology: Pharmaceutical Preparations,,,,,,,,False
VBF,Invesco Bond Fund,Finance,Trusts Except Educational Religious and Charitable,,,,,,,,False
VBFC,Village Bank and Trust Financial Corp,Finance,Major Banks,,,,,,,,False
VBIV,VBI Vaccines New (Canada), Acquisition, Acquisition,,,,,,,,False
VBLT,Vascular Biogenics Ltd Ordinary Shares,Health Care,Biotechnology: Pharmaceutical Preparations,,,,,,,,False
VBNK,VersaBank Common Shares, Acquisition, Acquisition,,,,,,,,False
VBOCU,Viscogliosi Brothers Acquisition Corp Unit, Acquisition, Acquisition,,,,,,,,False
VBTX,Veritex Holdings,Finance,Major Banks,,,,,,,,False
VC,Visteon Corporation,Capital Goods,Auto Parts:OEM,,,,,,,,False
VCEL,Vericel Corporation,Health Care,Biotechnology: Biological Products (No Diagnostic Substances),,,,,,,,False
VCIF,Vertical Capitalome Fund Common Shares of Beneficial Interest,Finance,Finance/Investors Services,,,,,,,,False
VCKA,Vickers Vantage Corp I Ordinary Shares,Finance,Business Services,,,,,,,,False
VCKAU,Vickers Vantage Corp I Unit,Finance,Business Services,,,,,,,,False
VCNX,Vaccinex,Health Care,Biotechnology: Pharmaceutical Preparations,,,,,,,,False
VCSA,Vacasa Class A,Technology,Computer Software: Prepackaged Software,,,,,,,,False
VCTR,Victory Capital Holdings Class A,Finance,Investment Managers,,,,,,,,False
VCV,Invesco California Value Municipalome Trust,Finance,Trusts Except Educational Religious and Charitable,,,,,,,,False
VCXA,10X Capital Venture Acquisition Corp II Class A Ordinary Share, Acquisition, Acquisition,,,,,,,,False
VCXAU,10X Capital Venture Acquisition Corp II Unit, Acquisition, Acquisition,,,,,,,,False
VCYT,Veracyte,Health Care,Biotechnology: Pharmaceutical Preparations,,,,,,,,False
VEC,Vectrus, Acquisition, Acquisition,,,,,,,,False
VECO,Veeco Instruments,Technology,Semiconductors,,,,,,,,False
VECT,VectivBio Holding AG Ordinary Shares,Health Care,Biotechnology: Biological Products (No Diagnostic Substances),,,,,,,,False
VEEE,Twin Vee PowerCats Co,Consumer Services,Other Specialty Stores,,,,,,,,False
VEEV,Veeva Systems Class A,Health Care,Managed Health Care,,,,,,,,False
VEL,Velocity Financial,Finance,Finance: Consumer Services,,,,,,,,False
VELO,Velocity Acquisition Corp Class A, Acquisition, Acquisition,,,,,,,,False
VELOU,Velocity Acquisition Corp Units, Acquisition, Acquisition,,,,,,,,False
VENA,Venus Acquisition Corporation Ordinary Shares,Technology,EDP Services,,,,,,,,False
VEON,VEON Ltd ADS,Public Utilities,Telecommunications Equipment,,,,,,,,False
VERA,Vera Therapeutics Class A,Health Care,Biotechnology: Pharmaceutical Preparations,,,,,,,,False
VERB,Verb Technology Company,Technology,EDP Services,,,,,,,,False
VERI,Veritone,Technology,EDP Services,,,,,,,,False
VERO,Venus Concept,Health Care,Medical/Dental Instruments,,,,,,,,False
VERU,Veru,Health Care,Biotechnology: Pharmaceutical Preparations,,,,,,,,False
VERV,Verve Therapeutics,Consumer Durables,Specialty Chemicals,,,,,,,,False
VERX,Vertex Class A,Technology,EDP Services,,,,,,,,False
VERY,Vericity,Finance,Life Insurance,,,,,,,,False
VET,Vermilion Energy Common (Canada), Acquisition, Acquisition,,,,,,,,False
VEV,Vicinity Motor Corp,Capital Goods,Building Materials,,,,,,,,False
VFC,VF Corporation,Consumer Non-Durables,Apparel,,,,,,,,False
VFF,Village Farms International Common Shares, Acquisition, Acquisition,,,,,,,,False
VFL,Delaware Investments National Municipalome Fund,Finance,Finance/Investors Services,,,,,,,,False
VG,Vonage Holdings Corp,Public Utilities,Telecommunications Equipment,,,,,,,,False
VGFC,The Very Good Food Company Common Shares,Basic Industries,Precious Metals,,,,,,,,False
VGI,Virtus Global Multi-Sectorome Fund Common Shares of Beneficial Interest,Finance,Investment Managers,,,,,,,,False
VGII,Virgin Group Acquisition Corp II Class A Ordinary Shares, Acquisition, Acquisition,,,,,,,,False
VGM,Invesco Trust for Investment Grade Municipals (DE),Finance,Trusts Except Educational Religious and Charitable,,,,,,,,False
VGR,Vector Group Ltd,Consumer Non-Durables,Farming/Seeds/Milling,,,,,,,,False
VGZ,Vista Gold Corp, Acquisition, Acquisition,,,,,,,,False
VHAQ,Viveon Health Acquisition Corp, Acquisition, Acquisition,,,,,,,,False
VHC,VirnetX Holding Corp,Miscellaneous,Multi-Sector Companies,,,,,,,,False
VHI,Valhi,Basic Industries,Multi-Sector Companies,,,,,,,,False
VHNA,Vahanna Tech Edge Acquisition I Corp Class A Ordinary Shares, Acquisition, Acquisition,,,,,,,,False
VHNAU,Vahanna Tech Edge Acquisition I Corp Units, Acquisition, Acquisition,,,,,,,,False
VIA,Via Renewables Class A,Public Utilities,Power Generation,,,,,,,,False
VIAO,VIA optronics AG American Depositary Shares each representing one-fifth of an Ordinary Share,Technology,Semiconductors,,,,,,,,False
VIASP,Via Renewables 875% Series A Fixed-to-Floating Rate Cumulative Redeemable Perpetual Preferred Stock,Public Utilities,Power Generation,,,,,,,,False
VIAV,Viavi Solutions,Technology,Radio And Television Broadcasting And Communications Equipment,,,,,,,,False
VICI,VICI Properties,Consumer Services,Real Estate Investment Trusts,,,,,,,,False
VICR,Vicor Corporation,Capital Goods,Industrial Machinery/Components,,,,,,,,False
VIEW,View Class A, Acquisition, Acquisition,,,,,,,,False
VIGL,Vigil Neuroscience,Health Care,Biotechnology: Biological Products (No Diagnostic Substances),,,,,,,,False
VII,7GC & Co Holdings Class A, Acquisition, Acquisition,,,,,,,,False
VIIAU,7GC & Co Holdings Unit, Acquisition, Acquisition,,,,,,,,False
VINC,Vincerx Pharma,Health Care,Biotechnology: Biological Products (No Diagnostic Substances),,,,,,,,False
VINE,Fresh Vine Wine,Consumer Non-Durables,Beverages (Production/Distribution),,,,,,,,False
VINO,Gaucho Group Holdings,Finance,Real Estate,,,,,,,,False
VINP,Vinci Partners Investments Ltd Class A Common Shares,Finance,Investment Managers,,,,,,,,False
VIOT,Viomi Technology Co Ltd American Depositary Shares,Consumer Durables,Home Furnishings,,,,,,,,False
VIPS,Vipshop Holdings Limited American Depositary Shares each representing two ordinary shares,Consumer Services,Catalog/Specialty Distribution,,,,,,,,False
VIR,Vir Biotechnology,Health Care,Biotechnology: Pharmaceutical Preparations,,,,,,,,False
VIRC,Virco Manufacturing Corporation,Consumer Durables,Industrial Specialties,,,,,,,,False
VIRI,Virios Therapeutics,Health Care,Biotechnology: Pharmaceutical Preparations,,,,,,,,False
VIRT,Virtu Financial Class A,Finance,Investment Bankers/Brokers/Service,,,,,,,,False
VIRX,Viracta Therapeutics,Health Care,Biotechnology: Pharmaceutical Preparations,,,,,,,,False
VISL,Vislink Technologies,Capital Goods,Telecommunications Equipment,,,,,,,,False
VIST,Vista Oil & Gas SAB de CV American Depositary Shares each representing one series A share with no par value,Energy,Oil & Gas Production,,,,,,,,False
VITL,Vital Farms, Acquisition, Acquisition,,,,,,,,False
VIV,Telefonica Brasil SA American Depositary Shares (Each representing One Common Share),Public Utilities,Telecommunications Equipment,,,,,,,,False
VIVE,Viveve Medical,Health Care,Biotechnology: Electromedical & Electrotherapeutic Apparatus,,,,,,,,False
VIVO,Meridian Bioscience,Health Care,Biotechnology: In Vitro & In Vivo Diagnostic Substances,,,,,,,,False
VJET,voxeljet AG American Depositary Shares,Capital Goods,Industrial Machinery/Components,,,,,,,,False
VKI,Invesco Advantage Municipalome Trust II Common Shares of Beneficial Interest (DE),Finance,Finance Companies,,,,,,,,False
VKQ,Invesco Municipal Trust,Finance,Trusts Except Educational Religious and Charitable,,,,,,,,False
VKTX,Viking Therapeutics,Health Care,Biotechnology: Pharmaceutical Preparations,,,,,,,,False
VLCN,Volcon, Acquisition, Acquisition,,,,,,,,False
VLD,Velo3D,Capital Goods,Wholesale Distributors,,,,,,,,False
VLDR,Velodyne Lidar,Capital Goods,Industrial Machinery/Components,,,,,,,,False
VLDRW,Velodyne Lidar Warrants ,Capital Goods,Industrial Machinery/Components,,,,,,,,False
VLGEA,Village Super Market Class A,Consumer Services,Food Chains,,,,,,,,False
VLN,Valens Semiconductor Ltd Ordinary Shares, Acquisition, Acquisition,,,,,,,,False
VLNS,The Valens Company Common Shares, Acquisition, Acquisition,,,,,,,,False
VLO,Valero Energy Corporation,Energy,Integrated oil Companies,,,,,,,,False
VLON,Vallon Pharmaceuticals,Consumer Durables,Specialty Chemicals,,,,,,,,False
VLRS,Controladora Vuela Compania de Aviacion SAB de CV American Depositary Shares each representing ten (10) Ordinary Participation Certificates,Transportation,Air Freight/Delivery Services,,,,,,,,False
VLT,Invesco Highome Trust II,Finance,Trusts Except Educational Religious and Charitable,,,,,,,,False
VLTA,Volta Class A,Consumer Services,Catalog/Specialty Distribution,,,,,,,,False
VLY,Valley National Bancorp,Finance,Major Banks,,,,,,,,False
VLYPO,Valley National Bancorp 550% Fixed-to-Floating Rate Non-Cumulative Perpetual Preferred Stock Series B,Finance,Major Banks,,,,,,,,False
VLYPP,Valley National Bancorp 625% Fixed-to-Floating Rate Non-Cumulative Perpetual Preferred Stock Series A,Finance,Major Banks,,,,,,,,False
VMAR,Vision Marine Technologies Common Shares, Acquisition, Acquisition,,,,,,,,False
VMC,Vulcan Materials Company (Holding Company), Acquisition, Acquisition,,,,,,,,False
VMD,Viemed Healthcare Common Shares, Acquisition, Acquisition,,,,,,,,False
VMEO,Vimeo,Technology,Computer Software: Prepackaged Software,,,,,,,,False
VMGA,VMG Consumer Acquisition Corp Class A, Acquisition, Acquisition,,,,,,,,False
VMGAU,VMG Consumer Acquisition Corp Unit, Acquisition, Acquisition,,,,,,,,False
VMI,Valmont Industries,Capital Goods,Construction/Ag Equipment/Trucks,,,,,,,,False
VMO,Invesco Municipal Opportunity Trust,Finance,Trusts Except Educational Religious and Charitable,,,,,,,,False
VMW,Vmware Class A,Technology,Computer Software: Prepackaged Software,,,,,,,,False
VNCE,Vince Holding Corp, Acquisition, Acquisition,,,,,,,,False
VNDA,Vanda Pharmaceuticals,Health Care,Biotechnology: Pharmaceutical Preparations,,,,,,,,False
VNET,VNET Group American Depositary Shares,Technology,EDP Services,,,,,,,,False
VNO,Vornado Realty Trust,Consumer Services,Real Estate Investment Trusts,,,,,,,,False
VNOM,Viper Energy Partners LP Common Unit,Energy,Oil & Gas Production,,,,,,,,False
VNRX,VolitionRX Limited,Health Care,Biotechnology: Biological Products (No Diagnostic Substances),,,,,,,,False
VNT,Vontier Corporation ,Capital Goods,Industrial Machinery/Components,,,,,,,,False
VNTR,Venator Materials PLC Ordinary Shares,Basic Industries,Major Chemicals,,,,,,,,False
VOC,VOC Energy Trust Units of Beneficial Interest,Energy,Oil & Gas Production,,,,,,,,False
VOD,Vodafone Group Plc American Depositary Shares,Public Utilities,Telecommunications Equipment,,,,,,,,False
VOR,Vor Biopharma,Health Care,Biotechnology: Pharmaceutical Preparations,,,,,,,,False
VORB,Virgin Orbit Holdings, Acquisition, Acquisition,,,,,,,,False
VOXX,VOXX International Corporation Class A,Consumer Non-Durables,Consumer Electronics/Appliances,,,,,,,,False
VOYA,Voya Financial,Finance,Investment Managers,,,,,,,,False
VPCB,VPC Impact Acquisition Holdings II Class A ordinary shre,Finance,Business Services,,,,,,,,False
VPG,Vishay Precision Group,Capital Goods,Industrial Machinery/Components,,,,,,,,False
VPV,Invesco Pennsylvania Value Municipalome Trust (DE),Finance,Trusts Except Educational Religious and Charitable,,,,,,,,False
VQS,VIQ Solutions Common Shares, Acquisition, Acquisition,,,,,,,,False
VRA,Vera Bradley,Consumer Non-Durables,Apparel,,,,,,,,False
VRAR,The Glimpse Group,Technology,Retail: Computer Software & Peripheral Equipment,,,,,,,,False
VRAY,ViewRay,Health Care,Industrial Specialties,,,,,,,,False
VRCA,Verrica Pharmaceuticals,Health Care,Biotechnology: Pharmaceutical Preparations,,,,,,,,False
VRDN,Viridian Therapeutics,Health Care,Biotechnology: Pharmaceutical Preparations,,,,,,,,False
VRE,Veris Residential,Consumer Services,Real Estate Investment Trusts,,,,,,,,False
VREX,Varex Imaging Corporation,Health Care,Medical Electronics,,,,,,,,False
VRM,Vroom,Consumer Services,Other Specialty Stores,,,,,,,,False
VRME,VerifyMe,Miscellaneous,Diversified Manufacture,,,,,,,,False
VRNA,Verona Pharma plc American Depositary Share,Health Care,Biotechnology: Pharmaceutical Preparations,,,,,,,,False
VRNS,Varonis Systems,Technology,Computer Software: Prepackaged Software,,,,,,,,False
VRNT,Verint Systems,Technology,EDP Services,,,,,,,,False
VRPX,Virpax Pharmaceuticals,Consumer Durables,Specialty Chemicals,,,,,,,,False
VRRM,Verra Mobility Corporation Class A, Acquisition, Acquisition,,,,,,,,False
VRSK,Verisk Analytics,Miscellaneous,Business Services,,,,,,,,False
VRSN,VeriSign,Technology,EDP Services,,,,,,,,False
VRT,Vertiv Holdings LLC Class A,Consumer Durables,Electrical Products,,,,,,,,False
VRTS,Virtus Investment Partners,Finance,Investment Managers,,,,,,,,False
VRTV,Veritiv Corporation, Acquisition, Acquisition,,,,,,,,False
VRTX,Vertex Pharmaceuticalsorporated,Health Care,Biotechnology: Pharmaceutical Preparations,,,,,,,,False
VS,Versus Systems Common Shares, Acquisition, Acquisition,,,,,,,,False
VSAC,Vision Sensing Acquisition Corp Class A, Acquisition, Acquisition,,,,,,,,False
VSACU,Vision Sensing Acquisition Corp Unit, Acquisition, Acquisition,,,,,,,,False
VSAT,ViaSat,Technology,Radio And Television Broadcasting And Communications Equipment,,,,,,,,False
VSCO,Victorias Secret & Co , Acquisition, Acquisition,,,,,,,,False
VSEC,VSE Corporation, Acquisition, Acquisition,,,,,,,,False
VSH,Vishay Intertechnology,Capital Goods,Industrial Machinery/Components,,,,,,,,False
VST,Vistra Corp,Public Utilities,Power Generation,,,,,,,,False
VSTA,Vasta Platform Limited Class A Ordinary Shares,Consumer Services,Other Consumer Services,,,,,,,,False
VSTM,Verastem,Health Care,Biotechnology: Pharmaceutical Preparations,,,,,,,,False
VSTO,Vista Outdoor,Consumer Non-Durables,Recreational Products/Toys,,,,,,,,False
VTAQ,Ventoux CCM Acquisition Corp, Acquisition, Acquisition,,,,,,,,False
VTAQU,Ventoux CCM Acquisition Corp Unit, Acquisition, Acquisition,,,,,,,,False
VTEX,VTEX Class A Common Shares, Acquisition, Acquisition,,,,,,,,False
VTGN,VistaGen Therapeutics,Health Care,Biotechnology: Pharmaceutical Preparations,,,,,,,,False
VTIQ,VectoIQ Acquisition Corp II Class A, Acquisition, Acquisition,,,,,,,,False
VTIQU,VectoIQ Acquisition Corp II Unit, Acquisition, Acquisition,,,,,,,,False
VTIQW,VectoIQ Acquisition Corp II Warrant, Acquisition, Acquisition,,,,,,,,False
VTN,Invesco Trust for Investment Grade New York Municipals,Finance,Finance Companies,,,,,,,,False
VTNR,Vertex Energy,Energy,Oilfield Services/Equipment,,,,,,,,False
VTOL,Bristow Group,Energy,Metal Fabrications,,,,,,,,False
VTR,Ventas,Consumer Services,Real Estate Investment Trusts,,,,,,,,False
VTRS,Viatris,Consumer Durables,Specialty Chemicals,,,,,,,,False
VTRU,Vitru Limited Common Shares,Consumer Services,Other Consumer Services,,,,,,,,False
VTSI,VirTra,Capital Goods,Military/Government/Technical,,,,,,,,False
VTVT,vTv Therapeutics Class A,Health Care,Biotechnology: Pharmaceutical Preparations,,,,,,,,False
VTYX,Ventyx Biosciences,Consumer Durables,Specialty Chemicals,,,,,,,,False
VUZI,Vuzix Corporation,Capital Goods,Industrial Machinery/Components,,,,,,,,False
VVI,Viad Corp,Miscellaneous,Business Services,,,,,,,,False
VVNT,Vivint Smart Home ,Miscellaneous,Diversified Manufacture,,,,,,,,False
VVOS,Vivos Therapeutics,Health Care,Medical Specialities,,,,,,,,False
VVPR,VivoPower International PLC Ordinary Shares, Acquisition, Acquisition,,,,,,,,False
VVR,Invesco Seniorome Trust (DE),Finance,Trusts Except Educational Religious and Charitable,,,,,,,,False
VVV,Valvoline,Basic Industries,Automotive Aftermarket,,,,,,,,False
VWE,Vintage Wine Estates,Consumer Non-Durables,Beverages (Production/Distribution),,,,,,,,False
VWTR,Vidler Water Resources,Public Utilities,Water Supply,,,,,,,,False
VXRT,Vaxart,Health Care,Biotechnology: Biological Products (No Diagnostic Substances),,,,,,,,False
VYGG,Vy Global Growth Class A Ordinary Shares,Finance,Business Services,,,,,,,,False
VYGR,Voyager Therapeutics,Health Care,Biotechnology: Pharmaceutical Preparations,,,,,,,,False
VYNE,VYNE Therapeutics,Health Care,Biotechnology: Pharmaceutical Preparations,,,,,,,,False
VYNT,Vyant Bio,Health Care,Biotechnology: Pharmaceutical Preparations,,,,,,,,False
VZ,Verizon Communications,Public Utilities,Telecommunications Equipment,,,,,,,,False
VZIO,VIZIO Holding Corp Class A,Consumer Non-Durables,Consumer Electronics/Appliances,,,,,,,,False
W,Wayfair Class A,Consumer Services,Catalog/Specialty Distribution,,,,,,,,False
WAB,Westinghouse Air Brake Technologies Corporation,Capital Goods,Railroads,,,,,,,,False
WABC,Westamerica Bancorporation,Finance,Major Banks,,,,,,,,False
WAFD,Washington Federal,Finance,Major Banks,,,,,,,,False
WAFDP,Washington Federal Depositary Shares,Finance,Major Banks,,,,,,,,False
WAFU,Wah Fu Education Group Limited Ordinary Shares,Consumer Services,Other Consumer Services,,,,,,,,False
WAL,Western Alliance Bancorporation (DE),Finance,Major Banks,,,,,,,,False
WALD,Waldencast Acquisition Corp Class A Ordinary Share,Finance,Business Services,,,,,,,,False
WALDU,Waldencast Acquisition Corp Units,Finance,Business Services,,,,,,,,False
WALDW,Waldencast Acquisition Corp Warrant ,Finance,Business Services,,,,,,,,False
WARR,Warrior Technologies Acquisition Company Class A, Acquisition, Acquisition,,,,,,,,False
WASH,Washington Trust Bancorp,Finance,Major Banks,,,,,,,,False
WAT,Waters Corporation,Health Care,Medical Specialities,,,,,,,,False
WATT,Energous Corporation,Capital Goods,Industrial Machinery/Components,,,,,,,,False
WAVD,WaveDancer,Technology,EDP Services,,,,,,,,False
WAVE,Eco Wave Power Global AB (publ) American Depositary Shares, Acquisition, Acquisition,,,,,,,,False
WAVSU,Western Acquisition Ventures Corp Unit, Acquisition, Acquisition,,,,,,,,False
WB,Weibo Corporation American Depositary Share,Technology,Internet and Information Services,,,,,,,,False
WBA,Walgreens Boots Alliance,Health Care,Medical/Nursing Services,,,,,,,,False
WBEV,Winc,Consumer Non-Durables,Beverages (Production/Distribution),,,,,,,,False
WBS,Webster Financial Corporation,Finance,Major Banks,,,,,,,,False
WBT,Welbilt,Capital Goods,Diversified Manufacture,,,,,,,,False
WBX,Wallbox NV Class A Ordinary Shares, Acquisition, Acquisition,,,,,,,,False
WCC,WESCO International,Consumer Non-Durables,Telecommunications Equipment,,,,,,,,False
WCN,Waste Connections Common Shares,Public Utilities,Power Generation,,,,,,,,False
WD,Walker & Dunlop,Finance,Finance: Consumer Services,,,,,,,,False
WDAY,Workday Class A,Technology,Computer Software: Prepackaged Software,,,,,,,,False
WDC,Western Digital,Technology,Electronic Components,,,,,,,,False
WDFC,WD-40 Company,Basic Industries,Industrial Specialties,,,,,,,,False
WDH,Waterdrop American Depositary Shares (each representing the right to receive 10 Class A Ordinary Shares), Acquisition, Acquisition,,,,,,,,False
WDI,Western Asset Diversifiedome Fund Common Shares of Beneficial Interest, Acquisition, Acquisition,,,,,,,,False
WE,WeWork Class A,Consumer Services,Real Estate,,,,,,,,False
WEA,Western Asset Bond Fund Share of Beneficial Interest,Finance,Trusts Except Educational Religious and Charitable,,,,,,,,False
WEAV,Weave Communications,Technology,EDP Services,,,,,,,,False
WEBR,Weber Class A,Consumer Durables,Building Products,,,,,,,,False
WEC,WEC Energy Group,Public Utilities,Power Generation,,,,,,,,False
WEI,Weidai Ltd American depositary shares each  representing one (1) Class A ordinary share,Finance,Finance: Consumer Services,,,,,,,,False
WEJO,Wejo Group Limited Common Shares, Acquisition, Acquisition,,,,,,,,False
WELL,Welltower,Consumer Services,Real Estate Investment Trusts,,,,,,,,False
WEN,Wendy's Company (The),Consumer Services,Restaurants,,,,,,,,False
WERN,Werner Enterprises,Transportation,Trucking Freight/Courier Services,,,,,,,,False
WES,Western Midstream Partners LP Common Units Representing Limited Partner Interests,Energy,Oilfield Services/Equipment,,,,,,,,False
WETF,WisdomTree Investments,Finance,Investment Managers,,,,,,,,False
WEX,WEX,Technology,EDP Services,,,,,,,,False
WEYS,Weyco Group,Consumer Non-Durables,Shoe Manufacturing,,,,,,,,False
WF,Woori Financial Group American Depositary Shares (each representing three (3) shares of),Finance,Commercial Banks,,,,,,,,False
WFC,Wells Fargo & Company,Finance,Major Banks,,,,,,,,False
WFCF,Where Food Comes From,Technology,Computer Software: Prepackaged Software,,,,,,,,False
WFG,West Fraser Timber Co Ltd, Acquisition, Acquisition,,,,,,,,False
WFRD,Weatherford International plc Ordinary Shares,Energy,Metal Fabrications,,,,,,,,False
WGO,Winnebago Industries,Consumer Non-Durables,Homebuilding,,,,,,,,False
WH,Wyndham Hotels & Resorts ,Consumer Services,Hotels/Resorts,,,,,,,,False
WHD,Cactus Class A,Energy,Metal Fabrications,,,,,,,,False
WHF,WhiteHorse Finance,Finance,Finance Companies,,,,,,,,False
WHG,Westwood Holdings Group, Acquisition, Acquisition,,,,,,,,False
WHLM,Wilhelmina International,Miscellaneous,Business Services,,,,,,,,False
WHLR,Wheeler Real Estate Investment Trust,Consumer Services,Real Estate Investment Trusts,,,,,,,,False
WHLRD,Wheeler Real Estate Investment Trust Series D Cumulative Preferred Stock,Consumer Services,Real Estate Investment Trusts,,,,,,,,False
WHLRP,Wheeler Real Estate Investment Trust Class B Preferred Stock,Consumer Services,Real Estate Investment Trusts,,,,,,,,False
WHR,Whirlpool Corporation,Consumer Durables,Consumer Electronics/Appliances,,,,,,,,False
WIA,Western Asset Inflation-Linkedome Fund,Finance,Trusts Except Educational Religious and Charitable,,,,,,,,False
WILC,G Willi-Food International  Ltd Ordinary Shares,Consumer Non-Durables,Food Distributors,,,,,,,,False
WIMI,WiMi Hologram Cloud American Depositary Share,Technology,Computer Software: Prepackaged Software,,,,,,,,False
WINA,Winmark Corporation,Miscellaneous,Diversified Commercial Services,,,,,,,,False
WING,Wingstop,Consumer Services,Restaurants,,,,,,,,False
WINT,Windtree Therapeutics,Health Care,Biotechnology: Biological Products (No Diagnostic Substances),,,,,,,,False
WINV,WinVest Acquisition Corp, Acquisition, Acquisition,,,,,,,,False
WINVU,WinVest Acquisition Corp Unit, Acquisition, Acquisition,,,,,,,,False
WIRE,Encore Wire Corporation,Basic Industries,Metal Fabrications,,,,,,,,False
WISA,Summit Wireless Technologies,Technology,Electronic Components,,,,,,,,False
WISH,ContextLogic Class A,Capital Goods,Recreational Products/Toys,,,,,,,,False
WIT,Wipro Limited,Technology,EDP Services,,,,,,,,False
WIW,Western Asset Inflation-Linked Opportunities &ome Fund,Finance,Finance Companies,,,,,,,,False
WIX,Wixcom Ltd Ordinary Shares,Technology,EDP Services,,,,,,,,False
WK,Workiva Class A,Technology,Computer Software: Prepackaged Software,,,,,,,,False
WKEY,WISeKey International Holding AG American Depositary Shares,Technology,EDP Services,,,,,,,,False
WKHS,Workhorse Group,Capital Goods,Auto Manufacturing,,,,,,,,False
WKME,WalkMe Ltd Ordinary Shares, Acquisition, Acquisition,,,,,,,,False
WKSP,Worksport Ltd,Capital Goods,Auto Parts:OEM,,,,,,,,False
WLDN,Willdan Group,Consumer Services,Military/Government/Technical,,,,,,,,False
WLFC,Willis Lease Finance Corporation,Capital Goods,Aerospace,,,,,,,,False
WLK,Westlake Chemical Corporation,Basic Industries,Major Chemicals,,,,,,,,False
WLKP,Westlake Chemical Partners LP Common Units representing limited partner interests,Basic Industries,Major Chemicals,,,,,,,,False
WLL,Whiting Petroleum Corporation (New),Energy,Oil & Gas Production,,,,,,,,False
WLMS,Williams Industrial Services Group,Capital Goods,Engineering & Construction,,,,,,,,False
WM,Waste Management,Public Utilities,Environmental Services,,,,,,,,False
WMB,Williams Companies (The),Public Utilities,Natural Gas Distribution,,,,,,,,False
WMC,Western Asset Mortgage Capital Corporation,Consumer Services,Real Estate Investment Trusts,,,,,,,,False
WMG,Warner Music Group Corp Class A,Consumer Services,Movies/Entertainment,,,,,,,,False
WMK,Weis Markets,Consumer Services,Food Chains,,,,,,,,False
WMPN,William Penn Bancorporation,Finance,Savings Institutions,,,,,,,,False
WMS,Advanced Drainage Systems,Capital Goods,Building Products,,,,,,,,False
WMT,Walmart,Consumer Services,Department/Specialty Retail Stores,,,,,,,,False
WNC,Wabash National Corporation,Capital Goods,Construction/Ag Equipment/Trucks,,,,,,,,False
WNEB,Western New England Bancorp,Finance,Savings Institutions,,,,,,,,False
WNS,WNS (Holdings) Limited Sponsored ADR (Jersey),Miscellaneous,Business Services,,,,,,,,False
WNW,Meiwu Technology Company Limited Ordinary Shares,Consumer Services,Catalog/Specialty Distribution,,,,,,,,False
WOLF,Wolfspeed,Technology,Semiconductors,,,,,,,,False
WOOF,Petco Health and Wellness Company Class A,Miscellaneous,Diversified Commercial Services,,,,,,,,False
WOR,Worthington Industries,Consumer Durables,Aerospace,,,,,,,,False
WORX,SCWorx Corp,Health Care,Managed Health Care,,,,,,,,False
WOW,WideOpenWest,Consumer Services,Television Services,,,,,,,,False
WPC,W P Carey REIT,Consumer Services,Real Estate Investment Trusts,,,,,,,,False
WPCA,Warburg Pincus Capital Corporation IA Class A Ordinary Shares, Acquisition, Acquisition,,,,,,,,False
WPCB,Warburg Pincus Capital Corporation IB Class A Ordinary Shares, Acquisition, Acquisition,,,,,,,,False
WPM,Wheaton Precious Metals Corp Common Shares (Canada), Acquisition, Acquisition,,,,,,,,False
WPP,WPP plc American Depositary Shares, Acquisition, Acquisition,,,,,,,,False
WPRT,Westport Fuel Systems Common Shares,Capital Goods,Multi-Sector Companies,,,,,,,,False
WQGA,World Quantum Growth Acquisition Corp Class A Ordinary Shares, Acquisition, Acquisition,,,,,,,,False
WRAC,Williams Rowland Acquisition Corp, Acquisition, Acquisition,,,,,,,,False
WRAP,Wrap Technologies,Capital Goods,Industrial Machinery/Components,,,,,,,,False
WRB,WR Berkley Corporation,Finance,Property-Casualty Insurers,,,,,,,,False
WRBY,Warby Parker Class A,Health Care,Ophthalmic Goods,,,,,,,,False
WRE,Washington Real Estate Investment Trust,Consumer Services,Real Estate Investment Trusts,,,,,,,,False
WRK,Westrock Company, Acquisition, Acquisition,,,,,,,,False
WRLD,World Acceptance Corporation,Finance,Finance: Consumer Services,,,,,,,,False
WRN,Western Copper and Gold Corporation, Acquisition, Acquisition,,,,,,,,False
WSBC,WesBanco,Finance,Major Banks,,,,,,,,False
WSBCP,WesBanco Depositary Shares Each Representing a 1/40th Interest in a Share of 675% Fixed-Rate Reset Non-Cumulative Perpetual Preferred Stock Series A,Finance,Major Banks,,,,,,,,False
WSBF,Waterstone Financial (MD),Finance,Savings Institutions,,,,,,,,False
WSC,WillScot Mobile Mini Holdings Corp Class A,Technology,Diversified Commercial Services,,,,,,,,False
WSFS,WSFS Financial Corporation,Finance,Major Banks,,,,,,,,False
WSM,Williams-Sonoma (DE),Consumer Services,Other Specialty Stores,,,,,,,,False
WSO,Watsco,Capital Goods,Wholesale Distributors,,,,,,,,False
WSR,Whitestone REIT Common Shares,Consumer Services,Real Estate Investment Trusts,,,,,,,,False
WST,West Pharmaceutical Services,Health Care,Medical/Dental Instruments,,,,,,,,False
WSTG,Wayside Technology Group,Technology,Retail: Computer Software & Peripheral Equipment,,,,,,,,False
WTBA,West Bancorporation,Finance,Major Banks,,,,,,,,False
WTER,The Alkaline Water Company,Consumer Non-Durables,Beverages (Production/Distribution),,,,,,,,False
WTFC,Wintrust Financial Corporation,Finance,Major Banks,,,,,,,,False
WTFCM,Wintrust Financial Corporation Fixed-to-Floating Rate Non-Cumulative Perpetual Preferred Stock Series D,Finance,Major Banks,,,,,,,,False
WTFCP,Wintrust Financial Corporation Depositary Shares Each Representing a 1/1000th Interest in a Share of 6875% Fixed-Rate Reset Non-Cumulative Perpetual Preferred Stock Series E,Finance,Major Banks,,,,,,,,False
WTI,W&T Offshore,Energy,Oil & Gas Production,,,,,,,,False
WTM,White Mountains Insurance Group Ltd,Finance,Property-Casualty Insurers,,,,,,,,False
WTMAU,Welsbach Technology Metals Acquisition Corp Unit, Acquisition, Acquisition,,,,,,,,False
WTRG,Essential Utilities,Public Utilities,Water Supply,,,,,,,,False
WTRH,Waitr Holdings,Technology,Computer Software: Prepackaged Software,,,,,,,,False
WTS,Watts Water Technologies Class A,Capital Goods,Office Equipment/Supplies/Services,,,,,,,,False
WTT,Wireless Telecom Group ,Capital Goods,Telecommunications Equipment,,,,,,,,False
WTTR,Select Energy Services Class A,Energy,Oil & Gas Production,,,,,,,,False
WTW,Willis Towers Watson Public Limited Company Ordinary Shares,Finance,Specialty Insurers,,,,,,,,False
WU,Western Union Company (The),Miscellaneous,Business Services,,,,,,,,False
WULF,TeraWulf,Finance,Investment Bankers/Brokers/Service,,,,,,,,False
WVE,Wave Life Sciences Ltd Ordinary Shares,Health Care,Biotechnology: Pharmaceutical Preparations,,,,,,,,False
WVFC,WVS Financial Corp,Finance,Banks,,,,,,,,False
WVVI,Willamette Valley Vineyards,Consumer Non-Durables,Beverages (Production/Distribution),,,,,,,,False
WVVIP,Willamette Valley Vineyards Series A Redeemable Preferred Stock,Consumer Non-Durables,Beverages (Production/Distribution),,,,,,,,False
WW,WW International,Miscellaneous,Other Consumer Services,,,,,,,,False
WWAC,Worldwide Webb Acquisition Corp Class A Ordinary Share, Acquisition, Acquisition,,,,,,,,False
WWACU,Worldwide Webb Acquisition Corp Unit, Acquisition, Acquisition,,,,,,,,False
WWD,Woodward,Capital Goods,Military/Government/Technical,,,,,,,,False
WWE,World Wrestling Entertainment Class A,Consumer Services,Movies/Entertainment,,,,,,,,False
WWR,Westwater Resources,Basic Industries,Other Metals and Minerals,,,,,,,,False
WWW,Wolverine World Wide,Consumer Non-Durables,Shoe Manufacturing,,,,,,,,False
WY,Weyerhaeuser Company,Consumer Services,Real Estate Investment Trusts,,,,,,,,False
WYNN,Wynn Resorts Limited,Consumer Services,Hotels/Resorts,,,,,,,,False
WYY,WidePoint Corporation,Technology,EDP Services,,,,,,,,False
X,United States Steel Corporation,Basic Industries,Steel/Iron Ore,,,,,,,,False
XAIR,Beyond Air, Acquisition, Acquisition,,,,,,,,False
XBIO,Xenetic Biosciences,Health Care,Biotechnology: Pharmaceutical Preparations,,,,,,,,False
XBIOW,Xenetic Biosciences Warrants,Health Care,Biotechnology: Pharmaceutical Preparations,,,,,,,,False
XBIT,XBiotech, Acquisition, Acquisition,,,,,,,,False
XCUR,Exicure,Health Care,Biotechnology: Pharmaceutical Preparations,,,,,,,,False
XEL,Xcel Energy,Public Utilities,Power Generation,,,,,,,,False
XELA,Exela Technologies,Technology,Retail: Computer Software & Peripheral Equipment,,,,,,,,False
XELB,Xcel Brands,Basic Industries,Industrial Specialties,,,,,,,,False
XENE,Xenon Pharmaceuticals Common Shares, Acquisition, Acquisition,,,,,,,,False
XENT,Intersect ENT,Health Care,Medical/Dental Instruments,,,,,,,,False
XERS,Xeris Biopharma Holdings,Health Care,Biotechnology: Pharmaceutical Preparations,,,,,,,,False
XFIN,ExcelFin Acquisition Corp Class A, Acquisition, Acquisition,,,,,,,,False
XFINU,ExcelFin Acquisition Corp Unit, Acquisition, Acquisition,,,,,,,,False
XFLT,XAI Octagon Floating Rate & Alternativeome Term Trust Common Shares of Beneficial Interest,Finance,Investment Managers,,,,,,,,False
XFOR,X4 Pharmaceuticals,Health Care,Biotechnology: Biological Products (No Diagnostic Substances),,,,,,,,False
XGN,Exagen,Health Care,Medical Specialities,,,,,,,,False
XHR,Xenia Hotels & Resorts,Consumer Services,Real Estate Investment Trusts,,,,,,,,False
XIN,Xinyuan Real Estate Co Ltd American Depositary Shares,Capital Goods,Homebuilding,,,,,,,,False
XL,XL Fleet Corp Class A,Capital Goods,Automotive Aftermarket,,,,,,,,False
XLO,Xilio Therapeutics,Health Care,Biotechnology: Pharmaceutical Preparations,,,,,,,,False
XM,Qualtrics International Class A,Technology,Computer Software: Prepackaged Software,,,,,,,,False
XMTR,Xometry Class A,Technology,Industrial Machinery/Components,,,,,,,,False
XNCR,Xencor,Health Care,Biotechnology: Pharmaceutical Preparations,,,,,,,,False
XNET,Xunlei Limited American Depositary Shares,Technology,Computer Software: Prepackaged Software,,,,,,,,False
XOM,Exxon Mobil Corporation,Energy,Oil & Gas Production,,,,,,,,False
XOMA,XOMA Corporation,Health Care,Biotechnology: Pharmaceutical Preparations,,,,,,,,False
XOMAO,XOMA Corporation Depositary Shares Rep Series B 8375% Cumulative Preferred Stock,Health Care,Biotechnology: Pharmaceutical Preparations,,,,,,,,False
XOMAP,XOMA Corporation 8625% Series A Cumulative Perpetual Preferred Stock,Health Care,Biotechnology: Pharmaceutical Preparations,,,,,,,,False
XOS,Xos,Capital Goods,Construction/Ag Equipment/Trucks,,,,,,,,False
XP,XP Class A,Finance,Investment Bankers/Brokers/Service,,,,,,,,False
XPAX,XPAC Acquisition Corp Class A Ordinary Shares, Acquisition, Acquisition,,,,,,,,False
XPAXU,XPAC Acquisition Corp Unit, Acquisition, Acquisition,,,,,,,,False
XPDBU,Power & Digital Infrastructure Acquisition II Corp Unit, Acquisition, Acquisition,,,,,,,,False
XPEL,XPEL,Capital Goods,Auto Parts:OEM,,,,,,,,False
XPER,Xperi Holding Corporation,Technology,Semiconductors,,,,,,,,False
XPEV,XPeng American depositary shares each representing two Class A ordinary shares,Capital Goods,Auto Manufacturing,,,,,,,,False
XPL,Solitario Zinc Corp,Basic Industries,Metal Mining,,,,,,,,False
XPO,XPO Logistics,Transportation,Oil Refining/Marketing,,,,,,,,False
XPOA,DPCM Capital Class A, Acquisition, Acquisition,,,,,,,,False
XPOF,Xponential Fitness Class A,Consumer Services,Other Consumer Services,,,,,,,,False
XPRO,Expro Group Holdings NV,Energy,Oilfield Services/Equipment,,,,,,,,False
XRAY,DENTSPLY SIRONA,Health Care,Medical/Dental Instruments,,,,,,,,False
XRTX,XORTX Therapeutics, Acquisition, Acquisition,,,,,,,,False
XRX,Xerox Holdings Corporation,Technology,EDP Services,,,,,,,,False
XSPA,XpresSpa Group,Miscellaneous,Other Consumer Services,,,,,,,,False
XTLB,XTL Biopharmaceuticals Ltd American Depositary Shares,Health Care,Biotechnology: Pharmaceutical Preparations,,,,,,,,False
XTNT,Xtant Medical Holdings,Health Care,Medical Specialities,,,,,,,,False
XXII,22nd Century Group, Acquisition, Acquisition,,,,,,,,False
XYF,X Financial American Depositary Shares each representing six Class A Ordinary Shares,Finance,Finance: Consumer Services,,,,,,,,False
XYL,Xylem New,Capital Goods,Fluid Controls,,,,,,,,False
Y,Alleghany Corporation,Finance,Property-Casualty Insurers,,,,,,,,False
YALA,Yalla Group Limited American Depositary Shares each representing one Class A Ordinary Share,Technology,Computer Software: Programming Data Processing,,,,,,,,False
YCBD,cbdMD,Health Care,Biotechnology: Pharmaceutical Preparations,,,,,,,,False
YELL,Yellow Corporation,Transportation,Trucking Freight/Courier Services,,,,,,,,False
YELP,Yelp,Technology,Internet and Information Services,,,,,,,,False
YETI,YETI Holdings,Consumer Services,Movies/Entertainment,,,,,,,,False
YEXT,Yext,Technology,EDP Services,,,,,,,,False
YGMZ,MingZhu Logistics Holdings Limited Ordinary Shares,Consumer Services,Transportation Services,,,,,,,,False
YI,111 American Depositary Shares,Health Care,Medical/Nursing Services,,,,,,,,False
YJ,Yunji American Depository Shares,Consumer Services,Other Specialty Stores,,,,,,,,False
YMAB,Y-mAbs Therapeutics,Health Care,Biotechnology: Pharmaceutical Preparations,,,,,,,,False
YMM,Full Truck Alliance Co Ltd American Depositary Shares (each representing 20 Class A Ordinary Shares), Acquisition, Acquisition,,,,,,,,False
YMTX,Yumanity Therapeutics,Health Care,Biotechnology: Pharmaceutical Preparations,,,,,,,,False
YNDX,Yandex NV Class A Ordinary Shares,Technology,Internet and Information Services,,,,,,,,False
YORW,York Water Company (The),Public Utilities,Water Supply,,,,,,,,False
YOU,Clear Secure Class A,Technology,Computer Software: Prepackaged Software,,,,,,,,False
YPF,YPF Sociedad Anonima,Energy,Integrated oil Companies,,,,,,,,False
YQ,17 Education & Technology Group American Depositary Shares,Consumer Services,Other Consumer Services,,,,,,,,False
YRD,Yiren Digital Ltd American Depositary Shares each representing two ordinary shares,Technology,Internet and Information Services,,,,,,,,False
YSG,Yatsen Holding Limited American Depositary Shares each representing four Class A ordinary shares,Consumer Non-Durables,Package Goods/Cosmetics,,,,,,,,False
YTEN,Yield10 Bioscience, Acquisition, Acquisition,,,,,,,,False
YTPG,TPG Pace Beneficial II Corp Class A Ordinary Shares,Finance,Business Services,,,,,,,,False
YTRA,Yatra Online, Acquisition, Acquisition,,,,,,,,False
YUM,Yum! Brands,Consumer Services,Restaurants,,,,,,,,False
YUMC,Yum China Holdings,Consumer Services,Restaurants,,,,,,,,False
YVR,Liquid Media Group Ltd Common Shares, Acquisition, Acquisition,,,,,,,,False
YY,JOYY American Depositary Shares,Technology,EDP Services,,,,,,,,False
Z,Zillow Group Class C Capital Stock,Miscellaneous,Business Services,,,,,,,,False
ZBH,Zimmer Biomet Holdings,Health Care,Industrial Specialties,,,,,,,,False
ZBRA,Zebra Technologies Corporation Class A,Technology,Computer peripheral equipment,,,,,,,,False
ZCMD,Zhongchao Class A Ordinary Shares,Consumer Services,Other Consumer Services,,,,,,,,False
ZD,Ziff Davis,Technology,Advertising,,,,,,,,False
ZDGE,Zedge Class B ,Technology,Internet and Information Services,,,,,,,,False
ZEAL,Zealand Pharma A/S American Depositary Shares,Health Care,Biotechnology: Pharmaceutical Preparations,,,,,,,,False
ZEN,Zendesk,Technology,EDP Services,,,,,,,,False
ZENV,Zenvia Class A, Acquisition, Acquisition,,,,,,,,False
ZEPP,Zepp Health Corporation American Depositary Shares,Technology,Computer Manufacturing,,,,,,,,False
ZEST,Ecoark Holdings,Energy,Oil & Gas Production,,,,,,,,False
ZETA,Zeta Global Holdings Corp Class A,Technology,EDP Services,,,,,,,,False
ZEUS,Olympic Steel,Basic Industries,Steel/Iron Ore,,,,,,,,False
ZEV,Lightning eMotors,Capital Goods,Industrial Machinery/Components,,,,,,,,False
ZG,Zillow Group Class A,Miscellaneous,Business Services,,,,,,,,False
ZGN,Ermenegildo Zegna NV Ordinary Shares, Acquisition, Acquisition,,,,,,,,False
ZH,Zhihu American Depositary Shares (every two of each representing one Class A ordinary share),Miscellaneous,Business Services,,,,,,,,False
ZI,ZoomInfo Technologies Class A,Technology,Computer Software: Prepackaged Software,,,,,,,,False
ZIM,ZIM Integrated Shipping Services Ltd Ordinary Shares,Transportation,Marine Transportation,,,,,,,,False
ZING,FTAC Zeus Acquisition Corp Class A, Acquisition, Acquisition,,,,,,,,False
ZINGU,FTAC Zeus Acquisition Corp Unit, Acquisition, Acquisition,,,,,,,,False
ZION,Zions Bancorporation NA,Finance,Major Banks,,,,,,,,False
ZIONL,Zions Bancorporation 695% Fixed-to-Floating Rate Subordinated Notes,Finance,Major Banks,,,,,,,,False
ZIONO,Zions Bancorporation NA Dep Shs Repstg 1/40th Perp Pfd Ser G,Finance,Major Banks,,,,,,,,False
ZIONP,Zions Bancorporation NA Depositary Shares (Each representing 1/40th Interest in a Share of Series A Floating-Rate Non-Cumulative Perpetual Preferred Stock),Finance,Major Banks,,,,,,,,False
ZIP,ZipRecruiter Class A,Technology,Diversified Commercial Services,,,,,,,,False
ZIVO,Zivo Bioscience,Health Care,Biotechnology: Pharmaceutical Preparations,,,,,,,,True
ZKIN,ZK International Group Co Ltd Ordinary Share,Capital Goods,Metal Fabrications,,,,,,,,False
ZLAB,Zai Lab Limited American Depositary Shares,Health Care,Biotechnology: Pharmaceutical Preparations,,,,,,,,False
ZM,Zoom Video Communications Class A,Technology,Computer Software: Prepackaged Software,,,,,,,,False
ZME,Zhangmen Education American Depositary Shares, Acquisition, Acquisition,,,,,,,,False
ZNGA,Zynga Class A,Technology,EDP Services,,,,,,,,False
ZNH,China Southern Airlines Company Limited,Transportation,Air Freight/Delivery Services,,,,,,,,False
ZNTL,Zentalis Pharmaceuticals,Consumer Durables,Specialty Chemicals,,,,,,,,False
ZOM,Zomedica Corp Common Shares, Acquisition, Acquisition,,,,,,,,False
ZS,Zscaler,Technology,EDP Services,,,,,,,,False
ZSAN,Zosano Pharma Corporation,Health Care,Biotechnology: Pharmaceutical Preparations,,,,,,,,False
ZT,Zimmer Energy Transition Acquisition Corp Class A, Acquisition, Acquisition,,,,,,,,False
ZTAQU,Zimmer Energy Transition Acquisition Corp Units, Acquisition, Acquisition,,,,,,,,False
ZTO,ZTO Express (Cayman) American Depositary Shares each representing one Class A ordinary share,Transportation,Advertising,,,,,,,,False
ZTR,Virtus Total Return Fund,Finance,Investment Managers,,,,,,,,False
ZTS,Zoetis Class A,Health Care,Biotechnology: Pharmaceutical Preparations,,,,,,,,False
ZUMZ,Zumiez, Acquisition, Acquisition,,,,,,,,False
ZUO,Zuora Class A,Technology,EDP Services,,,,,,,,False
ZVIA,Zevia PBC Class A,Consumer Non-Durables,Specialty Foods,,,,,,,,False
ZVO,Zovio,Miscellaneous,Other Consumer Services,,,,,,,,False
ZWRK,Z-Work Acquisition Corp Class A, Acquisition, Acquisition,,,,,,,,False
ZWRKU,Z-Work Acquisition Corp Units, Acquisition, Acquisition,,,,,,,,False
ZWS,Zurn Water Solutions Corporation,Public Utilities,Water Supply,,,,,,,,False
ZY,Zymergen,Basic Industries,Industrial Specialties,,,,,,,,False
ZYME,Zymeworks Common Shares, Acquisition, Acquisition,,,,,,,,False
ZYNE,Zynerba Pharmaceuticals,Health Care,Biotechnology: Pharmaceutical Preparations,,,,,,,,False
ZYXI,Zynex,Health Care,Other Pharmaceuticals,,,,,,,,False
TRUE,TrueCar, Acquisition, Acquisition,,,,,,,,False
